PLANTA,TEMPORADA,Fecha_Batch,DESCARG,TDC_POND,JUVX2,Munida_pond
Malabrigo,2019 - II,,"61,705",17.9,6.0 %,0.8
Malabrigo,2020 - I,,"129,954",17.4,2.8 %,0.0
Malabrigo,2020 - II,,0,NaN,,NaN
Malabrigo,2020 - II,12/11/20,"2,261",12.1,0.4 %,0.0
Malabrigo,2020 - II,13/11/20,"1,694",9.5,0.0 %,0.0
Malabrigo,2020 - II,14/11/20,822,9.8,0.0 %,0.0
Malabrigo,2020 - II,15/11/20,"1,384",10.2,0.0 %,0.0
Malabrigo,2020 - II,16/11/20,"2,117",12.2,0.0 %,0.0
Malabrigo,2020 - II,17/11/20,"3,372",16.9,0.0 %,0.0
Malabrigo,2020 - II,18/11/20,"1,635",14.2,0.0 %,0.3
Malabrigo,2020 - II,19/11/20,"1,351",11.1,0.0 %,0.0
Malabrigo,2020 - II,20/11/20,"1,927",12.7,0.0 %,0.1
Malabrigo,2020 - II,21/11/20,"1,682",11.8,0.0 %,0.4
Malabrigo,2020 - II,22/11/20,"3,874",15.6,0.8 %,0.0
Malabrigo,2020 - II,23/11/20,"3,332",16.6,1.3 %,0.0
Malabrigo,2020 - II,24/11/20,"2,955",22.2,0.0 %,0.0
Malabrigo,2020 - II,25/11/20,"3,306",19.0,1.8 %,0.0
Malabrigo,2020 - II,26/11/20,"1,998",17.9,0.0 %,0.1
Malabrigo,2020 - II,27/11/20,"4,211",15.5,0.0 %,0.1
Malabrigo,2020 - II,28/11/20,"2,104",15.9,1.1 %,0.0
Malabrigo,2020 - II,29/11/20,"2,226",17.0,0.5 %,0.0
Malabrigo,2020 - II,30/11/20,"2,376",18.5,4.4 %,0.0
Malabrigo,2020 - II,1/12/20,"2,350",14.2,0.0 %,0.0
Malabrigo,2020 - II,2/12/20,"3,084",25.3,1.1 %,4.3
Malabrigo,2020 - II,4/12/20,938,30.1,0.0 %,0.0
Malabrigo,2020 - II,5/12/20,336,13.0,0.0 %,0.4
Malabrigo,2020 - II,6/12/20,"3,552",16.5,1.3 %,1.6
Malabrigo,2020 - II,7/12/20,"3,916",15.8,0.0 %,0.2
Malabrigo,2020 - II,8/12/20,"3,227",18.1,0.0 %,1.6
Malabrigo,2020 - II,9/12/20,"2,608",18.9,0.0 %,0.0
Malabrigo,2020 - II,10/12/20,"3,569",19.7,0.0 %,0.0
Malabrigo,2020 - II,11/12/20,"1,453",19.3,0.2 %,0.5
Malabrigo,2020 - II,12/12/20,"3,201",16.8,0.0 %,0.0
Malabrigo,2020 - II,13/12/20,"3,262",14.3,0.0 %,0.0
Malabrigo,2020 - II,14/12/20,"4,316",23.4,0.2 %,0.5
Malabrigo,2020 - II,15/12/20,"1,699",28.4,0.0 %,0.0
Malabrigo,2020 - II,17/12/20,"2,721",12.8,0.0 %,0.1
Malabrigo,2020 - II,18/12/20,"2,645",12.6,0.6 %,0.4
Malabrigo,2020 - II,19/12/20,"2,734",13.7,0.0 %,0.4
Malabrigo,2020 - II,20/12/20,"2,686",12.4,0.3 %,0.7
Malabrigo,2020 - II,21/12/20,"1,138",8.7,0.0 %,0.3
Malabrigo,2020 - II,22/12/20,"3,060",15.0,0.0 %,2.2
Malabrigo,2020 - II,23/12/20,"2,961",18.2,0.4 %,3.9
Malabrigo,2020 - II,24/12/20,"2,844",14.9,0.2 %,1.8
Malabrigo,2020 - II,25/12/20,"1,184",11.6,1.3 %,2.7
Malabrigo,2020 - II,26/12/20,"3,905",18.1,0.2 %,0.6
Malabrigo,2020 - II,27/12/20,"3,270",15.9,0.0 %,1.8
Malabrigo,2020 - II,28/12/20,"2,710",15.5,0.0 %,0.2
Malabrigo,2020 - II,29/12/20,"3,204",16.9,0.0 %,8.7
Malabrigo,2020 - II,30/12/20,"2,763",15.6,0.4 %,5.9
Malabrigo,2020 - II,31/12/20,"2,426",15.5,1.7 %,1.5
Malabrigo,2020 - II,1/01/21,"2,997",20.8,0.0 %,0.8
Malabrigo,2020 - II,2/01/21,"2,550",21.8,0.1 %,9.3
Malabrigo,2020 - II,3/01/21,"3,958",17.2,0.0 %,0.0
Malabrigo,2020 - II,4/01/21,"1,561",13.9,0.0 %,3.8
Malabrigo,2020 - II,5/01/21,"3,774",16.4,0.0 %,1.8
Malabrigo,2020 - II,6/01/21,"2,494",16.2,0.0 %,0.9
Malabrigo,2020 - II,7/01/21,"2,546",23.6,0.0 %,3.1
Malabrigo,2020 - II,8/01/21,"3,288",27.0,0.0 %,3.9
Malabrigo,2020 - II,9/01/21,"2,755",20.5,1.4 %,1.2
Malabrigo,2020 - II,10/01/21,"2,731",25.2,0.0 %,0.8
Malabrigo,2020 - II,11/01/21,"3,500",24.2,0.0 %,2.0
Malabrigo,2020 - II,12/01/21,806,28.9,0.0 %,8.7
Malabrigo,2020 - II,16/01/21,592,11.4,0.5 %,0.8
Malabrigo,2020 - II,17/01/21,"1,192",20.8,5.1 %,15.0
Malabrigo,2020 - II,18/01/21,931,14.4,0.0 %,1.9
Malabrigo,2020 - II,19/01/21,97,10.3,0.0 %,0.0
Malabrigo,2020 - II,20/01/21,231,10.1,0.0 %,0.0
Malabrigo,2020 - II,21/01/21,45,8.8,0.0 %,0.0
Malabrigo,2020 - II,22/01/21,167,14.2,9.3 %,5.4
Malabrigo,2021 - I,27/04/21,489,9.4,16.9 %,0.0
Malabrigo,2021 - I,28/04/21,"2,230",11.9,11.6 %,0.0
Malabrigo,2021 - I,29/04/21,999,16.9,11.8 %,0.0
Malabrigo,2021 - I,30/04/21,736,11.3,26.4 %,0.0
Malabrigo,2021 - I,1/05/21,"1,248",11.7,19.4 %,0.0
Malabrigo,2021 - I,2/05/21,"2,074",17.3,7.1 %,3.8
Malabrigo,2021 - I,3/05/21,"1,388",22.2,0.0 %,3.5
Malabrigo,2021 - I,4/05/21,"3,170",15.5,2.0 %,0.0
Malabrigo,2021 - I,5/05/21,"3,812",17.0,2.6 %,4.4
Malabrigo,2021 - I,6/05/21,"2,368",14.1,7.6 %,3.3
Malabrigo,2021 - I,7/05/21,"3,624",15.3,7.3 %,0.1
Malabrigo,2021 - I,8/05/21,"2,403",19.2,6.0 %,0.2
Malabrigo,2021 - I,9/05/21,"2,755",20.8,5.8 %,0.2
Malabrigo,2021 - I,10/05/21,"2,111",14.9,12.5 %,0.7
Malabrigo,2021 - I,11/05/21,"2,828",25.7,14.8 %,2.9
Malabrigo,2021 - I,12/05/21,"1,584",27.5,5.8 %,9.2
Malabrigo,2021 - I,13/05/21,"2,216",13.5,0.9 %,0.3
Malabrigo,2021 - I,14/05/21,"3,375",18.3,2.6 %,0.0
Malabrigo,2021 - I,22/05/21,713,6.6,30.8 %,0.7
Malabrigo,2021 - I,24/05/21,"1,424",20.0,7.4 %,0.3
Malabrigo,2021 - I,25/05/21,"2,370",16.1,5.7 %,0.4
Malabrigo,2021 - I,26/05/21,"2,796",25.2,8.8 %,0.0
Malabrigo,2021 - I,27/05/21,"3,274",16.3,16.0 %,0.0
Malabrigo,2021 - I,28/05/21,"3,907",20.3,9.8 %,0.0
Malabrigo,2021 - I,29/05/21,"3,761",21.1,34.9 %,0.0
Malabrigo,2021 - I,30/05/21,322,11.8,33.1 %,0.0
Malabrigo,2021 - I,31/05/21,"2,688",12.2,20.3 %,0.0
Malabrigo,2021 - I,1/06/21,"1,635",25.2,14.7 %,0.0
Malabrigo,2021 - I,3/06/21,"1,699",13.0,14.9 %,0.0
Malabrigo,2021 - I,4/06/21,"3,921",16.0,16.2 %,0.0
Malabrigo,2021 - I,5/06/21,"2,690",19.2,15.5 %,0.0
Malabrigo,2021 - I,6/06/21,"3,462",13.8,9.3 %,0.0
Malabrigo,2021 - I,7/06/21,"3,473",15.8,18.8 %,0.0
Malabrigo,2021 - I,8/06/21,"3,743",16.1,12.2 %,0.0
Malabrigo,2021 - I,9/06/21,"1,904",24.0,19.3 %,0.1
Malabrigo,2021 - I,10/06/21,"1,872",15.9,21.4 %,0.0
Malabrigo,2021 - I,12/06/21,626,29.4,4.6 %,0.0
Malabrigo,2021 - I,13/06/21,"3,009",12.7,4.4 %,0.0
Malabrigo,2021 - I,14/06/21,"2,971",15.7,8.6 %,0.0
Malabrigo,2021 - I,15/06/21,"2,872",20.0,13.5 %,0.0
Malabrigo,2021 - I,16/06/21,"3,225",14.7,7.3 %,0.0
Malabrigo,2021 - I,17/06/21,"3,241",17.1,14.9 %,0.0
Malabrigo,2021 - I,18/06/21,"3,488",23.5,20.8 %,0.0
Malabrigo,2021 - I,19/06/21,"1,462",19.1,39.4 %,0.0
Malabrigo,2021 - I,21/06/21,"2,443",52.0,33.1 %,0.0
Malabrigo,2021 - I,23/06/21,"1,012",31.6,12.8 %,0.0
Malabrigo,2021 - I,24/06/21,"2,242",20.0,15.1 %,0.0
Malabrigo,2021 - I,25/06/21,832,16.4,6.2 %,0.8
Malabrigo,2021 - I,27/06/21,"2,058",17.9,14.8 %,0.0
Malabrigo,2021 - I,28/06/21,"3,040",24.4,6.1 %,0.5
Malabrigo,2021 - I,29/06/21,"1,904",16.1,2.7 %,0.0
Malabrigo,2021 - I,30/06/21,519,11.7,3.9 %,0.0
Malabrigo,2021 - I,1/07/21,974,28.3,2.7 %,1.5
Malabrigo,2021 - I,3/07/21,"1,515",15.0,0.0 %,0.0
Malabrigo,2021 - I,5/07/21,587,26.2,0.0 %,0.0
Malabrigo,2021 - II,15/11/21,"1,735",13.0,0.0 %,0.0
Malabrigo,2021 - II,16/11/21,"1,320",11.8,9.0 %,0.0
Malabrigo,2021 - II,17/11/21,"3,940",21.9,0.3 %,0.0
Malabrigo,2021 - II,18/11/21,"3,980",17.8,2.9 %,0.0
Malabrigo,2021 - II,19/11/21,"3,378",14.6,0.3 %,0.0
Malabrigo,2021 - II,20/11/21,"2,152",15.7,1.6 %,0.0
Malabrigo,2021 - II,21/11/21,"3,052",21.2,0.0 %,0.0
Malabrigo,2021 - II,22/11/21,"1,639",23.6,3.5 %,0.0
Malabrigo,2021 - II,23/11/21,"2,166",19.8,0.4 %,0.0
Malabrigo,2021 - II,24/11/21,"3,731",14.3,8.2 %,0.0
Malabrigo,2021 - II,25/11/21,"4,033",17.4,7.0 %,0.0
Malabrigo,2021 - II,26/11/21,"3,693",17.9,6.1 %,0.0
Malabrigo,2021 - II,27/11/21,"3,169",17.5,8.2 %,0.0
Malabrigo,2021 - II,28/11/21,"2,256",18.3,0.9 %,1.4
Malabrigo,2021 - II,4/12/21,"1,439",13.4,0.1 %,0.0
Malabrigo,2021 - II,5/12/21,"2,305",20.7,3.8 %,0.0
Malabrigo,2021 - II,14/12/21,"1,257",6.5,2.6 %,0.1
Malabrigo,2021 - II,15/12/21,"3,034",12.8,1.0 %,0.0
Malabrigo,2021 - II,16/12/21,"2,325",8.3,1.9 %,0.3
Malabrigo,2021 - II,17/12/21,"3,147",9.2,0.0 %,1.4
Malabrigo,2021 - II,18/12/21,"3,459",11.5,0.3 %,0.5
Malabrigo,2021 - II,19/12/21,"4,277",15.8,1.6 %,0.9
Malabrigo,2021 - II,20/12/21,239,5.4,0.0 %,0.0
Malabrigo,2021 - II,21/12/21,933,12.6,0.0 %,0.0
Malabrigo,2021 - II,22/12/21,"1,310",11.5,0.0 %,0.0
Malabrigo,2021 - II,23/12/21,268,12.8,0.7 %,0.3
Malabrigo,2022 - I,12/05/22,142,12.6,48.9 %,0.4
Malabrigo,2022 - I,13/05/22,221,11.7,64.7 %,0.0
Malabrigo,2022 - I,15/05/22,792,18.3,29.3 %,0.0
Malabrigo,2022 - I,21/05/22,451,11.1,31.1 %,0.0
Malabrigo,2022 - I,22/05/22,439,12.0,32.1 %,4.6
Malabrigo,2022 - I,26/05/22,"3,049",20.6,14.6 %,0.0
Malabrigo,2022 - I,28/05/22,"3,969",20.4,31.4 %,1.1
Malabrigo,2022 - I,29/05/22,"2,165",11.5,37.9 %,0.8
Malabrigo,2022 - I,30/05/22,"3,089",24.6,34.4 %,0.1
Malabrigo,2022 - I,3/06/22,601,34.2,22.7 %,0.0
Malabrigo,2022 - I,4/06/22,"3,280",21.1,44.9 %,0.0
Malabrigo,2022 - I,5/06/22,"1,460",23.6,28.4 %,1.6
Malabrigo,2022 - I,6/06/22,"2,365",18.5,3.3 %,15.2
Malabrigo,2022 - I,7/06/22,"2,602",15.7,9.9 %,0.3
Malabrigo,2022 - I,8/06/22,"3,858",13.1,33.5 %,0.0
Malabrigo,2022 - I,9/06/22,"1,157",20.6,50.9 %,1.1
Malabrigo,2022 - I,10/06/22,250,9.1,69.7 %,0.0
Malabrigo,2022 - I,11/06/22,"3,923",25.2,2.0 %,2.9
Malabrigo,2022 - I,12/06/22,"1,954",14.8,9.8 %,2.5
Malabrigo,2022 - I,13/06/22,"1,109",19.2,29.4 %,4.2
Malabrigo,2022 - I,17/06/22,"3,995",19.1,32.0 %,1.9
Malabrigo,2022 - I,18/06/22,"3,920",13.7,52.5 %,0.0
Malabrigo,2022 - I,19/06/22,"1,369",6.3,78.6 %,2.4
Malabrigo,2022 - I,20/06/22,153,8.6,87.7 %,0.0
Malabrigo,2022 - I,24/06/22,630,12.6,0.0 %,0.0
Malabrigo,2022 - II,,43,5.2,1.6 %,14.9
Malabrigo,2022 - II,24/11/22,"1,269",14.6,24.5 %,2.9
Malabrigo,2022 - II,25/11/22,"1,204",12.5,9.9 %,1.8
Malabrigo,2022 - II,26/11/22,"1,612",19.8,13.3 %,5.6
Malabrigo,2022 - II,27/11/22,"4,435",11.9,30.9 %,0.1
Malabrigo,2022 - II,28/11/22,"4,119",11.7,8.9 %,0.0
Malabrigo,2022 - II,30/11/22,"2,455",17.7,26.1 %,0.0
Malabrigo,2022 - II,1/12/22,"3,410",12.7,16.3 %,0.1
Malabrigo,2022 - II,2/12/22,"1,581",25.4,4.5 %,0.0
Malabrigo,2022 - II,3/12/22,"1,220",28.9,1.0 %,0.0
Malabrigo,2022 - II,4/12/22,"4,048",10.2,9.7 %,0.0
Malabrigo,2022 - II,5/12/22,"2,558",11.4,5.7 %,0.0
Malabrigo,2022 - II,6/12/22,"4,656",13.8,6.5 %,0.4
Malabrigo,2022 - II,7/12/22,"4,170",13.2,4.8 %,0.2
Malabrigo,2022 - II,8/12/22,"2,006",14.7,5.7 %,10.2
Malabrigo,2022 - II,9/12/22,"2,165",10.8,3.3 %,2.3
Malabrigo,2022 - II,10/12/22,"4,252",16.4,6.2 %,2.4
Malabrigo,2022 - II,11/12/22,"5,040",16.2,18.2 %,0.0
Malabrigo,2022 - II,12/12/22,"3,209",14.4,17.7 %,0.0
Malabrigo,2022 - II,13/12/22,"4,384",14.6,9.8 %,0.0
Malabrigo,2022 - II,15/12/22,"3,658",25.5,23.7 %,0.0
Malabrigo,2022 - II,16/12/22,"1,294",13.5,10.2 %,0.0
Malabrigo,2022 - II,17/12/22,50,4.7,5.2 %,0.0
Malabrigo,2022 - II,18/12/22,428,5.2,2.6 %,0.0
Malabrigo,2022 - II,21/12/22,"4,186",10.3,8.4 %,0.1
Malabrigo,2022 - II,22/12/22,914,9.6,6.1 %,1.5
Malabrigo,2022 - II,23/12/22,910,9.0,8.1 %,0.3
Malabrigo,2022 - II,25/12/22,"1,221",10.4,1.7 %,0.3
Malabrigo,2022 - II,26/12/22,"1,195",7.9,1.1 %,1.1
Malabrigo,2022 - II,27/12/22,"2,075",13.1,7.3 %,0.0
Malabrigo,2022 - II,28/12/22,274,4.3,0.2 %,6.0
Malabrigo,2022 - II,29/12/22,812,7.0,3.2 %,5.2
Malabrigo,2022 - II,30/12/22,434,8.8,58.5 %,5.1
Malabrigo,2022 - II,31/12/22,"2,268",18.2,24.8 %,16.0
Malabrigo,2022 - II,1/01/23,"2,996",22.1,13.3 %,9.3
Malabrigo,2022 - II,2/01/23,"1,286",29.3,18.9 %,10.7
Malabrigo,2022 - II,3/01/23,"3,943",33.0,25.0 %,12.9
Malabrigo,2022 - II,4/01/23,"3,245",26.6,38.3 %,11.1
Malabrigo,2022 - II,5/01/23,"4,215",23.1,19.0 %,11.4
Malabrigo,2022 - II,6/01/23,770,28.4,20.3 %,10.4
Malabrigo,2022 - II,7/01/23,602,16.0,20.9 %,20.4
Malabrigo,2022 - II,8/01/23,"2,219",28.9,16.5 %,17.1
Malabrigo,2022 - II,9/01/23,460,12.9,7.9 %,9.1
Malabrigo,2022 - II,10/01/23,"2,016",28.9,36.9 %,13.4
Malabrigo,2022 - II,13/01/23,64,4.9,4.3 %,3.3
Malabrigo,2022 - II,14/01/23,"3,728",14.0,24.4 %,1.5
Malabrigo,2022 - II,15/01/23,"1,700",15.0,35.1 %,13.7
Malabrigo,2022 - II,16/01/23,"1,878",27.7,64.2 %,15.6
Malabrigo,2022 - II,19/01/23,"3,218",30.9,18.4 %,0.2
Malabrigo,2022 - II,22/01/23,"3,637",28.9,22.8 %,4.6
Malabrigo,2022 - II,23/01/23,626,39.4,37.4 %,2.5
Malabrigo,2022 - II,24/01/23,"1,603",20.5,22.6 %,0.7
Malabrigo,2022 - II,26/01/23,"3,409",29.7,20.5 %,4.3
Malabrigo,2022 - II,27/01/23,749,13.0,4.2 %,0.0
Malabrigo,2022 - II,28/01/23,273,13.8,13.5 %,0.0
Malabrigo,2022 - II,29/01/23,"2,185",16.6,8.6 %,0.5
Malabrigo,2022 - II,30/01/23,"3,079",17.1,3.1 %,2.4
Malabrigo,2022 - II,31/01/23,"2,625",29.7,22.8 %,1.6
Malabrigo,2022 - II,1/02/23,"2,052",14.5,25.0 %,4.6
Malabrigo,2022 - II,2/02/23,"2,391",20.2,20.3 %,3.1
Malabrigo,2022 - II,3/02/23,"1,166",6.3,19.6 %,0.1
Malabrigo,2022 - II,4/02/23,312,16.0,46.3 %,0.6
Malabrigo,2023 - I,3/06/23,97,8.4,83.0 %,0.0
Malabrigo,2023 - I,4/06/23,472,15.9,89.2 %,0.0
Malabrigo,2023 - I,5/06/23,"3,558",25.2,90.3 %,0.0
Malabrigo,2023 - I,4/08/23,484,8.9,69.6 %,0.4
Malabrigo,2023 - I,5/08/23,"1,797",22.9,69.7 %,0.0
Malabrigo,2023 - I,6/08/23,"2,226",24.5,79.7 %,0.0
Malabrigo,2023 - I,7/08/23,"3,828",17.0,52.1 %,0.0
Malabrigo,2023 - I,8/08/23,"2,892",24.7,48.4 %,0.0
Malabrigo,2023 - I,9/08/23,"1,647",18.6,45.2 %,0.0
Malabrigo,2023 - I,10/08/23,94,31.1,,0.0
Malabrigo,2023 - I,11/08/23,"3,120",24.4,81.3 %,0.0
Malabrigo,2023 - I,12/08/23,"2,182",24.9,68.2 %,0.0
Malabrigo,2023 - II,21/10/23,"2,309",13.4,32.8 %,0.7
Malabrigo,2023 - II,22/10/23,660,10.1,3.4 %,0.0
Malabrigo,2023 - II,23/10/23,"1,291",9.6,66.0 %,0.0
Malabrigo,2023 - II,24/10/23,"1,153",30.1,20.5 %,0.0
Malabrigo,2023 - II,26/10/23,"2,035",8.7,71.4 %,11.6
Malabrigo,2023 - II,27/10/23,551,9.0,86.6 %,51.8
Malabrigo,2023 - II,1/11/23,562,5.9,25.4 %,3.7
Malabrigo,2023 - II,2/11/23,876,5.3,40.7 %,2.7
Malabrigo,2023 - II,3/11/23,"1,974",9.1,45.8 %,2.7
Malabrigo,2023 - II,4/11/23,"1,389",10.9,45.5 %,0.9
Malabrigo,2023 - II,5/11/23,623,7.8,65.7 %,3.8
Malabrigo,2023 - II,6/11/23,477,8.7,76.4 %,20.5
Malabrigo,2023 - II,8/11/23,605,9.4,30.1 %,5.6
Malabrigo,2023 - II,9/11/23,107,7.0,43.1 %,1.9
Malabrigo,2023 - II,10/11/23,579,9.0,52.0 %,21.6
Malabrigo,2023 - II,11/11/23,367,7.7,53.8 %,0.6
Malabrigo,2023 - II,12/11/23,"1,358",6.1,60.6 %,3.9
Malabrigo,2023 - II,13/11/23,"1,622",21.6,27.8 %,0.9
Malabrigo,2023 - II,14/11/23,478,10.2,66.4 %,5.7
Malabrigo,2023 - II,15/11/23,373,4.7,67.0 %,1.1
Malabrigo,2023 - II,16/11/23,95,6.2,68.3 %,0.6
Malabrigo,2023 - II,18/11/23,843,6.7,59.4 %,17.8
Malabrigo,2023 - II,19/11/23,399,6.8,70.4 %,3.8
Malabrigo,2023 - II,20/11/23,341,9.0,64.1 %,3.7
Malabrigo,2023 - II,21/11/23,46,8.0,58.6 %,0.7
Malabrigo,2023 - II,24/11/23,455,6.5,59.1 %,5.6
Malabrigo,2023 - II,25/11/23,"1,571",9.7,59.2 %,15.4
Malabrigo,2023 - II,26/11/23,203,9.7,39.0 %,5.2
Malabrigo,2023 - II,28/11/23,98,8.4,32.9 %,5.9
Malabrigo,2023 - II,3/12/23,66,11.7,66.7 %,4.7
Malabrigo,2023 - II,4/12/23,381,5.1,67.3 %,5.8
Malabrigo,2024 - I,16/04/24,"2,710",14.4,32.5 %,0.2
Malabrigo,2024 - I,17/04/24,"3,438",17.5,44.1 %,0.0
Malabrigo,2024 - I,18/04/24,"2,051",13.6,51.6 %,0.2
Malabrigo,2024 - I,19/04/24,"3,296",14.9,65.7 %,0.2
Malabrigo,2024 - I,20/04/24,"3,361",13.3,24.6 %,0.1
Malabrigo,2024 - I,21/04/24,"3,364",13.9,59.9 %,0.0
Malabrigo,2024 - I,22/04/24,"2,413",21.0,31.4 %,0.0
Malabrigo,2024 - I,23/04/24,"3,233",16.9,34.2 %,0.0
Malabrigo,2024 - I,24/04/24,"3,679",20.4,30.7 %,0.7
Malabrigo,2024 - I,25/04/24,"2,145",16.2,30.7 %,1.0
Malabrigo,2024 - I,26/04/24,"2,499",16.3,15.6 %,0.4
Malabrigo,2024 - I,27/04/24,"2,373",14.0,11.0 %,0.7
Malabrigo,2024 - I,28/04/24,"2,803",21.6,27.6 %,0.4
Malabrigo,2024 - I,29/04/24,"1,241",15.0,31.3 %,0.7
Malabrigo,2024 - I,30/04/24,"1,042",8.5,71.7 %,1.7
Malabrigo,2024 - I,1/05/24,"2,324",13.2,32.6 %,1.0
Malabrigo,2024 - I,2/05/24,"1,065",6.7,64.0 %,0.6
Malabrigo,2024 - I,3/05/24,"2,482",11.8,26.1 %,0.7
Malabrigo,2024 - I,4/05/24,"1,592",8.4,52.2 %,0.4
Malabrigo,2024 - I,5/05/24,"3,580",13.8,6.6 %,0.5
Malabrigo,2024 - I,6/05/24,"3,699",13.5,10.9 %,0.7
Malabrigo,2024 - I,7/05/24,"2,930",14.9,6.4 %,0.3
Malabrigo,2024 - I,8/05/24,867,8.7,19.0 %,0.0
Malabrigo,2024 - I,9/05/24,"3,450",13.5,21.9 %,1.7
Malabrigo,2024 - I,10/05/24,"3,531",15.5,14.0 %,0.4
Malabrigo,2024 - I,11/05/24,"3,406",11.9,20.0 %,0.1
Malabrigo,2024 - I,12/05/24,"3,279",11.4,26.4 %,0.7
Malabrigo,2024 - I,13/05/24,"3,529",20.5,15.5 %,0.3
Malabrigo,2024 - I,14/05/24,"3,457",11.4,6.0 %,0.0
Malabrigo,2024 - I,15/05/24,"2,398",20.6,7.0 %,0.1
Malabrigo,2024 - I,16/05/24,"3,308",12.3,12.6 %,0.5
Malabrigo,2024 - I,17/05/24,"3,686",12.8,4.8 %,0.3
Malabrigo,2024 - I,18/05/24,"3,736",15.2,8.8 %,0.6
Malabrigo,2024 - I,19/05/24,"3,202",15.6,5.7 %,0.3
Malabrigo,2024 - I,21/05/24,"3,625",25.5,5.3 %,0.9
Malabrigo,2024 - I,22/05/24,"2,540",22.9,1.8 %,0.1
Malabrigo,2024 - I,23/05/24,849,28.7,3.7 %,0.8
Malabrigo,2024 - I,24/05/24,"5,538",26.4,2.0 %,5.7
Malabrigo,2024 - I,25/05/24,"2,470",19.9,3.3 %,0.4
Malabrigo,2024 - I,26/05/24,756,16.8,,0.0
Malabrigo,2024 - I,27/05/24,"2,541",20.6,12.4 %,0.6
Malabrigo,2024 - I,28/05/24,"2,961",20.2,8.8 %,0.1
Malabrigo,2024 - I,29/05/24,"2,600",17.2,32.2 %,2.7
Malabrigo,2024 - I,30/05/24,"2,406",20.2,22.6 %,1.6
Malabrigo,2024 - I,31/05/24,"1,954",18.1,24.8 %,4.6
Malabrigo,2024 - I,1/06/24,"2,485",14.6,5.5 %,5.7
Malabrigo,2024 - I,2/06/24,"1,516",18.1,11.1 %,0.9
Malabrigo,2024 - I,3/06/24,"3,531",18.1,7.0 %,0.5
Malabrigo,2024 - II,1/11/24,251,5.1,0.0 %,0.6
Malabrigo,2024 - II,2/11/24,"2,687",10.5,0.0 %,2.8
Malabrigo,2024 - II,3/11/24,578,9.7,0.2 %,0.0
Malabrigo,2024 - II,4/11/24,"1,868",11.0,0.1 %,7.6
Malabrigo,2024 - II,5/11/24,"1,365",12.1,0.0 %,0.0
Malabrigo,2024 - II,6/11/24,"1,695",14.7,0.0 %,0.0
Malabrigo,2024 - II,7/11/24,"1,009",12.2,0.0 %,0.0
Malabrigo,2024 - II,8/11/24,"2,773",13.2,0.0 %,0.0
Malabrigo,2024 - II,9/11/24,"2,536",13.4,0.0 %,1.5
Malabrigo,2024 - II,10/11/24,"1,204",11.5,0.0 %,0.0
Malabrigo,2024 - II,11/11/24,539,10.0,0.2 %,0.0
Malabrigo,2024 - II,12/11/24,493,9.2,0.0 %,0.0
Malabrigo,2024 - II,13/11/24,198,7.7,,0.0
Malabrigo,2024 - II,14/11/24,450,7.6,,0.0
Malabrigo,2024 - II,15/11/24,48,8.6,,0.0
Malabrigo,2024 - II,19/11/24,359,8.5,0.0 %,2.5
Malabrigo,2024 - II,20/11/24,467,13.2,0.0 %,0.7
Malabrigo,2024 - II,21/11/24,"2,084",13.0,0.0 %,4.7
Malabrigo,2024 - II,22/11/24,"1,898",14.2,22.2 %,21.6
Malabrigo,2024 - II,23/11/24,"1,623",20.9,15.0 %,18.3
Malabrigo,2024 - II,24/11/24,496,24.6,21.7 %,0.0
Malabrigo,2024 - II,25/11/24,274,16.2,40.3 %,0.0
Malabrigo,2024 - II,27/11/24,757,16.0,8.4 %,3.2
Malabrigo,2024 - II,28/11/24,464,8.6,0.0 %,0.0
Malabrigo,2024 - II,29/11/24,"1,531",20.6,10.2 %,12.6
Malabrigo,2024 - II,30/11/24,"1,795",10.7,11.8 %,3.0
Malabrigo,2024 - II,1/12/24,"2,787",10.9,6.2 %,21.4
Malabrigo,2024 - II,2/12/24,"3,875",13.3,1.9 %,9.9
Malabrigo,2024 - II,3/12/24,"1,991",11.0,4.7 %,3.0
Malabrigo,2024 - II,4/12/24,"2,283",10.5,1.3 %,17.6
Malabrigo,2024 - II,5/12/24,"3,360",15.3,7.4 %,7.5
Malabrigo,2024 - II,6/12/24,"2,862",12.4,0.2 %,13.3
Malabrigo,2024 - II,7/12/24,"3,186",16.9,0.5 %,6.8
Malabrigo,2024 - II,8/12/24,"2,816",13.1,2.5 %,3.0
Malabrigo,2024 - II,9/12/24,"3,675",12.7,0.0 %,0.0
Malabrigo,2024 - II,10/12/24,"1,792",9.6,0.3 %,0.0
Malabrigo,2024 - II,11/12/24,"2,361",15.1,4.4 %,0.0
Malabrigo,2024 - II,12/12/24,"1,808",9.2,28.5 %,13.1
Malabrigo,2024 - II,13/12/24,"3,772",16.6,0.0 %,9.6
Malabrigo,2024 - II,14/12/24,"2,903",14.9,0.0 %,1.7
Malabrigo,2024 - II,15/12/24,"3,038",14.2,7.8 %,0.0
Malabrigo,2024 - II,16/12/24,"3,114",13.4,3.8 %,0.0
Malabrigo,2024 - II,17/12/24,"1,314",13.5,24.1 %,0.9
Malabrigo,2024 - II,18/12/24,"1,032",8.0,12.0 %,5.5
Malabrigo,2024 - II,19/12/24,"1,053",13.6,1.0 %,14.5
Malabrigo,2024 - II,20/12/24,"1,797",15.6,1.5 %,23.9
Malabrigo,2024 - II,30/12/24,"1,537",9.4,51.0 %,21.3
Malabrigo,2024 - II,31/12/24,"3,696",12.0,28.9 %,7.1
Malabrigo,2024 - II,1/01/25,"2,846",11.9,8.5 %,16.5
Malabrigo,2024 - II,2/01/25,"2,122",11.1,58.9 %,2.6
Malabrigo,2024 - II,3/01/25,404,12.6,1.6 %,63.2
Malabrigo,2024 - II,4/01/25,45,10.5,98.0 %,0.0
Malabrigo,2024 - II,9/01/25,591,12.2,5.7 %,14.4
Malabrigo,2024 - II,10/01/25,330,9.9,3.1 %,13.6
Malabrigo,2024 - II,11/01/25,937,10.6,64.4 %,3.0
Malabrigo,2024 - II,12/01/25,999,14.5,22.6 %,15.7
Malabrigo,2024 - II,13/01/25,"1,521",12.9,47.5 %,22.7
Malabrigo,2024 - II,14/01/25,664,12.1,15.4 %,28.2
Malabrigo,2024 - II,15/01/25,"2,192",14.0,1.5 %,4.5
Malabrigo,2024 - II,16/01/25,"2,089",25.8,12.1 %,9.2
Malabrigo,2024 - II,17/01/25,"2,047",14.0,45.8 %,10.8
Malabrigo,2024 - II,18/01/25,320,18.2,62.2 %,5.5
Chimbote,2019 - II,,"78,852",16.4,4.6 %,1.6
Chimbote,2020 - I,,"131,731",18.6,4.7 %,0.2
Chimbote,2020 - II,12/11/20,423,11.0,0.0 %,0.0
Chimbote,2020 - II,13/11/20,"1,115",12.4,0.0 %,0.1
Chimbote,2020 - II,14/11/20,"1,050",14.3,0.0 %,0.0
Chimbote,2020 - II,17/11/20,958,28.2,19.1 %,2.1
Chimbote,2020 - II,18/11/20,320,12.2,0.0 %,0.0
Chimbote,2020 - II,19/11/20,631,11.6,0.0 %,0.3
Chimbote,2020 - II,20/11/20,478,23.5,1.9 %,0.6
Chimbote,2020 - II,21/11/20,851,17.4,0.4 %,0.6
Chimbote,2020 - II,22/11/20,"1,647",29.1,2.9 %,0.0
Chimbote,2020 - II,26/11/20,"1,603",33.5,0.0 %,0.0
Chimbote,2020 - II,27/11/20,"1,571",37.8,0.0 %,2.1
Chimbote,2020 - II,28/11/20,"3,099",20.0,0.1 %,0.0
Chimbote,2020 - II,29/11/20,"3,590",19.4,2.3 %,0.1
Chimbote,2020 - II,30/11/20,"1,705",20.4,0.8 %,0.4
Chimbote,2020 - II,1/12/20,"1,420",11.7,1.4 %,0.0
Chimbote,2020 - II,2/12/20,"2,810",15.9,2.2 %,1.2
Chimbote,2020 - II,3/12/20,"1,853",13.7,0.9 %,0.3
Chimbote,2020 - II,4/12/20,"2,643",16.8,2.8 %,0.1
Chimbote,2020 - II,5/12/20,"1,739",21.2,1.3 %,0.7
Chimbote,2020 - II,6/12/20,"1,239",11.5,1.9 %,6.0
Chimbote,2020 - II,7/12/20,"1,929",20.1,0.0 %,0.4
Chimbote,2020 - II,8/12/20,"1,135",20.9,0.0 %,0.6
Chimbote,2020 - II,9/12/20,"2,986",22.2,0.0 %,1.1
Chimbote,2020 - II,10/12/20,"1,334",19.5,4.9 %,0.0
Chimbote,2020 - II,11/12/20,"4,771",32.0,0.0 %,0.4
Chimbote,2020 - II,12/12/20,818,19.6,0.0 %,0.0
Chimbote,2020 - II,13/12/20,"3,362",31.1,0.2 %,0.0
Chimbote,2020 - II,14/12/20,"1,616",20.9,0.3 %,0.2
Chimbote,2020 - II,15/12/20,"1,851",22.2,0.0 %,0.4
Chimbote,2020 - II,16/12/20,"1,826",15.8,0.8 %,1.4
Chimbote,2020 - II,17/12/20,"2,700",22.1,1.2 %,1.2
Chimbote,2020 - II,18/12/20,"2,467",27.9,0.2 %,0.1
Chimbote,2020 - II,19/12/20,981,23.8,1.3 %,0.3
Chimbote,2020 - II,20/12/20,"1,754",14.7,0.2 %,2.8
Chimbote,2020 - II,21/12/20,"3,152",24.2,0.1 %,0.4
Chimbote,2020 - II,22/12/20,"3,516",17.4,4.2 %,0.6
Chimbote,2020 - II,23/12/20,"2,634",18.8,1.9 %,1.3
Chimbote,2020 - II,24/12/20,"2,767",20.2,0.4 %,0.8
Chimbote,2020 - II,25/12/20,434,8.8,0.0 %,1.6
Chimbote,2020 - II,26/12/20,"3,875",19.5,0.7 %,1.3
Chimbote,2020 - II,27/12/20,"2,178",14.8,1.8 %,0.3
Chimbote,2020 - II,28/12/20,"1,840",15.0,1.7 %,4.9
Chimbote,2020 - II,29/12/20,"3,304",14.8,2.5 %,1.7
Chimbote,2020 - II,30/12/20,"3,756",16.9,3.3 %,7.8
Chimbote,2020 - II,31/12/20,"1,411",31.0,0.7 %,4.8
Chimbote,2020 - II,1/01/21,"1,797",16.1,1.7 %,1.6
Chimbote,2020 - II,2/01/21,"2,890",38.3,0.1 %,1.2
Chimbote,2020 - II,3/01/21,"3,172",17.7,0.9 %,0.6
Chimbote,2020 - II,4/01/21,"3,841",28.3,1.1 %,2.2
Chimbote,2020 - II,5/01/21,"3,575",23.6,2.1 %,2.4
Chimbote,2020 - II,6/01/21,"3,103",16.4,1.3 %,4.4
Chimbote,2020 - II,7/01/21,"1,857",18.4,8.8 %,3.9
Chimbote,2020 - II,8/01/21,"2,369",22.9,1.0 %,1.6
Chimbote,2020 - II,9/01/21,"1,920",21.8,1.2 %,1.3
Chimbote,2020 - II,10/01/21,"1,272",11.1,5.0 %,3.8
Chimbote,2020 - II,11/01/21,"2,393",36.3,0.0 %,2.8
Chimbote,2020 - II,12/01/21,"1,951",32.5,0.0 %,0.5
Chimbote,2020 - II,13/01/21,"2,169",32.5,0.5 %,0.6
Chimbote,2020 - II,14/01/21,"1,320",34.4,0.0 %,1.3
Chimbote,2020 - II,15/01/21,"1,300",26.5,3.2 %,6.3
Chimbote,2020 - II,16/01/21,"2,149",15.1,4.6 %,6.2
Chimbote,2020 - II,17/01/21,367,16.0,20.1 %,6.8
Chimbote,2020 - II,18/01/21,"1,390",19.0,0.4 %,0.0
Chimbote,2020 - II,20/01/21,"1,792",16.7,12.0 %,3.3
Chimbote,2021 - I,24/04/21,557,13.3,10.5 %,0.4
Chimbote,2021 - I,25/04/21,"2,350",15.6,8.0 %,1.1
Chimbote,2021 - I,26/04/21,"1,529",11.7,15.6 %,0.7
Chimbote,2021 - I,27/04/21,"2,360",13.6,6.9 %,0.6
Chimbote,2021 - I,28/04/21,"1,940",8.8,3.1 %,0.8
Chimbote,2021 - I,29/04/21,"3,507",12.1,5.6 %,0.2
Chimbote,2021 - I,30/04/21,"3,934",13.5,7.8 %,1.7
Chimbote,2021 - I,1/05/21,"2,386",11.1,6.6 %,0.5
Chimbote,2021 - I,2/05/21,"3,919",15.7,1.6 %,1.0
Chimbote,2021 - I,3/05/21,"2,456",19.2,0.8 %,0.5
Chimbote,2021 - I,4/05/21,"2,756",11.7,2.8 %,0.1
Chimbote,2021 - I,5/05/21,"2,967",15.1,4.7 %,5.6
Chimbote,2021 - I,6/05/21,"2,555",16.4,6.2 %,22.9
Chimbote,2021 - I,7/05/21,"3,660",19.0,10.3 %,1.1
Chimbote,2021 - I,8/05/21,"3,195",23.4,14.3 %,0.8
Chimbote,2021 - I,9/05/21,"2,426",13.5,1.6 %,0.0
Chimbote,2021 - I,10/05/21,"4,320",16.7,2.4 %,0.0
Chimbote,2021 - I,11/05/21,"3,862",18.3,10.3 %,0.0
Chimbote,2021 - I,12/05/21,"2,497",13.3,10.9 %,0.0
Chimbote,2021 - I,13/05/21,"2,289",22.2,3.5 %,1.2
Chimbote,2021 - I,14/05/21,"4,143",20.1,0.0 %,1.9
Chimbote,2021 - I,15/05/21,"2,696",19.2,7.9 %,1.1
Chimbote,2021 - I,16/05/21,"3,357",16.9,1.8 %,6.3
Chimbote,2021 - I,17/05/21,"2,759",33.9,2.6 %,9.2
Chimbote,2021 - I,19/05/21,"1,663",19.4,16.2 %,0.0
Chimbote,2021 - I,22/05/21,134,5.5,8.4 %,15.8
Chimbote,2021 - I,23/05/21,"4,104",15.6,0.3 %,0.4
Chimbote,2021 - I,24/05/21,"3,172",19.4,8.4 %,0.8
Chimbote,2021 - I,25/05/21,"2,981",12.2,7.1 %,0.2
Chimbote,2021 - I,26/05/21,"2,958",16.6,7.7 %,0.3
Chimbote,2021 - I,27/05/21,"2,761",11.5,4.1 %,0.0
Chimbote,2021 - I,28/05/21,"4,781",29.7,5.9 %,0.0
Chimbote,2021 - I,30/05/21,"4,707",25.6,17.0 %,0.0
Chimbote,2021 - I,31/05/21,"2,213",26.5,13.2 %,0.0
Chimbote,2021 - I,1/06/21,424,21.5,5.6 %,0.0
Chimbote,2021 - I,4/06/21,"1,235",28.3,8.4 %,0.0
Chimbote,2021 - I,7/06/21,"2,664",30.9,10.4 %,0.0
Chimbote,2021 - I,8/06/21,104,17.4,54.4 %,0.0
Chimbote,2021 - I,9/06/21,"1,857",26.0,7.5 %,0.0
Chimbote,2021 - I,11/06/21,"4,394",27.1,5.4 %,0.0
Chimbote,2021 - I,15/06/21,"4,781",39.4,13.7 %,0.0
Chimbote,2021 - I,16/06/21,"2,275",26.6,1.7 %,0.0
Chimbote,2021 - I,17/06/21,"3,644",32.4,12.8 %,0.0
Chimbote,2021 - I,18/06/21,"2,019",34.0,23.5 %,0.0
Chimbote,2021 - I,20/06/21,"2,052",38.8,10.1 %,0.4
Chimbote,2021 - I,22/06/21,"1,170",22.4,16.0 %,0.0
Chimbote,2021 - I,23/06/21,"1,221",34.3,5.4 %,0.0
Chimbote,2021 - I,25/06/21,"4,327",33.5,22.6 %,1.5
Chimbote,2021 - I,26/06/21,"2,095",15.5,11.6 %,0.8
Chimbote,2021 - I,27/06/21,"2,316",22.0,2.7 %,1.5
Chimbote,2021 - I,28/06/21,"2,380",16.7,13.0 %,0.8
Chimbote,2021 - I,29/06/21,"2,528",12.8,12.5 %,1.0
Chimbote,2021 - I,30/06/21,"2,631",15.8,3.8 %,0.0
Chimbote,2021 - I,1/07/21,"3,756",17.7,8.3 %,1.1
Chimbote,2021 - I,2/07/21,"3,638",23.3,13.9 %,2.4
Chimbote,2021 - I,3/07/21,"3,217",17.6,1.8 %,0.1
Chimbote,2021 - I,4/07/21,"2,287",20.2,3.3 %,0.0
Chimbote,2021 - I,5/07/21,"3,430",23.9,0.1 %,0.0
Chimbote,2021 - I,6/07/21,"1,154",31.4,0.1 %,0.0
Chimbote,2021 - I,7/07/21,409,35.5,0.0 %,0.0
Chimbote,2021 - I,8/07/21,314,36.0,1.0 %,0.0
Chimbote,2021 - II,15/11/21,"3,829",12.9,2.5 %,0.1
Chimbote,2021 - II,16/11/21,"3,939",18.0,3.6 %,0.0
Chimbote,2021 - II,17/11/21,"1,040",17.6,2.0 %,1.2
Chimbote,2021 - II,18/11/21,"3,734",13.4,2.8 %,0.1
Chimbote,2021 - II,19/11/21,"2,893",12.3,4.8 %,0.4
Chimbote,2021 - II,20/11/21,"3,211",12.6,4.4 %,0.0
Chimbote,2021 - II,21/11/21,"3,393",13.5,12.1 %,0.0
Chimbote,2021 - II,22/11/21,"4,150",14.5,5.0 %,0.0
Chimbote,2021 - II,23/11/21,"2,363",16.3,6.0 %,0.0
Chimbote,2021 - II,24/11/21,"3,248",11.5,2.5 %,0.0
Chimbote,2021 - II,25/11/21,"3,299",15.4,7.7 %,0.0
Chimbote,2021 - II,26/11/21,"1,690",28.1,1.3 %,0.0
Chimbote,2021 - II,27/11/21,"1,696",20.3,0.0 %,0.0
Chimbote,2021 - II,28/11/21,"2,515",14.9,1.8 %,0.1
Chimbote,2021 - II,29/11/21,"3,020",15.8,4.8 %,0.0
Chimbote,2021 - II,30/11/21,"2,990",9.8,3.3 %,0.0
Chimbote,2021 - II,1/12/21,"3,866",12.2,2.6 %,0.0
Chimbote,2021 - II,2/12/21,"3,410",11.9,1.2 %,0.0
Chimbote,2021 - II,3/12/21,"3,161",14.0,4.5 %,0.0
Chimbote,2021 - II,4/12/21,"2,772",13.2,0.3 %,0.0
Chimbote,2021 - II,5/12/21,"3,285",12.5,0.5 %,0.0
Chimbote,2021 - II,6/12/21,"1,792",13.9,2.8 %,0.0
Chimbote,2021 - II,7/12/21,"1,146",10.1,6.1 %,1.8
Chimbote,2021 - II,8/12/21,785,10.1,6.1 %,0.0
Chimbote,2021 - II,9/12/21,"1,147",11.7,3.9 %,0.0
Chimbote,2021 - II,10/12/21,637,10.1,4.5 %,2.9
Chimbote,2021 - II,11/12/21,522,10.7,5.9 %,0.7
Chimbote,2021 - II,12/12/21,340,11.3,6.9 %,0.0
Chimbote,2021 - II,13/12/21,"1,169",9.4,2.7 %,0.0
Chimbote,2021 - II,14/12/21,143,15.3,6.1 %,7.7
Chimbote,2021 - II,15/12/21,93,8.7,4.8 %,14.1
Chimbote,2021 - II,20/12/21,552,11.3,1.3 %,0.0
Chimbote,2022 - I,6/05/22,"5,489",29.1,56.6 %,0.1
Chimbote,2022 - I,8/05/22,830,27.4,22.3 %,9.5
Chimbote,2022 - I,12/05/22,888,18.8,4.0 %,2.3
Chimbote,2022 - I,13/05/22,"1,216",31.7,37.4 %,16.0
Chimbote,2022 - I,14/05/22,"3,578",22.7,31.0 %,0.0
Chimbote,2022 - I,15/05/22,"3,413",16.9,7.0 %,0.1
Chimbote,2022 - I,16/05/22,"4,237",16.9,9.0 %,0.0
Chimbote,2022 - I,19/05/22,"3,768",18.3,17.6 %,0.0
Chimbote,2022 - I,20/05/22,"1,685",17.7,12.5 %,0.0
Chimbote,2022 - I,21/05/22,"1,350",14.4,11.8 %,0.4
Chimbote,2022 - I,22/05/22,"1,568",14.5,42.3 %,0.0
Chimbote,2022 - I,24/05/22,"1,237",16.6,4.3 %,0.0
Chimbote,2022 - I,25/05/22,689,10.3,26.4 %,0.0
Chimbote,2022 - I,26/05/22,"3,065",13.0,18.6 %,0.0
Chimbote,2022 - I,27/05/22,"2,020",10.6,2.2 %,0.1
Chimbote,2022 - I,28/05/22,"4,677",16.4,10.2 %,0.5
Chimbote,2022 - I,29/05/22,"2,957",15.5,17.6 %,1.1
Chimbote,2022 - I,30/05/22,"2,646",12.2,8.8 %,0.3
Chimbote,2022 - I,31/05/22,"1,885",12.6,11.8 %,0.5
Chimbote,2022 - I,1/06/22,"3,280",12.9,11.8 %,0.2
Chimbote,2022 - I,2/06/22,"3,053",15.0,15.2 %,0.2
Chimbote,2022 - I,3/06/22,"4,073",14.6,20.5 %,0.0
Chimbote,2022 - I,4/06/22,"3,779",19.2,17.6 %,0.1
Chimbote,2022 - I,5/06/22,"2,471",16.2,6.3 %,0.0
Chimbote,2022 - I,6/06/22,"2,466",15.9,3.8 %,5.7
Chimbote,2022 - I,7/06/22,"2,793",14.8,8.8 %,0.1
Chimbote,2022 - I,8/06/22,"2,644",19.9,10.2 %,0.0
Chimbote,2022 - I,9/06/22,"2,579",15.3,1.9 %,0.4
Chimbote,2022 - I,10/06/22,"1,198",9.8,19.5 %,0.7
Chimbote,2022 - I,11/06/22,"3,917",13.5,7.7 %,2.3
Chimbote,2022 - I,12/06/22,"3,475",13.8,3.5 %,1.8
Chimbote,2022 - I,13/06/22,"3,635",19.2,6.0 %,1.6
Chimbote,2022 - I,14/06/22,"2,954",14.9,8.9 %,0.5
Chimbote,2022 - I,15/06/22,"2,814",14.6,7.2 %,0.5
Chimbote,2022 - I,16/06/22,"1,431",12.2,1.6 %,3.7
Chimbote,2022 - I,17/06/22,"2,786",18.0,20.4 %,1.0
Chimbote,2022 - I,18/06/22,"3,491",14.7,44.5 %,0.0
Chimbote,2022 - I,19/06/22,"3,152",18.4,40.1 %,0.0
Chimbote,2022 - I,20/06/22,212,8.9,0.0 %,0.2
Chimbote,2022 - I,21/06/22,"3,450",23.1,4.1 %,0.0
Chimbote,2022 - I,22/06/22,843,13.7,0.9 %,0.3
Chimbote,2022 - I,24/06/22,"1,068",16.1,0.3 %,0.0
Chimbote,2022 - I,30/06/22,560,7.1,26.4 %,0.0
Chimbote,2022 - I,1/07/22,646,7.9,30.8 %,0.8
Chimbote,2022 - I,3/07/22,438,8.3,19.2 %,0.4
Chimbote,2022 - I,4/07/22,394,6.5,28.7 %,0.4
Chimbote,2022 - I,5/07/22,"2,310",19.7,13.9 %,0.3
Chimbote,2022 - I,6/07/22,"2,852",17.4,4.2 %,1.3
Chimbote,2022 - I,7/07/22,"2,770",15.1,7.3 %,0.3
Chimbote,2022 - I,8/07/22,"2,372",14.4,11.8 %,1.3
Chimbote,2022 - I,9/07/22,"2,718",18.0,11.8 %,0.5
Chimbote,2022 - I,10/07/22,"1,143",30.7,6.0 %,0.6
Chimbote,2022 - I,11/07/22,"2,050",12.1,42.2 %,6.0
Chimbote,2022 - I,15/07/22,629,8.5,71.1 %,8.4
Chimbote,2022 - I,19/07/22,410,10.4,36.4 %,0.0
Chimbote,2022 - I,20/07/22,"2,143",14.3,26.0 %,8.5
Chimbote,2022 - I,21/07/22,"1,964",11.7,1.7 %,1.2
Chimbote,2022 - I,22/07/22,"1,762",15.2,23.3 %,0.0
Chimbote,2022 - II,23/11/22,"3,191",14.7,16.3 %,1.1
Chimbote,2022 - II,24/11/22,"3,085",13.0,13.8 %,1.3
Chimbote,2022 - II,25/11/22,"1,798",12.9,12.0 %,1.0
Chimbote,2022 - II,26/11/22,"1,934",15.1,10.2 %,1.2
Chimbote,2022 - II,27/11/22,"3,564",14.8,15.8 %,1.2
Chimbote,2022 - II,28/11/22,"2,372",16.5,26.2 %,1.8
Chimbote,2022 - II,29/11/22,"1,960",10.5,6.3 %,6.2
Chimbote,2022 - II,30/11/22,"2,204",15.9,5.5 %,5.1
Chimbote,2022 - II,1/12/22,"2,371",13.9,6.5 %,1.4
Chimbote,2022 - II,2/12/22,"2,506",15.6,8.8 %,3.3
Chimbote,2022 - II,3/12/22,564,25.6,4.0 %,1.1
Chimbote,2022 - II,4/12/22,"4,238",21.1,6.4 %,1.1
Chimbote,2022 - II,5/12/22,"1,824",13.3,8.8 %,0.8
Chimbote,2022 - II,6/12/22,"3,800",15.0,2.0 %,4.3
Chimbote,2022 - II,7/12/22,"1,211",23.5,7.0 %,8.2
Chimbote,2022 - II,8/12/22,"3,679",15.9,13.8 %,13.7
Chimbote,2022 - II,9/12/22,"2,658",11.2,7.1 %,7.3
Chimbote,2022 - II,10/12/22,"2,032",15.4,7.1 %,10.8
Chimbote,2022 - II,11/12/22,"3,688",28.2,19.2 %,7.8
Chimbote,2022 - II,12/12/22,"2,400",25.2,19.3 %,2.7
Chimbote,2022 - II,13/12/22,"3,138",25.2,8.3 %,8.1
Chimbote,2022 - II,14/12/22,"1,268",27.9,4.9 %,7.7
Chimbote,2022 - II,15/12/22,"1,490",22.9,28.1 %,8.1
Chimbote,2022 - II,16/12/22,"1,690",19.2,3.3 %,1.4
Chimbote,2022 - II,17/12/22,"1,676",18.3,2.3 %,1.0
Chimbote,2022 - II,18/12/22,"2,571",25.9,2.1 %,0.3
Chimbote,2022 - II,19/12/22,529,17.0,1.8 %,0.5
Chimbote,2022 - II,20/12/22,"2,693",18.8,14.0 %,4.9
Chimbote,2022 - II,22/12/22,607,11.2,7.8 %,5.7
Chimbote,2022 - II,23/12/22,610,11.5,3.4 %,6.4
Chimbote,2022 - II,24/12/22,"3,298",13.2,30.7 %,19.8
Chimbote,2022 - II,26/12/22,585,9.3,3.4 %,9.6
Chimbote,2022 - II,27/12/22,"1,758",13.5,15.7 %,3.7
Chimbote,2022 - II,28/12/22,"1,081",13.5,18.8 %,7.2
Chimbote,2022 - II,29/12/22,"1,216",15.6,6.3 %,15.7
Chimbote,2022 - II,30/12/22,250,7.3,12.3 %,4.7
Chimbote,2022 - II,31/12/22,"1,092",12.5,19.6 %,9.0
Chimbote,2022 - II,2/01/23,484,11.4,42.8 %,22.9
Chimbote,2022 - II,3/01/23,617,13.8,2.0 %,8.1
Chimbote,2022 - II,11/01/23,"1,482",48.6,10.0 %,3.4
Chimbote,2022 - II,12/01/23,554,13.1,14.3 %,1.8
Chimbote,2022 - II,15/01/23,687,11.5,8.2 %,8.6
Chimbote,2022 - II,17/01/23,282,13.6,9.5 %,0.0
Chimbote,2022 - II,18/01/23,"1,367",22.7,24.5 %,3.3
Chimbote,2022 - II,19/01/23,784,12.9,16.9 %,5.8
Chimbote,2022 - II,20/01/23,478,8.7,21.5 %,15.0
Chimbote,2022 - II,21/01/23,819,12.9,8.3 %,10.7
Chimbote,2022 - II,22/01/23,"4,808",19.4,29.4 %,9.6
Chimbote,2022 - II,23/01/23,"1,120",15.4,51.5 %,18.6
Chimbote,2022 - II,24/01/23,152,9.7,2.6 %,6.3
Chimbote,2022 - II,25/01/23,"1,372",16.3,16.8 %,4.1
Chimbote,2022 - II,26/01/23,733,7.5,18.4 %,11.4
Chimbote,2022 - II,27/01/23,"1,375",13.8,15.3 %,0.1
Chimbote,2022 - II,28/01/23,275,11.8,44.8 %,13.6
Chimbote,2022 - II,30/01/23,161,8.6,37.2 %,4.2
Chimbote,2022 - II,3/02/23,342,10.2,56.1 %,1.3
Chimbote,2022 - II,4/02/23,554,14.1,2.4 %,6.7
Chimbote,2023 - I,3/06/23,243,7.5,95.6 %,0.0
Chimbote,2023 - I,4/06/23,107,7.7,93.4 %,2.5
Chimbote,2023 - I,6/06/23,564,29.0,96.4 %,0.0
Chimbote,2023 - I,5/08/23,"2,935",17.4,49.5 %,0.3
Chimbote,2023 - I,6/08/23,"1,941",14.7,70.6 %,0.2
Chimbote,2023 - I,7/08/23,"3,510",23.7,67.8 %,0.2
Chimbote,2023 - I,8/08/23,"1,897",28.1,54.8 %,0.0
Chimbote,2023 - I,10/08/23,767,29.4,69.6 %,0.0
Chimbote,2023 - I,11/08/23,"2,007",12.3,84.2 %,0.0
Chimbote,2023 - I,12/08/23,"2,413",19.3,71.5 %,0.0
Chimbote,2023 - II,21/10/23,"1,697",19.8,66.7 %,1.5
Chimbote,2023 - II,22/10/23,"1,257",13.3,18.4 %,0.1
Chimbote,2023 - II,23/10/23,"1,685",26.6,42.9 %,0.0
Chimbote,2023 - II,26/10/23,"3,121",10.0,45.6 %,0.0
Chimbote,2023 - II,31/10/23,"3,257",14.0,65.6 %,0.0
Chimbote,2023 - II,1/11/23,"2,655",18.3,59.9 %,0.0
Chimbote,2023 - II,2/11/23,204,5.2,28.0 %,0.0
Chimbote,2023 - II,3/11/23,"2,803",23.1,45.6 %,0.0
Chimbote,2023 - II,5/11/23,495,21.1,33.1 %,0.0
Chimbote,2023 - II,6/11/23,"2,232",25.6,68.5 %,0.0
Chimbote,2023 - II,8/11/23,"1,244",9.7,59.8 %,4.7
Chimbote,2023 - II,9/11/23,"1,651",23.6,44.4 %,0.0
Chimbote,2023 - II,10/11/23,"1,284",23.0,36.2 %,0.0
Chimbote,2023 - II,11/11/23,"2,239",22.3,39.3 %,0.1
Chimbote,2023 - II,12/11/23,"1,516",12.9,11.7 %,0.2
Chimbote,2023 - II,13/11/23,"3,786",20.0,40.3 %,0.0
Chimbote,2023 - II,14/11/23,"1,477",19.5,33.3 %,0.0
Chimbote,2023 - II,19/11/23,"1,498",10.1,7.7 %,0.0
Chimbote,2023 - II,20/11/23,"1,190",13.8,11.6 %,0.6
Chimbote,2023 - II,21/11/23,"1,698",13.3,23.9 %,0.0
Chimbote,2023 - II,22/11/23,401,6.6,48.7 %,0.0
Chimbote,2023 - II,26/11/23,117,13.4,83.2 %,6.3
Chimbote,2023 - II,27/11/23,325,10.0,64.8 %,0.0
Chimbote,2023 - II,28/11/23,198,9.0,54.5 %,0.0
Chimbote,2023 - II,29/11/23,"1,021",8.8,38.5 %,0.0
Chimbote,2023 - II,30/11/23,706,7.5,58.7 %,0.0
Chimbote,2023 - II,1/12/23,600,7.2,48.7 %,0.0
Chimbote,2023 - II,2/12/23,465,9.9,28.5 %,0.0
Chimbote,2023 - II,5/12/23,143,8.4,77.9 %,0.0
Chimbote,2024 - I,,132,19.2,18.0 %,0.0
Chimbote,2024 - I,16/04/24,"3,220",13.9,25.5 %,0.0
Chimbote,2024 - I,17/04/24,"2,844",11.7,43.5 %,0.0
Chimbote,2024 - I,18/04/24,"1,632",11.3,42.5 %,0.0
Chimbote,2024 - I,19/04/24,"3,631",12.8,48.4 %,0.0
Chimbote,2024 - I,20/04/24,"2,789",13.0,35.4 %,0.0
Chimbote,2024 - I,21/04/24,"3,186",16.6,30.9 %,0.0
Chimbote,2024 - I,22/04/24,"2,427",12.7,33.6 %,0.0
Chimbote,2024 - I,23/04/24,"2,605",13.8,69.4 %,0.0
Chimbote,2024 - I,24/04/24,"3,298",14.7,46.6 %,0.0
Chimbote,2024 - I,25/04/24,"2,735",12.5,40.5 %,0.0
Chimbote,2024 - I,26/04/24,"2,339",14.2,26.7 %,0.0
Chimbote,2024 - I,27/04/24,"1,693",12.0,32.2 %,0.0
Chimbote,2024 - I,28/04/24,"1,351",13.9,38.3 %,0.0
Chimbote,2024 - I,29/04/24,"2,906",11.7,48.6 %,0.0
Chimbote,2024 - I,30/04/24,"2,272",11.5,27.2 %,0.0
Chimbote,2024 - I,1/05/24,"2,720",13.7,15.2 %,0.2
Chimbote,2024 - I,2/05/24,"1,544",12.9,23.6 %,0.0
Chimbote,2024 - I,5/05/24,"1,161",7.4,78.6 %,0.0
Chimbote,2024 - I,6/05/24,"3,101",20.7,14.6 %,0.0
Chimbote,2024 - I,7/05/24,"2,594",16.4,17.1 %,0.0
Chimbote,2024 - I,8/05/24,"2,914",19.2,26.1 %,0.3
Chimbote,2024 - I,9/05/24,"3,403",16.5,26.3 %,0.0
Chimbote,2024 - I,10/05/24,"2,804",18.7,27.0 %,0.0
Chimbote,2024 - I,11/05/24,"3,617",14.8,8.2 %,0.0
Chimbote,2024 - I,12/05/24,"2,867",13.9,29.0 %,0.0
Chimbote,2024 - I,13/05/24,"1,977",8.8,12.3 %,0.0
Chimbote,2024 - I,14/05/24,"3,058",16.2,9.2 %,0.0
Chimbote,2024 - I,15/05/24,"2,740",13.1,14.1 %,0.0
Chimbote,2024 - I,16/05/24,"2,278",13.2,7.3 %,0.0
Chimbote,2024 - I,17/05/24,"4,415",14.6,7.7 %,0.0
Chimbote,2024 - I,18/05/24,"3,480",13.8,8.4 %,0.0
Chimbote,2024 - I,19/05/24,"1,580",11.4,7.4 %,0.0
Chimbote,2024 - I,20/05/24,"4,364",22.9,7.3 %,0.0
Chimbote,2024 - I,21/05/24,"2,421",13.4,6.6 %,0.0
Chimbote,2024 - I,22/05/24,"3,801",13.5,7.3 %,0.0
Chimbote,2024 - I,23/05/24,"2,368",12.6,28.8 %,0.0
Chimbote,2024 - I,24/05/24,"2,965",19.5,13.1 %,0.0
Chimbote,2024 - I,25/05/24,"3,724",16.0,6.1 %,0.0
Chimbote,2024 - I,26/05/24,"2,133",20.4,6.1 %,0.0
Chimbote,2024 - I,27/05/24,"2,780",15.8,24.7 %,0.6
Chimbote,2024 - I,28/05/24,"1,520",13.0,8.7 %,0.5
Chimbote,2024 - I,29/05/24,"2,603",24.2,9.1 %,0.0
Chimbote,2024 - I,30/05/24,"2,716",19.5,6.0 %,3.1
Chimbote,2024 - I,31/05/24,"3,295",18.6,7.6 %,2.9
Chimbote,2024 - I,1/06/24,"2,179",12.3,12.8 %,0.8
Chimbote,2024 - I,2/06/24,"3,570",11.8,8.7 %,0.0
Chimbote,2024 - I,3/06/24,"1,370",9.3,3.5 %,0.5
Chimbote,2024 - I,4/06/24,"2,605",11.8,4.2 %,0.0
Chimbote,2024 - I,5/06/24,"3,422",17.3,9.8 %,0.0
Chimbote,2024 - I,6/06/24,"3,190",18.1,4.6 %,0.0
Chimbote,2024 - I,7/06/24,311,29.8,4.0 %,0.0
Chimbote,2024 - I,8/06/24,438,25.4,3.8 %,0.7
Chimbote,2024 - II,1/11/24,"1,172",9.0,0.0 %,0.0
Chimbote,2024 - II,2/11/24,"1,587",8.5,0.0 %,0.0
Chimbote,2024 - II,3/11/24,"1,846",7.3,0.0 %,0.0
Chimbote,2024 - II,4/11/24,"2,584",10.2,0.5 %,2.0
Chimbote,2024 - II,5/11/24,"3,442",11.9,0.0 %,0.0
Chimbote,2024 - II,6/11/24,"2,499",14.3,0.0 %,0.0
Chimbote,2024 - II,8/11/24,"2,945",11.8,0.0 %,1.2
Chimbote,2024 - II,9/11/24,"1,628",9.5,0.0 %,0.0
Chimbote,2024 - II,10/11/24,"3,784",10.9,1.4 %,0.0
Chimbote,2024 - II,11/11/24,"2,676",14.3,0.0 %,0.1
Chimbote,2024 - II,12/11/24,"2,393",11.9,0.0 %,0.2
Chimbote,2024 - II,13/11/24,"1,431",10.7,1.2 %,1.4
Chimbote,2024 - II,14/11/24,"1,796",12.0,0.0 %,2.5
Chimbote,2024 - II,16/11/24,"2,604",10.2,0.8 %,1.1
Chimbote,2024 - II,17/11/24,"3,396",19.8,4.6 %,0.0
Chimbote,2024 - II,18/11/24,"2,920",15.4,0.1 %,0.0
Chimbote,2024 - II,19/11/24,"2,570",11.4,3.2 %,0.7
Chimbote,2024 - II,20/11/24,"2,371",9.6,35.9 %,11.8
Chimbote,2024 - II,21/11/24,"3,428",18.8,3.6 %,1.8
Chimbote,2024 - II,22/11/24,"2,827",13.3,3.6 %,10.6
Chimbote,2024 - II,23/11/24,"2,933",14.8,0.6 %,2.0
Chimbote,2024 - II,24/11/24,"2,998",13.9,0.0 %,0.2
Chimbote,2024 - II,25/11/24,"3,983",25.8,2.3 %,0.6
Chimbote,2024 - II,27/11/24,"3,005",14.2,2.1 %,2.5
Chimbote,2024 - II,28/11/24,"3,388",15.1,0.8 %,1.3
Chimbote,2024 - II,29/11/24,"2,117",15.5,3.5 %,4.2
Chimbote,2024 - II,30/11/24,"3,233",17.6,32.1 %,1.4
Chimbote,2024 - II,1/12/24,"2,808",13.0,13.8 %,20.0
Chimbote,2024 - II,2/12/24,"3,757",16.5,19.2 %,0.0
Chimbote,2024 - II,3/12/24,"3,027",18.4,24.5 %,1.1
Chimbote,2024 - II,4/12/24,"1,572",20.9,1.7 %,0.9
Chimbote,2024 - II,5/12/24,"2,036",17.6,4.6 %,3.8
Chimbote,2024 - II,6/12/24,"3,265",21.8,2.2 %,3.8
Chimbote,2024 - II,7/12/24,"3,306",18.3,1.3 %,3.4
Chimbote,2024 - II,8/12/24,"3,563",22.1,1.1 %,3.8
Chimbote,2024 - II,9/12/24,"3,038",18.0,4.5 %,1.6
Chimbote,2024 - II,10/12/24,"2,897",25.0,10.9 %,2.6
Chimbote,2024 - II,11/12/24,"2,720",23.5,1.5 %,1.5
Chimbote,2024 - II,12/12/24,"3,685",20.7,30.7 %,3.4
Chimbote,2024 - II,13/12/24,"3,841",18.7,2.1 %,2.1
Chimbote,2024 - II,14/12/24,"2,437",12.3,0.5 %,0.9
Chimbote,2024 - II,15/12/24,"3,661",22.6,16.3 %,2.9
Chimbote,2024 - II,16/12/24,"2,685",17.2,9.1 %,0.1
Chimbote,2024 - II,17/12/24,"3,104",16.4,34.9 %,3.1
Chimbote,2024 - II,18/12/24,"2,745",13.5,7.3 %,6.2
Chimbote,2024 - II,19/12/24,"2,104",11.6,5.2 %,8.5
Chimbote,2024 - II,20/12/24,"3,481",14.8,3.4 %,9.8
Chimbote,2024 - II,21/12/24,"3,340",12.5,4.6 %,2.5
Chimbote,2024 - II,22/12/24,"3,471",19.8,23.7 %,3.1
Chimbote,2024 - II,23/12/24,"2,833",23.2,15.7 %,2.4
Chimbote,2024 - II,27/12/24,"3,768",19.2,55.9 %,7.9
Chimbote,2024 - II,28/12/24,92,10.6,0.0 %,2.6
Chimbote,2024 - II,31/12/24,"2,592",15.3,12.7 %,3.6
Chimbote,2024 - II,1/01/25,"2,644",12.4,2.9 %,13.0
Chimbote,2024 - II,2/01/25,"3,343",22.4,43.3 %,25.6
Chimbote,2024 - II,3/01/25,"3,289",16.1,80.1 %,15.9
Chimbote,2024 - II,4/01/25,507,11.0,0.0 %,56.3
Chimbote,2024 - II,5/01/25,"1,678",12.5,19.7 %,23.7
Chimbote,2024 - II,6/01/25,"3,145",12.8,37.3 %,12.2
Chimbote,2024 - II,7/01/25,"2,921",14.7,53.5 %,18.4
Chimbote,2024 - II,8/01/25,926,16.4,35.3 %,40.2
Chimbote,2024 - II,9/01/25,"3,080",14.5,69.6 %,36.3
Chimbote,2024 - II,10/01/25,"1,171",14.5,67.0 %,36.3
Chimbote,2024 - II,11/01/25,"2,809",23.8,33.5 %,15.9
Chimbote,2024 - II,12/01/25,"1,902",14.0,40.4 %,23.1
Chimbote,2024 - II,13/01/25,"3,398",20.6,11.2 %,19.5
Chimbote,2024 - II,15/01/25,945,22.4,7.7 %,1.9
Chimbote,2024 - II,16/01/25,967,23.5,30.0 %,5.9
Chimbote,2024 - II,17/01/25,"2,248",19.1,12.7 %,17.2
Chimbote,2024 - II,18/01/25,"1,335",14.0,29.2 %,13.4
Samanco,2019 - II,,"20,231",16.7,1.3 %,2.4
Samanco,2020 - I,,"6,119",17.0,2.6 %,0.6
Samanco,2020 - II,13/11/20,390,16.3,0.0 %,0.0
Samanco,2020 - II,22/11/20,296,12.7,4.9 %,0.0
Samanco,2020 - II,27/11/20,509,33.9,0.0 %,0.0
Samanco,2020 - II,28/11/20,911,27.5,0.0 %,0.0
Samanco,2020 - II,29/11/20,"1,140",20.2,1.2 %,0.0
Samanco,2020 - II,30/11/20,778,18.4,2.1 %,0.0
Samanco,2020 - II,1/12/20,594,18.2,0.0 %,0.0
Samanco,2020 - II,2/12/20,720,19.3,2.1 %,0.3
Samanco,2020 - II,3/12/20,512,11.5,8.6 %,0.0
Samanco,2020 - II,4/12/20,817,12.0,2.1 %,0.0
Samanco,2020 - II,5/12/20,613,22.4,0.5 %,0.1
Samanco,2020 - II,8/12/20,403,28.5,,8.1
Samanco,2020 - II,9/12/20,"1,403",30.7,0.0 %,0.0
Samanco,2020 - II,11/12/20,983,25.4,0.0 %,0.0
Samanco,2020 - II,12/12/20,967,33.7,1.0 %,3.1
Samanco,2020 - II,13/12/20,938,31.0,0.5 %,0.0
Samanco,2020 - II,14/12/20,608,36.5,1.9 %,0.0
Samanco,2020 - II,15/12/20,"1,118",27.7,0.0 %,0.0
Samanco,2020 - II,16/12/20,"1,026",35.5,0.0 %,1.1
Samanco,2020 - II,18/12/20,"1,114",38.9,0.0 %,0.0
Samanco,2020 - II,19/12/20,"1,225",37.3,0.0 %,0.0
Samanco,2020 - II,20/12/20,651,30.4,1.0 %,2.4
Samanco,2020 - II,21/12/20,"1,029",33.7,1.9 %,1.5
Samanco,2020 - II,22/12/20,"1,137",19.2,0.6 %,1.3
Samanco,2020 - II,23/12/20,852,21.2,0.0 %,2.1
Samanco,2020 - II,24/12/20,750,32.3,0.0 %,7.6
Samanco,2020 - II,26/12/20,"1,244",21.2,0.0 %,1.3
Samanco,2020 - II,27/12/20,774,15.1,0.0 %,0.0
Samanco,2020 - II,28/12/20,792,19.4,0.0 %,3.0
Samanco,2020 - II,29/12/20,988,16.4,7.6 %,1.0
Samanco,2020 - II,30/12/20,"1,139",19.2,4.1 %,7.3
Samanco,2020 - II,31/12/20,455,38.1,2.2 %,4.2
Samanco,2020 - II,1/01/21,628,16.7,3.0 %,8.2
Samanco,2020 - II,3/01/21,"1,455",25.4,2.5 %,0.3
Samanco,2020 - II,4/01/21,"1,176",35.6,5.2 %,1.2
Samanco,2020 - II,6/01/21,"1,084",52.6,1.8 %,0.9
Samanco,2020 - II,7/01/21,570,23.0,0.0 %,4.0
Samanco,2020 - II,8/01/21,351,18.6,0.8 %,0.8
Samanco,2020 - II,9/01/21,436,12.6,28.3 %,2.9
Samanco,2020 - II,11/01/21,849,22.8,0.0 %,0.0
Samanco,2020 - II,12/01/21,339,22.5,,0.0
Samanco,2020 - II,13/01/21,541,22.0,0.0 %,0.1
Samanco,2020 - II,15/01/21,448,22.3,0.0 %,10.8
Samanco,2020 - II,16/01/21,669,17.0,0.0 %,2.6
Samanco,2020 - II,18/01/21,103,30.3,0.5 %,19.9
Samanco,2020 - II,19/01/21,250,10.3,0.0 %,0.8
Samanco,2020 - II,20/01/21,332,9.0,22.6 %,8.2
Samanco,2021 - I,26/04/21,134,11.6,0.0 %,0.0
Samanco,2021 - I,27/04/21,605,19.7,3.0 %,0.0
Samanco,2021 - I,28/04/21,411,19.9,2.1 %,0.0
Samanco,2021 - I,29/04/21,"1,095",16.0,12.2 %,0.0
Samanco,2021 - I,1/05/21,619,31.9,7.8 %,0.5
Samanco,2021 - I,2/05/21,"1,163",19.0,0.5 %,5.9
Samanco,2021 - I,3/05/21,947,16.0,0.0 %,0.0
Samanco,2021 - I,4/05/21,861,15.6,0.0 %,0.0
Samanco,2021 - I,5/05/21,725,14.5,0.0 %,1.0
Samanco,2021 - I,6/05/21,805,21.1,0.0 %,3.5
Samanco,2021 - I,7/05/21,766,24.9,8.8 %,0.2
Samanco,2021 - I,8/05/21,451,27.5,4.5 %,0.0
Samanco,2021 - I,9/05/21,"1,253",20.1,0.0 %,0.0
Samanco,2021 - I,10/05/21,"1,129",12.4,1.4 %,0.0
Samanco,2021 - I,11/05/21,"1,318",20.9,2.8 %,0.2
Samanco,2021 - I,13/05/21,"1,102",25.0,0.1 %,2.3
Samanco,2021 - I,14/05/21,"1,109",21.3,0.4 %,0.9
Samanco,2021 - I,17/05/21,985,31.3,0.0 %,4.0
Samanco,2021 - I,19/05/21,721,19.3,22.0 %,0.0
Samanco,2021 - I,20/05/21,139,32.0,0.0 %,0.0
Samanco,2021 - I,23/05/21,"1,340",18.7,2.2 %,0.4
Samanco,2021 - I,24/05/21,518,14.3,1.9 %,0.9
Samanco,2021 - I,25/05/21,885,13.7,0.5 %,0.1
Samanco,2021 - I,26/05/21,759,15.3,6.6 %,0.1
Samanco,2021 - I,27/05/21,918,9.7,2.8 %,0.0
Samanco,2021 - I,28/05/21,"1,413",25.7,8.5 %,0.0
Samanco,2021 - I,29/05/21,614,24.8,20.4 %,0.0
Samanco,2021 - I,30/05/21,"1,581",29.0,34.7 %,0.0
Samanco,2021 - I,9/06/21,321,27.3,2.1 %,0.0
Samanco,2021 - I,11/06/21,"1,473",42.4,7.7 %,0.0
Samanco,2021 - I,15/06/21,"1,309",48.7,23.5 %,0.0
Samanco,2021 - I,17/06/21,"1,207",31.8,11.0 %,0.5
Samanco,2021 - I,18/06/21,698,25.3,22.4 %,0.0
Samanco,2021 - I,23/06/21,394,28.3,9.6 %,0.0
Samanco,2021 - I,25/06/21,"1,047",25.2,2.4 %,2.4
Samanco,2021 - I,27/06/21,607,29.6,4.1 %,0.5
Samanco,2021 - I,28/06/21,449,16.4,14.0 %,2.2
Samanco,2021 - I,29/06/21,203,10.9,1.6 %,0.5
Samanco,2021 - I,30/06/21,882,15.1,0.0 %,0.3
Samanco,2021 - I,1/07/21,"1,093",20.2,0.1 %,1.2
Samanco,2021 - I,2/07/21,"1,023",29.3,8.3 %,3.1
Samanco,2021 - I,3/07/21,"1,150",35.2,3.9 %,0.6
Samanco,2021 - I,5/07/21,"1,113",19.6,0.0 %,0.0
Samanco,2021 - I,9/07/21,47,18.3,2.1 %,0.0
Samanco,2021 - I,10/07/21,29,8.8,6.5 %,0.0
Samanco,2021 - I,12/07/21,29,29.7,,2.0
Samanco,2021 - II,15/11/21,803,12.4,1.9 %,0.0
Samanco,2021 - II,16/11/21,694,16.7,7.6 %,0.0
Samanco,2021 - II,17/11/21,831,12.6,2.7 %,0.1
Samanco,2021 - II,18/11/21,"1,045",12.7,3.7 %,0.0
Samanco,2021 - II,19/11/21,"1,068",10.7,1.3 %,0.0
Samanco,2021 - II,20/11/21,"1,009",17.2,0.9 %,0.0
Samanco,2021 - II,21/11/21,909,12.2,2.4 %,0.0
Samanco,2021 - II,22/11/21,"1,288",17.0,1.5 %,0.0
Samanco,2021 - II,23/11/21,678,12.4,0.3 %,0.0
Samanco,2021 - II,24/11/21,893,11.4,4.0 %,0.0
Samanco,2021 - II,25/11/21,222,12.6,0.0 %,0.0
Samanco,2021 - II,26/11/21,609,13.3,0.0 %,0.0
Samanco,2021 - II,29/11/21,"1,108",12.9,5.4 %,0.0
Samanco,2021 - II,30/11/21,994,10.3,4.0 %,0.0
Samanco,2021 - II,1/12/21,"1,102",12.3,3.1 %,0.0
Samanco,2021 - II,2/12/21,"1,206",15.1,1.1 %,0.0
Samanco,2021 - II,3/12/21,"1,015",12.5,1.2 %,0.0
Samanco,2021 - II,4/12/21,621,12.7,0.0 %,0.0
Samanco,2021 - II,5/12/21,"1,014",10.0,0.0 %,0.0
Samanco,2021 - II,6/12/21,774,27.2,1.0 %,0.0
Samanco,2022 - I,6/05/22,"1,014",20.3,30.9 %,0.3
Samanco,2022 - I,7/05/22,507,21.4,28.9 %,15.0
Samanco,2022 - I,12/05/22,529,18.7,42.7 %,7.5
Samanco,2022 - I,13/05/22,683,32.7,35.7 %,5.8
Samanco,2022 - I,14/05/22,"1,261",19.1,54.9 %,1.3
Samanco,2022 - I,15/05/22,"1,029",14.3,9.1 %,1.2
Samanco,2022 - I,16/05/22,"1,191",19.2,2.7 %,0.0
Samanco,2022 - I,19/05/22,907,14.1,37.0 %,0.0
Samanco,2022 - I,20/05/22,383,24.2,39.3 %,0.0
Samanco,2022 - I,23/05/22,103,14.4,0.0 %,9.0
Samanco,2022 - I,24/05/22,319,26.0,0.0 %,5.8
Samanco,2022 - I,26/05/22,"1,197",12.0,43.7 %,0.0
Samanco,2022 - I,27/05/22,562,13.6,2.1 %,7.8
Samanco,2022 - I,28/05/22,"1,377",11.9,24.3 %,2.4
Samanco,2022 - I,29/05/22,"1,147",15.6,32.5 %,6.1
Samanco,2022 - I,30/05/22,813,13.2,11.8 %,14.7
Samanco,2022 - I,31/05/22,902,17.1,24.0 %,2.5
Samanco,2022 - I,1/06/22,828,13.6,28.7 %,0.0
Samanco,2022 - I,2/06/22,429,13.0,42.1 %,0.0
Samanco,2022 - I,3/06/22,"1,370",13.6,20.7 %,1.9
Samanco,2022 - I,4/06/22,"1,156",14.7,6.3 %,5.3
Samanco,2022 - I,5/06/22,748,15.8,13.1 %,3.8
Samanco,2022 - I,6/06/22,894,12.9,0.6 %,19.7
Samanco,2022 - I,8/06/22,"1,692",24.3,30.4 %,0.0
Samanco,2022 - I,9/06/22,369,18.4,0.0 %,0.0
Samanco,2022 - I,10/06/22,309,10.0,0.0 %,1.3
Samanco,2022 - I,11/06/22,"1,309",10.7,11.9 %,15.6
Samanco,2022 - I,12/06/22,"1,313",14.5,26.0 %,7.5
Samanco,2022 - I,13/06/22,"1,184",16.4,35.0 %,8.4
Samanco,2022 - I,14/06/22,889,20.7,11.6 %,2.2
Samanco,2022 - I,15/06/22,"1,129",18.8,18.1 %,0.0
Samanco,2022 - I,16/06/22,342,9.7,3.0 %,8.8
Samanco,2022 - I,17/06/22,"1,160",16.4,21.4 %,3.3
Samanco,2022 - I,18/06/22,"1,225",17.1,62.5 %,2.2
Samanco,2022 - I,19/06/22,466,17.5,12.9 %,1.9
Samanco,2022 - I,20/06/22,592,19.9,42.7 %,0.0
Samanco,2022 - I,21/06/22,"1,182",20.2,11.0 %,0.0
Samanco,2022 - I,25/06/22,202,12.5,0.0 %,0.0
Samanco,2022 - I,2/07/22,206,10.2,66.9 %,0.0
Samanco,2022 - I,5/07/22,810,23.1,10.3 %,5.3
Samanco,2022 - I,6/07/22,746,12.9,6.7 %,12.8
Samanco,2022 - I,7/07/22,753,12.1,4.6 %,11.3
Samanco,2022 - I,8/07/22,"1,018",18.4,9.3 %,2.5
Samanco,2022 - I,9/07/22,"1,134",14.9,12.8 %,2.8
Samanco,2022 - I,10/07/22,"1,044",26.5,13.6 %,1.4
Samanco,2022 - I,11/07/22,355,8.2,42.7 %,9.6
Samanco,2022 - I,15/07/22,323,6.0,64.2 %,20.2
Samanco,2022 - II,23/11/22,898,11.6,30.3 %,4.3
Samanco,2022 - II,24/11/22,894,10.5,26.2 %,1.0
Samanco,2022 - II,25/11/22,827,6.5,7.6 %,0.0
Samanco,2022 - II,26/11/22,852,18.6,6.0 %,2.0
Samanco,2022 - II,27/11/22,"1,095",10.6,4.4 %,1.2
Samanco,2022 - II,28/11/22,"1,157",12.0,20.5 %,0.0
Samanco,2022 - II,29/11/22,362,10.8,12.9 %,15.7
Samanco,2022 - II,30/11/22,189,15.2,3.7 %,0.0
Samanco,2022 - II,1/12/22,997,17.1,19.9 %,0.0
Samanco,2022 - II,2/12/22,207,19.3,15.1 %,0.0
Samanco,2022 - II,4/12/22,"1,347",18.1,0.9 %,0.4
Samanco,2022 - II,6/12/22,"1,027",17.4,0.3 %,1.2
Samanco,2022 - II,8/12/22,"1,152",11.6,20.6 %,17.9
Samanco,2022 - II,9/12/22,788,13.1,17.3 %,1.5
Samanco,2022 - II,10/12/22,498,11.0,24.8 %,15.8
Samanco,2022 - II,11/12/22,"1,116",34.1,40.6 %,1.8
Samanco,2022 - II,12/12/22,934,28.7,21.0 %,1.0
Samanco,2022 - II,13/12/22,108,5.6,13.3 %,3.4
Samanco,2022 - II,14/12/22,977,25.6,20.9 %,0.0
Samanco,2022 - II,15/12/22,"1,354",22.9,14.7 %,0.0
Samanco,2022 - II,17/12/22,599,12.9,3.7 %,0.0
Samanco,2022 - II,18/12/22,655,14.1,1.6 %,0.0
Samanco,2022 - II,19/12/22,346,12.4,0.7 %,0.0
Samanco,2022 - II,20/12/22,776,11.0,24.0 %,0.8
Samanco,2022 - II,21/12/22,249,14.9,53.8 %,0.1
Samanco,2022 - II,27/12/22,287,9.0,17.3 %,16.1
Samanco,2022 - II,1/01/23,212,12.8,21.8 %,0.0
Samanco,2022 - II,7/01/23,41,10.4,47.2 %,0.0
Samanco,2022 - II,13/01/23,123,41.9,10.7 %,0.0
Samanco,2023 - I,,848,NaN,,0.0
Samanco,2023 - II,25/10/23,331,10.4,30.8 %,0.0
Samanco,2023 - II,28/10/23,316,11.8,10.9 %,0.0
Samanco,2023 - II,29/10/23,109,12.3,7.7 %,0.0
Samanco,2023 - II,31/10/23,291,21.8,68.8 %,0.0
Samanco,2023 - II,1/11/23,408,21.5,80.5 %,0.0
Samanco,2023 - II,3/11/23,867,23.5,41.8 %,0.0
Samanco,2023 - II,6/11/23,609,22.8,33.6 %,0.0
Samanco,2023 - II,11/11/23,312,17.6,37.0 %,0.0
Samanco,2023 - II,13/11/23,"1,138",14.3,41.5 %,0.0
Samanco,2023 - II,14/11/23,593,22.0,27.7 %,0.0
Samanco,2023 - II,16/11/23,55,10.0,3.3 %,0.0
Samanco,2024 - I,16/04/24,"1,110",16.7,32.1 %,0.0
Samanco,2024 - I,17/04/24,"1,074",15.2,47.5 %,0.0
Samanco,2024 - I,18/04/24,494,18.1,35.0 %,0.4
Samanco,2024 - I,19/04/24,846,20.5,23.9 %,0.0
Samanco,2024 - I,21/04/24,"1,132",16.0,31.5 %,0.0
Samanco,2024 - I,22/04/24,699,15.3,35.4 %,0.0
Samanco,2024 - I,23/04/24,"1,156",19.9,35.8 %,0.0
Samanco,2024 - I,24/04/24,987,17.5,69.9 %,0.0
Samanco,2024 - I,25/04/24,"1,013",14.6,49.6 %,0.0
Samanco,2024 - I,26/04/24,702,19.8,88.4 %,0.0
Samanco,2024 - I,28/04/24,542,26.4,55.1 %,0.6
Samanco,2024 - I,29/04/24,685,12.4,76.4 %,0.6
Samanco,2024 - I,1/05/24,"1,062",14.3,24.5 %,0.0
Samanco,2024 - I,2/05/24,497,15.1,33.0 %,0.0
Samanco,2024 - I,3/05/24,229,14.4,31.5 %,0.0
Samanco,2024 - I,4/05/24,517,30.7,66.6 %,0.0
Samanco,2024 - I,7/05/24,895,21.4,17.7 %,0.2
Samanco,2024 - I,8/05/24,"1,264",25.4,32.6 %,0.0
Samanco,2024 - I,10/05/24,784,26.0,38.7 %,1.4
Samanco,2024 - I,11/05/24,"1,091",21.1,16.2 %,0.0
Samanco,2024 - I,12/05/24,282,28.3,47.2 %,2.3
Samanco,2024 - I,14/05/24,415,20.0,3.8 %,0.0
Samanco,2024 - I,15/05/24,"1,055",13.4,10.9 %,0.0
Samanco,2024 - I,16/05/24,924,16.2,5.4 %,0.0
Samanco,2024 - I,17/05/24,739,7.8,17.1 %,0.0
Samanco,2024 - I,19/05/24,849,9.9,4.2 %,0.0
Samanco,2024 - I,20/05/24,"1,552",18.0,12.9 %,0.0
Samanco,2024 - I,22/05/24,"1,010",11.5,8.5 %,0.0
Samanco,2024 - I,23/05/24,"1,111",13.2,3.2 %,0.0
Samanco,2024 - I,24/05/24,"1,033",19.4,13.6 %,0.0
Samanco,2024 - I,26/05/24,"1,209",23.5,10.0 %,0.0
Samanco,2024 - I,27/05/24,"1,200",29.1,0.2 %,0.0
Samanco,2024 - I,28/05/24,638,12.7,21.1 %,0.0
Samanco,2024 - I,29/05/24,727,19.1,4.2 %,0.0
Samanco,2024 - I,30/05/24,993,14.6,9.6 %,0.0
Samanco,2024 - I,31/05/24,839,14.7,11.5 %,0.0
Samanco,2024 - I,1/06/24,864,11.5,5.0 %,1.3
Samanco,2024 - I,2/06/24,"1,071",14.2,5.8 %,0.0
Samanco,2024 - I,3/06/24,"1,276",14.5,7.5 %,0.1
Samanco,2024 - I,4/06/24,931,15.8,6.1 %,0.0
Samanco,2024 - I,5/06/24,"1,145",16.9,3.1 %,0.0
Samanco,2024 - I,6/06/24,600,14.3,3.2 %,0.0
Samanco,2024 - II,5/11/24,"1,169",11.8,0.5 %,0.0
Samanco,2024 - II,6/11/24,192,16.3,15.3 %,0.0
Samanco,2024 - II,7/11/24,356,20.6,0.0 %,0.0
Samanco,2024 - II,8/11/24,"1,168",11.9,0.1 %,0.0
Samanco,2024 - II,9/11/24,496,11.2,2.2 %,0.0
Samanco,2024 - II,10/11/24,"1,160",11.4,3.2 %,0.0
Samanco,2024 - II,11/11/24,"1,122",13.7,4.7 %,0.0
Samanco,2024 - II,12/11/24,446,18.1,3.8 %,0.0
Samanco,2024 - II,13/11/24,460,12.3,0.6 %,0.0
Samanco,2024 - II,14/11/24,276,15.0,0.4 %,0.0
Samanco,2024 - II,15/11/24,338,14.8,0.0 %,0.0
Samanco,2024 - II,16/11/24,234,11.8,3.8 %,0.0
Samanco,2024 - II,17/11/24,"1,183",12.9,0.3 %,0.0
Samanco,2024 - II,18/11/24,393,20.2,3.5 %,0.0
Samanco,2024 - II,19/11/24,200,16.3,7.1 %,3.4
Samanco,2024 - II,20/11/24,495,14.0,26.7 %,10.6
Samanco,2024 - II,21/11/24,"1,020",13.3,5.2 %,2.7
Samanco,2024 - II,22/11/24,"1,057",16.6,22.2 %,2.7
Samanco,2024 - II,23/11/24,796,23.5,11.6 %,3.2
Samanco,2024 - II,24/11/24,606,11.6,1.7 %,1.5
Samanco,2024 - II,26/11/24,737,25.1,12.1 %,1.5
Samanco,2024 - II,27/11/24,497,19.0,20.8 %,5.2
Samanco,2024 - II,3/12/24,"1,014",15.4,30.0 %,7.1
Samanco,2024 - II,4/12/24,508,12.4,2.4 %,1.2
Samanco,2024 - II,7/12/24,532,13.7,8.1 %,2.3
Samanco,2024 - II,8/12/24,587,24.5,2.5 %,3.4
Samanco,2024 - II,9/12/24,745,23.6,5.8 %,0.3
Samanco,2024 - II,12/12/24,"1,116",13.6,23.3 %,3.4
Samanco,2024 - II,13/12/24,"1,144",22.8,2.1 %,4.5
Samanco,2024 - II,14/12/24,873,10.8,0.0 %,0.0
Samanco,2024 - II,16/12/24,755,13.7,1.5 %,0.0
Samanco,2024 - II,17/12/24,550,27.7,12.4 %,2.6
Samanco,2024 - II,19/12/24,510,14.2,0.0 %,4.4
Samanco,2024 - II,20/12/24,"1,038",16.0,5.8 %,16.8
Samanco,2024 - II,21/12/24,891,11.5,0.9 %,1.7
Samanco,2024 - II,22/12/24,"1,247",12.6,30.6 %,3.6
Samanco,2024 - II,23/12/24,"1,408",18.8,14.0 %,1.7
Samanco,2024 - II,26/12/24,720,12.7,25.0 %,6.1
Samanco,2024 - II,27/12/24,564,17.8,39.4 %,1.8
Samanco,2024 - II,30/12/24,347,12.5,0.0 %,1.2
Samanco,2024 - II,1/01/25,694,11.3,28.9 %,3.5
Samanco,2024 - II,2/01/25,486,13.2,32.8 %,1.9
Samanco,2024 - II,3/01/25,162,12.6,61.3 %,7.2
Samanco,2024 - II,5/01/25,411,13.3,1.3 %,3.8
Samanco,2024 - II,6/01/25,708,12.0,55.3 %,0.0
Samanco,2024 - II,7/01/25,836,12.3,71.5 %,6.8
Samanco,2024 - II,8/01/25,280,26.9,54.5 %,16.6
Samanco,2024 - II,9/01/25,731,25.3,65.0 %,11.4
Samanco,2024 - II,11/01/25,905,26.4,63.4 %,0.0
Samanco,2024 - II,12/01/25,363,11.4,35.0 %,8.9
Samanco,2024 - II,13/01/25,974,16.1,9.2 %,34.8
Supe,2019 - II,,"18,720",18.2,0.2 %,2.3
Supe,2020 - II,,158,21.9,0.0 %,0.0
Supe,2020 - II,13/11/20,335,11.1,2.1 %,0.2
Supe,2020 - II,14/11/20,"1,619",15.1,2.3 %,2.8
Supe,2020 - II,15/11/20,706,12.3,0.0 %,0.0
Supe,2020 - II,16/11/20,"1,506",19.3,6.8 %,0.4
Supe,2020 - II,17/11/20,549,12.4,9.2 %,7.7
Supe,2020 - II,18/11/20,853,11.6,25.8 %,6.1
Supe,2020 - II,19/11/20,717,23.2,16.4 %,7.9
Supe,2020 - II,22/11/20,820,16.5,1.0 %,0.0
Supe,2020 - II,23/11/20,572,15.7,0.2 %,1.0
Supe,2020 - II,24/11/20,874,13.2,2.6 %,6.6
Supe,2020 - II,25/11/20,825,13.3,0.0 %,0.0
Supe,2020 - II,26/11/20,"1,392",16.6,0.0 %,0.1
Supe,2020 - II,28/11/20,75,8.7,56.5 %,0.0
Supe,2020 - II,29/11/20,"1,051",29.4,1.2 %,0.6
Supe,2020 - II,30/11/20,907,29.4,3.6 %,1.3
Supe,2020 - II,1/12/20,427,13.9,2.1 %,0.8
Supe,2020 - II,2/12/20,"1,091",25.7,7.2 %,0.0
Supe,2020 - II,3/12/20,449,13.9,26.1 %,0.0
Supe,2020 - II,4/12/20,939,25.8,1.5 %,0.1
Supe,2020 - II,5/12/20,34,8.9,60.4 %,0.0
Supe,2020 - II,6/12/20,939,29.4,2.0 %,0.0
Supe,2020 - II,7/12/20,844,12.6,22.1 %,6.9
Supe,2020 - II,9/12/20,609,14.3,0.0 %,6.3
Supe,2020 - II,10/12/20,806,12.7,0.3 %,0.0
Supe,2020 - II,11/12/20,866,13.2,0.0 %,0.0
Supe,2020 - II,12/12/20,952,15.3,0.0 %,0.0
Supe,2020 - II,13/12/20,"1,401",18.3,1.4 %,0.1
Supe,2020 - II,14/12/20,874,14.6,1.8 %,1.2
Supe,2020 - II,15/12/20,806,11.1,2.1 %,7.0
Supe,2020 - II,16/12/20,981,13.9,3.8 %,1.4
Supe,2020 - II,17/12/20,"1,290",28.0,1.5 %,1.6
Supe,2020 - II,18/12/20,529,11.5,0.0 %,2.5
Supe,2020 - II,19/12/20,"1,351",9.9,14.8 %,3.2
Supe,2020 - II,21/12/20,753,28.9,0.0 %,0.0
Supe,2020 - II,22/12/20,"1,274",26.8,0.0 %,2.2
Supe,2020 - II,23/12/20,562,42.6,2.2 %,12.8
Supe,2020 - II,26/12/20,"1,158",30.1,0.0 %,4.4
Supe,2020 - II,27/12/20,"1,199",21.8,0.0 %,2.6
Supe,2020 - II,29/12/20,234,13.3,2.6 %,0.0
Supe,2020 - II,30/12/20,587,34.7,0.7 %,4.1
Supe,2020 - II,31/12/20,874,41.8,0.0 %,0.0
Supe,2020 - II,4/01/21,696,33.9,0.0 %,1.7
Supe,2020 - II,5/01/21,570,18.1,0.0 %,1.7
Supe,2020 - II,7/01/21,734,16.5,17.6 %,1.7
Supe,2020 - II,8/01/21,658,15.1,7.1 %,2.1
Supe,2020 - II,10/01/21,689,11.4,11.1 %,3.3
Supe,2020 - II,11/01/21,"1,011",8.5,16.4 %,3.8
Supe,2020 - II,12/01/21,"1,651",10.6,13.5 %,8.5
Supe,2020 - II,13/01/21,"1,208",11.3,24.2 %,4.2
Supe,2020 - II,15/01/21,594,9.1,31.6 %,3.7
Supe,2020 - II,16/01/21,601,10.3,29.2 %,4.6
Supe,2021 - I,30/04/21,660,14.3,2.2 %,2.5
Supe,2021 - I,1/05/21,793,16.2,11.5 %,7.6
Supe,2021 - I,3/05/21,426,10.7,42.0 %,1.4
Supe,2021 - I,4/05/21,"1,285",12.3,15.4 %,0.1
Supe,2021 - I,5/05/21,"1,534",14.8,7.9 %,0.0
Supe,2021 - I,6/05/21,"1,119",12.8,9.5 %,0.0
Supe,2021 - I,7/05/21,"1,723",18.7,20.8 %,0.0
Supe,2021 - I,8/05/21,817,21.8,25.8 %,0.8
Supe,2021 - I,9/05/21,932,11.4,15.8 %,0.0
Supe,2021 - I,10/05/21,279,26.8,0.0 %,0.0
Supe,2021 - I,11/05/21,"1,162",21.3,12.7 %,0.0
Supe,2021 - I,14/05/21,836,18.0,0.8 %,0.0
Supe,2021 - I,23/05/21,"1,302",20.9,1.7 %,0.5
Supe,2021 - I,24/05/21,"1,078",29.2,12.9 %,0.2
Supe,2021 - I,25/05/21,749,19.7,0.0 %,0.0
Supe,2021 - I,30/05/21,"1,232",36.1,36.6 %,0.0
Supe,2021 - I,3/06/21,"1,145",14.9,19.2 %,0.0
Supe,2021 - I,4/06/21,352,9.1,15.1 %,0.1
Supe,2021 - II,15/11/21,474,12.0,0.0 %,0.0
Supe,2021 - II,16/11/21,956,15.5,11.3 %,7.8
Supe,2021 - II,17/11/21,"1,036",13.1,0.0 %,0.1
Supe,2021 - II,18/11/21,"1,109",12.0,7.0 %,0.0
Supe,2021 - II,19/11/21,"1,642",13.5,2.9 %,0.1
Supe,2021 - II,20/11/21,"1,742",13.6,3.5 %,0.2
Supe,2021 - II,21/11/21,"1,320",15.0,2.7 %,0.2
Supe,2021 - II,22/11/21,927,6.5,0.0 %,1.2
Supe,2021 - II,23/11/21,"1,491",12.8,1.7 %,3.5
Supe,2021 - II,24/11/21,"1,191",10.3,4.1 %,3.3
Supe,2021 - II,25/11/21,"1,563",15.5,0.3 %,0.0
Supe,2021 - II,26/11/21,"1,552",16.1,0.0 %,0.0
Supe,2021 - II,27/11/21,"1,354",14.1,0.3 %,0.0
Supe,2021 - II,28/11/21,"1,750",13.0,1.1 %,0.0
Supe,2021 - II,29/11/21,"1,741",14.4,3.4 %,0.2
Supe,2021 - II,30/11/21,210,13.0,1.6 %,0.0
Supe,2021 - II,1/12/21,"1,660",13.7,0.0 %,0.0
Supe,2021 - II,2/12/21,"1,689",19.7,3.9 %,0.0
Supe,2021 - II,3/12/21,"1,748",24.1,2.3 %,0.0
Supe,2021 - II,4/12/21,"1,520",12.2,2.0 %,0.0
Supe,2021 - II,5/12/21,869,25.2,11.3 %,0.0
Supe,2021 - II,6/12/21,"1,784",14.1,3.6 %,0.0
Supe,2021 - II,7/12/21,"1,253",14.0,4.1 %,0.0
Supe,2021 - II,8/12/21,"1,031",16.5,14.8 %,7.3
Supe,2021 - II,9/12/21,722,16.3,13.8 %,4.8
Supe,2021 - II,10/12/21,811,12.3,5.8 %,9.3
Supe,2021 - II,11/12/21,"1,012",12.9,4.1 %,9.5
Supe,2021 - II,12/12/21,509,8.6,6.8 %,1.4
Supe,2021 - II,13/12/21,728,11.6,7.2 %,8.0
Supe,2021 - II,15/12/21,855,12.2,4.6 %,2.3
Supe,2021 - II,16/12/21,"1,619",12.7,44.3 %,11.7
Supe,2021 - II,17/12/21,613,11.0,27.4 %,8.4
Supe,2022 - I,5/05/22,"1,653",14.0,60.9 %,3.1
Supe,2022 - I,6/05/22,"1,488",13.8,51.5 %,1.3
Supe,2022 - I,7/05/22,"1,601",13.8,14.7 %,3.8
Supe,2022 - I,8/05/22,"1,675",19.8,46.4 %,5.2
Supe,2022 - I,11/05/22,"1,123",32.9,22.0 %,0.0
Supe,2022 - I,12/05/22,"1,813",12.7,36.1 %,5.6
Supe,2022 - I,13/05/22,"1,665",14.4,56.3 %,11.0
Supe,2022 - I,14/05/22,"2,270",16.4,46.8 %,0.9
Supe,2022 - I,16/05/22,"1,830",28.4,7.7 %,0.8
Supe,2022 - I,17/05/22,76,31.3,6.4 %,0.6
Supe,2022 - I,19/05/22,"1,920",17.1,10.2 %,0.1
Supe,2022 - I,21/05/22,"1,488",16.5,9.8 %,0.0
Supe,2022 - I,22/05/22,"1,478",12.6,14.5 %,0.0
Supe,2022 - I,23/05/22,653,15.4,21.4 %,0.0
Supe,2022 - I,24/05/22,484,11.3,30.0 %,0.0
Supe,2022 - I,26/05/22,"1,095",19.6,39.8 %,0.0
Supe,2022 - I,27/05/22,621,11.1,13.1 %,0.0
Supe,2022 - I,28/05/22,"1,684",26.8,27.5 %,1.1
Supe,2022 - I,29/05/22,427,14.3,21.9 %,0.1
Supe,2022 - I,30/05/22,990,21.9,20.3 %,0.4
Supe,2022 - I,31/05/22,"1,163",14.7,10.2 %,0.1
Supe,2022 - I,1/06/22,961,20.5,12.6 %,0.0
Supe,2022 - I,2/06/22,"1,440",28.0,15.2 %,0.0
Supe,2022 - I,3/06/22,"1,274",16.3,28.6 %,6.1
Supe,2022 - I,9/06/22,237,7.7,0.8 %,0.0
Supe,2022 - I,10/06/22,454,12.9,15.2 %,0.0
Supe,2022 - I,11/06/22,"1,930",22.3,11.1 %,6.1
Supe,2022 - I,12/06/22,"1,094",16.2,11.1 %,5.4
Supe,2022 - I,13/06/22,"1,008",17.7,30.6 %,22.8
Supe,2022 - I,15/06/22,"1,128",20.0,20.1 %,1.9
Supe,2022 - I,16/06/22,"1,191",10.6,25.6 %,1.8
Supe,2022 - I,17/06/22,744,19.9,33.2 %,15.3
Supe,2022 - I,18/06/22,"1,580",26.4,31.9 %,2.7
Supe,2022 - I,19/06/22,"1,155",16.3,67.4 %,3.4
Supe,2022 - I,20/06/22,"1,260",10.3,19.2 %,0.4
Supe,2022 - I,21/06/22,"1,928",15.6,10.5 %,0.5
Supe,2022 - I,22/06/22,"1,519",18.7,7.4 %,0.0
Supe,2022 - I,2/07/22,852,9.3,36.2 %,0.0
Supe,2022 - I,3/07/22,"1,289",22.4,3.6 %,2.1
Supe,2022 - I,5/07/22,930,12.2,27.4 %,2.3
Supe,2022 - I,6/07/22,"1,127",5.8,54.0 %,3.5
Supe,2022 - I,7/07/22,683,10.7,48.4 %,10.6
Supe,2022 - I,9/07/22,904,32.8,0.0 %,0.0
Supe,2022 - I,11/07/22,314,15.8,48.8 %,7.4
Supe,2022 - II,23/11/22,"1,413",13.3,19.8 %,0.7
Supe,2022 - II,26/11/22,777,32.0,4.3 %,0.1
Supe,2022 - II,28/11/22,"1,671",22.7,21.5 %,3.1
Supe,2022 - II,30/11/22,808,14.1,5.2 %,0.0
Supe,2022 - II,4/12/22,"1,112",8.6,59.1 %,4.7
Supe,2022 - II,5/12/22,687,13.3,0.5 %,0.0
Supe,2022 - II,6/12/22,762,11.4,4.3 %,0.0
Supe,2022 - II,8/12/22,344,33.2,4.4 %,4.4
Supe,2022 - II,9/12/22,579,10.0,52.9 %,3.8
Supe,2022 - II,10/12/22,356,7.2,52.8 %,1.0
Supe,2022 - II,12/12/22,960,37.9,11.8 %,0.4
Supe,2022 - II,14/12/22,"1,747",15.5,5.3 %,0.0
Supe,2022 - II,15/12/22,858,12.3,13.1 %,0.3
Supe,2022 - II,16/12/22,832,11.7,6.2 %,0.0
Supe,2022 - II,17/12/22,"1,497",17.4,16.0 %,0.9
Supe,2022 - II,18/12/22,"1,260",13.5,0.4 %,0.0
Supe,2022 - II,19/12/22,"1,427",13.7,2.5 %,0.0
Supe,2022 - II,20/12/22,"1,723",16.7,17.5 %,0.2
Supe,2022 - II,21/12/22,"1,310",19.9,40.4 %,1.0
Supe,2022 - II,22/12/22,103,13.2,26.9 %,1.8
Supe,2022 - II,27/12/22,597,15.6,23.8 %,2.7
Supe,2022 - II,29/12/22,"1,113",16.7,2.8 %,0.0
Supe,2022 - II,30/12/22,592,11.4,20.8 %,1.1
Supe,2022 - II,2/01/23,428,7.4,54.4 %,0.5
Supe,2022 - II,14/01/23,570,10.7,71.9 %,5.7
Supe,2023 - II,21/10/23,"1,702",11.4,65.1 %,0.0
Supe,2023 - II,22/10/23,"1,331",12.5,86.6 %,0.0
Supe,2023 - II,25/10/23,584,12.8,84.8 %,0.0
Supe,2023 - II,26/10/23,979,14.6,51.9 %,0.0
Supe,2023 - II,31/10/23,"1,644",11.1,65.5 %,0.0
Supe,2023 - II,1/11/23,"1,746",20.4,84.1 %,0.0
Supe,2023 - II,2/11/23,"1,188",14.3,37.5 %,0.0
Supe,2023 - II,3/11/23,"1,921",22.3,19.6 %,0.0
Supe,2023 - II,5/11/23,"1,765",16.4,67.4 %,5.4
Supe,2023 - II,6/11/23,"1,702",14.1,31.2 %,0.0
Supe,2023 - II,7/11/23,"1,161",22.1,39.8 %,0.0
Supe,2023 - II,8/11/23,"1,678",19.0,12.2 %,0.0
Supe,2023 - II,9/11/23,"1,699",20.8,32.5 %,0.0
Supe,2023 - II,11/11/23,"1,769",12.7,48.9 %,0.2
Supe,2023 - II,12/11/23,831,12.0,65.1 %,0.0
Supe,2023 - II,13/11/23,982,17.6,41.1 %,0.0
Supe,2023 - II,14/11/23,407,16.6,44.8 %,0.0
Supe,2023 - II,15/11/23,604,29.2,44.7 %,0.0
Supe,2023 - II,21/11/23,"1,518",23.2,34.8 %,0.0
Supe,2023 - II,22/11/23,568,15.8,20.2 %,0.0
Supe,2023 - II,23/11/23,776,13.1,25.2 %,0.0
Supe,2023 - II,28/11/23,298,9.7,7.8 %,0.0
Supe,2023 - II,30/11/23,94,10.0,36.0 %,0.0
Supe,2023 - II,1/12/23,177,9.3,29.8 %,0.0
Supe,2024 - I,17/04/24,"1,761",21.1,79.7 %,0.9
Supe,2024 - I,19/04/24,311,10.7,16.3 %,0.0
Supe,2024 - I,24/04/24,664,10.0,57.7 %,0.5
Supe,2024 - I,25/04/24,"1,686",30.1,70.4 %,0.0
Supe,2024 - I,27/04/24,"1,006",17.5,61.9 %,0.0
Supe,2024 - I,28/04/24,499,11.1,63.9 %,3.4
Supe,2024 - I,29/04/24,"1,238",12.8,66.6 %,4.0
Supe,2024 - I,30/04/24,"1,754",29.1,61.2 %,0.1
Supe,2024 - I,1/05/24,"1,345",14.8,74.9 %,4.3
Supe,2024 - I,2/05/24,"1,692",12.5,40.6 %,0.0
Supe,2024 - I,3/05/24,"1,438",16.0,70.3 %,2.9
Supe,2024 - I,4/05/24,298,9.1,31.8 %,1.0
Supe,2024 - I,5/05/24,"1,494",20.1,66.6 %,9.8
Supe,2024 - I,6/05/24,470,10.6,22.3 %,0.1
Supe,2024 - I,7/05/24,521,17.9,30.1 %,2.0
Supe,2024 - I,8/05/24,"1,664",14.0,28.0 %,0.3
Supe,2024 - I,9/05/24,885,12.9,4.7 %,0.0
Supe,2024 - I,10/05/24,"1,986",11.3,2.9 %,0.0
Supe,2024 - I,11/05/24,"1,291",15.2,23.2 %,0.3
Supe,2024 - I,12/05/24,358,13.9,94.3 %,36.9
Supe,2024 - I,14/05/24,872,9.6,55.0 %,1.5
Supe,2024 - I,15/05/24,926,12.0,27.2 %,0.7
Supe,2024 - I,19/05/24,747,12.1,6.6 %,0.1
Supe,2024 - I,20/05/24,810,12.5,12.1 %,0.0
Supe,2024 - I,21/05/24,"1,242",16.6,2.6 %,0.0
Supe,2024 - I,22/05/24,863,10.4,22.1 %,0.0
Supe,2024 - I,23/05/24,"1,637",13.5,30.5 %,0.0
Supe,2024 - I,24/05/24,891,15.0,13.8 %,0.7
Supe,2024 - I,25/05/24,740,11.2,52.7 %,1.8
Supe,2024 - I,26/05/24,"1,094",22.1,57.1 %,13.5
Supe,2024 - I,27/05/24,643,21.4,32.7 %,3.1
Supe,2024 - I,28/05/24,879,12.2,14.7 %,0.0
Supe,2024 - I,29/05/24,485,10.6,19.1 %,0.0
Supe,2024 - I,30/05/24,862,11.6,21.2 %,4.1
Supe,2024 - I,31/05/24,255,11.6,64.9 %,6.1
Supe,2024 - I,4/06/24,"1,609",26.9,4.0 %,0.1
Supe,2024 - II,1/11/24,"1,514",13.7,5.4 %,0.2
Supe,2024 - II,2/11/24,"1,061",14.5,1.5 %,0.7
Supe,2024 - II,3/11/24,"1,396",13.9,6.5 %,5.8
Supe,2024 - II,4/11/24,"1,310",18.7,4.6 %,1.1
Supe,2024 - II,5/11/24,"1,300",13.1,6.4 %,0.0
Supe,2024 - II,8/11/24,339,23.3,17.7 %,0.0
Supe,2024 - II,10/11/24,"1,619",15.0,6.9 %,4.1
Supe,2024 - II,11/11/24,"1,400",20.5,25.1 %,0.8
Supe,2024 - II,12/11/24,592,16.7,4.9 %,0.0
Supe,2024 - II,13/11/24,"1,447",18.6,5.5 %,0.8
Supe,2024 - II,14/11/24,"1,460",12.9,3.5 %,1.5
Supe,2024 - II,15/11/24,"1,425",20.4,4.3 %,0.0
Supe,2024 - II,16/11/24,496,11.5,34.0 %,0.2
Supe,2024 - II,17/11/24,408,10.5,5.7 %,7.0
Supe,2024 - II,23/11/24,897,12.6,28.3 %,17.2
Supe,2024 - II,24/11/24,"1,410",9.3,37.1 %,1.6
Supe,2024 - II,9/12/24,554,14.2,9.6 %,2.8
Supe,2024 - II,13/12/24,"1,537",24.6,0.0 %,0.6
Supe,2024 - II,15/12/24,590,17.4,32.3 %,21.1
Supe,2024 - II,17/12/24,"1,288",16.9,26.7 %,2.0
Supe,2024 - II,18/12/24,228,13.8,1.1 %,22.2
Supe,2024 - II,23/12/24,"1,901",25.3,8.1 %,0.9
Supe,2024 - II,27/12/24,"1,435",16.5,42.7 %,11.9
Supe,2024 - II,30/12/24,"1,769",14.8,4.7 %,14.7
Supe,2024 - II,31/12/24,449,6.8,5.1 %,9.4
Supe,2024 - II,5/01/25,"1,503",13.9,15.7 %,4.4
Supe,2024 - II,6/01/25,895,16.3,19.4 %,8.7
Supe,2024 - II,7/01/25,"1,607",12.1,0.2 %,10.0
Supe,2024 - II,8/01/25,438,8.8,1.9 %,15.6
Supe,2024 - II,9/01/25,904,12.4,5.7 %,7.3
Supe,2024 - II,10/01/25,400,8.8,16.8 %,23.0
Supe,2024 - II,11/01/25,17,9.5,0.0 %,45.0
Supe,2024 - II,12/01/25,990,15.6,6.6 %,1.9
Supe,2024 - II,13/01/25,"1,471",20.5,7.8 %,14.1
Supe,2024 - II,14/01/25,33,6.0,3.3 %,5.5
Supe,2024 - II,15/01/25,229,6.5,8.5 %,5.3
Supe,2024 - II,16/01/25,298,6.1,9.4 %,1.2
Supe,2024 - II,17/01/25,376,11.0,25.0 %,2.0
Vegueta,2019 - II,,"30,595",22.9,0.2 %,0.4
Vegueta,2020 - I,,"98,573",18.1,17.0 %,0.8
Vegueta,2020 - II,,280,29.1,0.0 %,14.3
Vegueta,2020 - II,12/11/20,446,9.2,1.3 %,0.1
Vegueta,2020 - II,13/11/20,"1,322",10.7,0.7 %,0.1
Vegueta,2020 - II,14/11/20,"2,498",16.3,9.3 %,0.0
Vegueta,2020 - II,15/11/20,591,10.0,1.5 %,0.0
Vegueta,2020 - II,16/11/20,"2,457",22.0,19.4 %,0.6
Vegueta,2020 - II,17/11/20,"1,591",16.2,16.1 %,3.4
Vegueta,2020 - II,18/11/20,"2,462",12.9,26.8 %,4.3
Vegueta,2020 - II,19/11/20,"1,478",17.4,21.2 %,2.3
Vegueta,2020 - II,20/11/20,767,14.1,1.6 %,2.6
Vegueta,2020 - II,21/11/20,613,10.6,1.4 %,0.0
Vegueta,2020 - II,22/11/20,"1,999",18.0,0.1 %,0.0
Vegueta,2020 - II,23/11/20,"1,299",10.5,0.0 %,0.1
Vegueta,2020 - II,24/11/20,"1,288",12.5,2.4 %,0.5
Vegueta,2020 - II,25/11/20,"1,519",12.1,0.0 %,0.0
Vegueta,2020 - II,26/11/20,"2,275",15.6,0.0 %,0.0
Vegueta,2020 - II,27/11/20,"1,212",14.0,6.8 %,4.3
Vegueta,2020 - II,30/11/20,"1,956",30.7,4.0 %,0.0
Vegueta,2020 - II,2/12/20,"1,414",31.1,1.1 %,0.0
Vegueta,2020 - II,3/12/20,491,11.1,28.5 %,0.0
Vegueta,2020 - II,4/12/20,"1,130",31.6,3.7 %,0.0
Vegueta,2020 - II,6/12/20,"1,962",15.4,2.4 %,0.7
Vegueta,2020 - II,7/12/20,"1,636",14.3,14.4 %,0.8
Vegueta,2020 - II,8/12/20,"1,606",11.4,14.7 %,7.4
Vegueta,2020 - II,9/12/20,752,10.9,6.6 %,0.6
Vegueta,2020 - II,12/12/20,964,16.6,0.6 %,0.8
Vegueta,2020 - II,13/12/20,"1,855",17.1,0.0 %,0.0
Vegueta,2020 - II,14/12/20,"1,278",13.6,0.6 %,6.9
Vegueta,2020 - II,15/12/20,"1,221",9.4,3.5 %,10.7
Vegueta,2020 - II,16/12/20,"1,382",12.5,0.0 %,3.0
Vegueta,2020 - II,17/12/20,"2,333",30.4,0.2 %,0.9
Vegueta,2020 - II,19/12/20,"2,426",11.6,13.3 %,6.6
Vegueta,2020 - II,20/12/20,197,6.9,4.5 %,11.2
Vegueta,2020 - II,21/12/20,718,27.5,0.0 %,2.5
Vegueta,2020 - II,22/12/20,966,28.3,0.0 %,3.6
Vegueta,2020 - II,23/12/20,688,39.8,0.0 %,3.5
Vegueta,2020 - II,26/12/20,558,27.9,0.0 %,0.4
Vegueta,2020 - II,27/12/20,"1,520",24.7,0.8 %,0.0
Vegueta,2020 - II,28/12/20,"1,042",36.2,0.0 %,0.3
Vegueta,2020 - II,31/12/20,"1,408",41.2,0.0 %,3.7
Vegueta,2020 - II,6/01/21,"1,129",7.7,28.6 %,0.8
Vegueta,2020 - II,9/01/21,816,10.9,6.2 %,2.9
Vegueta,2020 - II,10/01/21,994,13.2,18.5 %,1.6
Vegueta,2020 - II,11/01/21,"1,450",10.6,7.0 %,1.5
Vegueta,2020 - II,12/01/21,"2,278",13.6,21.2 %,4.8
Vegueta,2020 - II,13/01/21,"1,490",13.1,24.5 %,2.9
Vegueta,2020 - II,15/01/21,454,9.5,49.3 %,9.2
Vegueta,2020 - II,16/01/21,896,13.3,26.6 %,1.2
Vegueta,2020 - II,18/01/21,664,8.3,67.2 %,0.4
Vegueta,2020 - II,19/01/21,"1,578",7.2,22.0 %,1.9
Vegueta,2020 - II,21/01/21,698,8.4,31.4 %,4.3
Vegueta,2021 - I,30/04/21,"1,741",11.9,29.0 %,0.8
Vegueta,2021 - I,1/05/21,"2,643",14.5,15.9 %,3.0
Vegueta,2021 - I,2/05/21,"2,973",13.5,7.7 %,0.3
Vegueta,2021 - I,3/05/21,"1,188",10.6,25.8 %,0.9
Vegueta,2021 - I,4/05/21,"2,656",12.9,15.2 %,0.0
Vegueta,2021 - I,5/05/21,"2,533",14.2,17.8 %,0.0
Vegueta,2021 - I,6/05/21,"2,586",13.8,12.9 %,0.6
Vegueta,2021 - I,7/05/21,"2,693",14.0,11.4 %,0.0
Vegueta,2021 - I,8/05/21,"2,048",13.8,36.6 %,0.1
Vegueta,2021 - I,9/05/21,"2,410",15.6,33.5 %,0.0
Vegueta,2021 - I,10/05/21,336,10.4,59.8 %,0.0
Vegueta,2021 - I,11/05/21,524,13.2,18.1 %,0.1
Vegueta,2021 - I,12/05/21,"1,817",13.3,30.9 %,1.4
Vegueta,2021 - I,13/05/21,915,10.2,59.1 %,0.0
Vegueta,2021 - I,14/05/21,711,10.1,22.7 %,0.0
Vegueta,2021 - I,15/05/21,"3,261",25.2,7.0 %,0.7
Vegueta,2021 - I,16/05/21,"1,832",11.1,36.6 %,0.0
Vegueta,2021 - I,18/05/21,973,11.5,43.1 %,1.1
Vegueta,2021 - I,22/05/21,"1,275",9.8,50.8 %,0.0
Vegueta,2021 - I,23/05/21,"4,275",30.0,2.3 %,0.0
Vegueta,2021 - I,24/05/21,794,16.7,8.4 %,0.0
Vegueta,2021 - I,28/05/21,102,14.6,41.3 %,0.0
Vegueta,2021 - I,29/05/21,"1,218",8.5,4.1 %,0.0
Vegueta,2021 - I,30/05/21,"3,055",17.3,17.0 %,0.0
Vegueta,2021 - I,3/06/21,"1,960",19.0,27.9 %,0.0
Vegueta,2021 - I,4/06/21,726,10.6,22.3 %,0.0
Vegueta,2021 - I,5/06/21,920,13.3,15.0 %,0.0
Vegueta,2021 - I,6/06/21,538,14.3,17.4 %,0.0
Vegueta,2021 - I,7/06/21,112,13.6,30.2 %,0.0
Vegueta,2021 - I,9/06/21,399,12.7,12.5 %,0.0
Vegueta,2021 - I,10/06/21,420,7.0,32.5 %,0.0
Vegueta,2021 - I,16/06/21,284,7.2,24.8 %,0.0
Vegueta,2021 - I,17/06/21,"2,356",11.7,21.8 %,0.4
Vegueta,2021 - I,18/06/21,"2,705",15.9,27.4 %,1.7
Vegueta,2021 - I,19/06/21,32,8.0,78.6 %,7.8
Vegueta,2021 - I,23/06/21,"1,212",8.5,31.6 %,0.0
Vegueta,2021 - I,3/07/21,283,19.6,0.0 %,0.2
Vegueta,2021 - I,5/07/21,"1,659",36.7,0.0 %,0.0
Vegueta,2021 - II,15/11/21,"1,279",16.4,3.0 %,10.3
Vegueta,2021 - II,17/11/21,"2,605",14.6,24.8 %,3.0
Vegueta,2021 - II,18/11/21,"1,983",16.7,9.3 %,1.7
Vegueta,2021 - II,19/11/21,"2,914",19.6,5.4 %,0.4
Vegueta,2021 - II,20/11/21,"2,532",16.5,5.1 %,0.0
Vegueta,2021 - II,21/11/21,"2,723",14.9,3.4 %,0.0
Vegueta,2021 - II,22/11/21,"1,178",18.4,10.9 %,0.5
Vegueta,2021 - II,23/11/21,"2,759",14.4,6.4 %,0.1
Vegueta,2021 - II,24/11/21,"1,741",12.9,15.7 %,1.5
Vegueta,2021 - II,25/11/21,"2,026",16.1,0.5 %,0.0
Vegueta,2021 - II,26/11/21,"2,817",20.0,3.2 %,0.0
Vegueta,2021 - II,27/11/21,"1,758",15.4,5.8 %,0.0
Vegueta,2021 - II,28/11/21,"3,002",13.8,2.2 %,1.1
Vegueta,2021 - II,29/11/21,"2,881",16.2,6.6 %,1.8
Vegueta,2021 - II,30/11/21,771,15.6,6.3 %,0.3
Vegueta,2021 - II,1/12/21,"2,722",15.4,1.6 %,0.1
Vegueta,2021 - II,2/12/21,"2,046",21.6,0.7 %,0.0
Vegueta,2021 - II,3/12/21,640,17.8,2.4 %,0.0
Vegueta,2021 - II,4/12/21,"2,422",12.3,7.4 %,0.0
Vegueta,2021 - II,5/12/21,653,15.9,5.8 %,0.2
Vegueta,2021 - II,6/12/21,"3,056",17.1,1.7 %,0.6
Vegueta,2021 - II,7/12/21,"2,328",12.7,9.0 %,0.8
Vegueta,2021 - II,8/12/21,"2,752",17.2,27.1 %,5.9
Vegueta,2021 - II,9/12/21,577,10.4,3.8 %,6.4
Vegueta,2021 - II,10/12/21,"1,630",12.9,2.6 %,4.5
Vegueta,2021 - II,11/12/21,"1,358",10.6,5.1 %,4.2
Vegueta,2021 - II,12/12/21,"1,013",9.2,6.1 %,0.9
Vegueta,2021 - II,13/12/21,"1,568",11.5,8.4 %,3.8
Vegueta,2021 - II,14/12/21,"1,081",8.6,6.7 %,2.5
Vegueta,2021 - II,15/12/21,"1,902",12.9,4.6 %,3.4
Vegueta,2021 - II,16/12/21,"2,358",11.9,31.1 %,2.3
Vegueta,2021 - II,17/12/21,"1,070",8.4,38.2 %,1.1
Vegueta,2021 - II,18/12/21,"1,202",9.7,16.4 %,0.0
Vegueta,2021 - II,19/12/21,"1,139",10.7,26.9 %,0.0
Vegueta,2021 - II,20/12/21,198,6.0,0.1 %,0.0
Vegueta,2022 - I,4/05/22,"1,707",8.2,68.9 %,2.2
Vegueta,2022 - I,5/05/22,"2,953",15.8,67.8 %,2.2
Vegueta,2022 - I,6/05/22,"2,091",23.7,55.2 %,1.7
Vegueta,2022 - I,7/05/22,586,12.9,44.5 %,0.1
Vegueta,2022 - I,8/05/22,"1,392",18.1,24.1 %,0.0
Vegueta,2022 - I,10/05/22,595,27.0,12.8 %,0.0
Vegueta,2022 - I,11/05/22,"2,044",27.5,4.5 %,0.8
Vegueta,2022 - I,12/05/22,"2,891",14.2,62.0 %,1.4
Vegueta,2022 - I,13/05/22,"3,363",19.7,68.7 %,4.3
Vegueta,2022 - I,14/05/22,"2,172",26.8,63.6 %,1.1
Vegueta,2022 - I,16/05/22,"2,818",28.1,6.1 %,0.0
Vegueta,2022 - I,18/05/22,"1,924",14.6,16.2 %,0.0
Vegueta,2022 - I,19/05/22,"2,398",17.4,7.8 %,0.0
Vegueta,2022 - I,21/05/22,"1,707",22.3,24.1 %,0.0
Vegueta,2022 - I,22/05/22,"3,186",19.7,9.3 %,0.0
Vegueta,2022 - I,23/05/22,889,18.0,6.4 %,0.0
Vegueta,2022 - I,24/05/22,425,8.7,6.2 %,0.0
Vegueta,2022 - I,26/05/22,"1,490",30.5,7.5 %,4.0
Vegueta,2022 - I,28/05/22,"2,768",27.4,19.2 %,0.1
Vegueta,2022 - I,29/05/22,938,11.6,49.2 %,1.9
Vegueta,2022 - I,30/05/22,"2,052",23.4,31.8 %,0.0
Vegueta,2022 - I,31/05/22,"1,743",16.9,23.6 %,0.0
Vegueta,2022 - I,1/06/22,"1,703",21.8,10.6 %,0.7
Vegueta,2022 - I,2/06/22,"1,627",26.0,23.2 %,0.0
Vegueta,2022 - I,3/06/22,"1,934",24.0,35.9 %,1.6
Vegueta,2022 - I,10/06/22,723,13.3,19.4 %,0.0
Vegueta,2022 - I,11/06/22,"2,769",20.2,19.9 %,5.2
Vegueta,2022 - I,12/06/22,"2,097",15.9,24.8 %,7.4
Vegueta,2022 - I,13/06/22,"1,935",21.3,45.1 %,7.2
Vegueta,2022 - I,15/06/22,712,13.5,2.4 %,2.2
Vegueta,2022 - I,16/06/22,"1,928",10.8,7.7 %,0.3
Vegueta,2022 - I,18/06/22,"2,050",29.9,27.1 %,4.3
Vegueta,2022 - I,19/06/22,"1,579",22.4,58.7 %,2.6
Vegueta,2022 - I,20/06/22,"2,094",12.9,40.2 %,0.0
Vegueta,2022 - I,21/06/22,"2,933",15.6,20.7 %,0.0
Vegueta,2022 - I,22/06/22,"1,996",16.6,17.1 %,0.0
Vegueta,2022 - I,2/07/22,922,9.4,13.0 %,0.0
Vegueta,2022 - I,3/07/22,"2,413",20.7,10.6 %,2.0
Vegueta,2022 - I,5/07/22,"1,256",9.7,62.5 %,8.7
Vegueta,2022 - I,6/07/22,"1,802",9.7,48.9 %,2.6
Vegueta,2022 - I,7/07/22,984,10.3,54.9 %,3.8
Vegueta,2022 - I,11/07/22,472,12.8,38.8 %,5.3
Vegueta,2022 - I,12/07/22,765,20.4,51.4 %,4.4
Vegueta,2022 - I,13/07/22,997,12.1,51.1 %,4.4
Vegueta,2022 - I,14/07/22,"1,436",15.0,38.9 %,0.0
Vegueta,2022 - I,23/07/22,932,9.6,79.4 %,3.3
Vegueta,2022 - II,23/11/22,"2,083",13.7,31.1 %,0.0
Vegueta,2022 - II,24/11/22,"1,123",17.8,23.0 %,0.7
Vegueta,2022 - II,27/11/22,260,3.7,48.1 %,0.4
Vegueta,2022 - II,28/11/22,"2,916",20.6,36.9 %,0.9
Vegueta,2022 - II,30/11/22,"1,322",14.4,3.3 %,0.3
Vegueta,2022 - II,1/12/22,616,12.3,12.2 %,2.3
Vegueta,2022 - II,2/12/22,810,12.8,13.0 %,3.2
Vegueta,2022 - II,4/12/22,"1,430",9.3,59.6 %,11.7
Vegueta,2022 - II,7/12/22,850,24.7,4.5 %,0.0
Vegueta,2022 - II,8/12/22,49,4.0,10.6 %,2.0
Vegueta,2022 - II,9/12/22,"1,122",12.3,58.0 %,0.9
Vegueta,2022 - II,10/12/22,869,7.2,40.6 %,0.9
Vegueta,2022 - II,11/12/22,426,6.1,60.0 %,4.3
Vegueta,2022 - II,12/12/22,739,27.1,55.4 %,0.5
Vegueta,2022 - II,13/12/22,"1,098",11.6,10.8 %,0.8
Vegueta,2022 - II,14/12/22,"2,605",14.4,3.2 %,0.0
Vegueta,2022 - II,15/12/22,"1,078",14.2,4.3 %,0.0
Vegueta,2022 - II,16/12/22,"1,178",17.6,2.7 %,0.2
Vegueta,2022 - II,18/12/22,"2,826",21.0,0.3 %,0.0
Vegueta,2022 - II,19/12/22,"1,860",25.2,0.4 %,0.0
Vegueta,2022 - II,20/12/22,349,11.1,35.8 %,0.1
Vegueta,2022 - II,21/12/22,"2,517",11.1,53.4 %,2.6
Vegueta,2022 - II,29/12/22,"1,156",14.5,2.3 %,1.1
Vegueta,2022 - II,30/12/22,440,10.1,0.0 %,0.3
Vegueta,2022 - II,3/01/23,"1,371",6.2,32.5 %,1.6
Vegueta,2022 - II,4/01/23,253,9.2,71.7 %,7.9
Vegueta,2022 - II,7/01/23,440,9.8,10.8 %,4.8
Vegueta,2022 - II,10/01/23,89,5.9,67.5 %,1.0
Vegueta,2022 - II,14/01/23,683,13.0,47.0 %,9.2
Vegueta,2023 - I,7/08/23,"1,058",24.0,83.0 %,0.5
Vegueta,2023 - I,8/08/23,676,38.7,66.0 %,0.0
Vegueta,2023 - I,9/08/23,282,7.4,83.9 %,0.8
Vegueta,2023 - I,10/08/23,272,8.6,74.8 %,1.9
Vegueta,2023 - II,21/10/23,"2,723",12.2,65.3 %,0.0
Vegueta,2023 - II,22/10/23,"2,032",12.9,40.5 %,0.0
Vegueta,2023 - II,23/10/23,903,10.9,72.9 %,0.0
Vegueta,2023 - II,24/10/23,858,12.1,75.6 %,0.0
Vegueta,2023 - II,25/10/23,839,12.0,58.5 %,0.0
Vegueta,2023 - II,26/10/23,"1,281",12.9,48.2 %,0.0
Vegueta,2023 - II,27/10/23,965,13.4,0.0 %,0.0
Vegueta,2023 - II,28/10/23,872,36.3,23.4 %,0.0
Vegueta,2023 - II,31/10/23,"2,426",12.3,57.0 %,0.0
Vegueta,2023 - II,1/11/23,"2,538",20.3,71.9 %,0.0
Vegueta,2023 - II,2/11/23,988,14.2,32.3 %,0.0
Vegueta,2023 - II,3/11/23,"1,552",15.4,24.9 %,0.0
Vegueta,2023 - II,4/11/23,"1,758",12.8,41.7 %,0.0
Vegueta,2023 - II,5/11/23,"2,640",17.3,67.5 %,6.2
Vegueta,2023 - II,6/11/23,"1,956",15.6,44.3 %,0.0
Vegueta,2023 - II,7/11/23,"1,345",15.7,50.6 %,0.0
Vegueta,2023 - II,8/11/23,"2,307",16.7,32.0 %,0.0
Vegueta,2023 - II,9/11/23,"1,242",15.3,18.2 %,0.0
Vegueta,2023 - II,10/11/23,"1,635",11.3,61.2 %,0.3
Vegueta,2023 - II,12/11/23,"2,015",13.9,36.2 %,0.0
Vegueta,2023 - II,13/11/23,"2,242",18.5,35.6 %,0.0
Vegueta,2023 - II,19/11/23,945,10.4,26.0 %,0.0
Vegueta,2023 - II,20/11/23,400,12.0,41.5 %,0.0
Vegueta,2023 - II,21/11/23,"2,109",21.4,31.0 %,0.0
Vegueta,2023 - II,22/11/23,"1,514",14.6,28.4 %,0.0
Vegueta,2023 - II,23/11/23,973,16.9,21.0 %,0.0
Vegueta,2023 - II,26/11/23,"1,159",11.0,36.1 %,0.0
Vegueta,2023 - II,3/12/23,405,19.2,32.8 %,0.0
Vegueta,2023 - II,7/12/23,416,10.3,16.8 %,0.0
Vegueta,2023 - II,8/12/23,705,9.0,2.3 %,0.0
Vegueta,2023 - II,9/12/23,377,6.6,0.3 %,0.0
Vegueta,2023 - II,10/12/23,227,11.8,9.7 %,0.0
Vegueta,2023 - II,11/12/23,156,6.7,1.6 %,0.2
Vegueta,2024 - I,16/04/24,249,9.7,25.3 %,1.1
Vegueta,2024 - I,17/04/24,"2,187",21.2,49.6 %,1.9
Vegueta,2024 - I,18/04/24,"1,678",14.4,52.4 %,0.1
Vegueta,2024 - I,19/04/24,"2,416",17.0,42.0 %,0.0
Vegueta,2024 - I,20/04/24,"1,991",12.3,44.3 %,1.0
Vegueta,2024 - I,21/04/24,"2,043",19.1,84.9 %,0.0
Vegueta,2024 - I,22/04/24,"2,243",23.4,84.4 %,0.1
Vegueta,2024 - I,24/04/24,627,12.2,55.4 %,2.9
Vegueta,2024 - I,25/04/24,"2,037",11.3,25.9 %,0.0
Vegueta,2024 - I,26/04/24,"2,332",23.8,61.4 %,4.2
Vegueta,2024 - I,27/04/24,"1,438",9.0,23.5 %,0.0
Vegueta,2024 - I,28/04/24,"1,386",10.8,58.7 %,4.4
Vegueta,2024 - I,29/04/24,"2,058",11.3,46.8 %,1.7
Vegueta,2024 - I,30/04/24,"2,302",13.8,38.4 %,0.6
Vegueta,2024 - I,1/05/24,"2,483",15.2,65.9 %,3.5
Vegueta,2024 - I,2/05/24,"2,446",11.9,31.0 %,0.1
Vegueta,2024 - I,3/05/24,"2,571",14.3,76.4 %,3.2
Vegueta,2024 - I,4/05/24,625,8.0,63.9 %,1.1
Vegueta,2024 - I,5/05/24,"2,259",16.7,46.6 %,6.8
Vegueta,2024 - I,6/05/24,700,9.8,21.7 %,0.5
Vegueta,2024 - I,7/05/24,"1,351",14.7,32.0 %,0.9
Vegueta,2024 - I,8/05/24,"1,999",17.4,30.7 %,0.7
Vegueta,2024 - I,9/05/24,"1,574",13.4,10.5 %,0.0
Vegueta,2024 - I,10/05/24,"2,363",12.6,3.0 %,0.0
Vegueta,2024 - I,11/05/24,233,6.4,7.8 %,0.0
Vegueta,2024 - I,12/05/24,"1,987",13.2,72.3 %,6.6
Vegueta,2024 - I,13/05/24,"1,483",13.4,44.2 %,3.3
Vegueta,2024 - I,14/05/24,"1,517",11.2,52.6 %,5.0
Vegueta,2024 - I,15/05/24,"1,173",10.3,14.8 %,2.4
Vegueta,2024 - I,16/05/24,788,12.1,28.3 %,0.0
Vegueta,2024 - I,17/05/24,486,8.1,22.1 %,0.2
Vegueta,2024 - I,18/05/24,827,8.0,17.0 %,0.2
Vegueta,2024 - I,19/05/24,"1,179",12.4,4.0 %,0.0
Vegueta,2024 - I,20/05/24,491,10.1,2.8 %,0.0
Vegueta,2024 - I,21/05/24,"1,399",13.7,4.7 %,0.1
Vegueta,2024 - I,22/05/24,"1,129",12.4,23.7 %,1.5
Vegueta,2024 - I,23/05/24,"2,265",13.1,24.4 %,0.4
Vegueta,2024 - I,24/05/24,971,11.4,10.4 %,0.1
Vegueta,2024 - I,25/05/24,"1,814",8.9,20.0 %,2.0
Vegueta,2024 - I,26/05/24,"1,038",12.0,52.3 %,21.5
Vegueta,2024 - I,27/05/24,738,10.7,64.2 %,18.0
Vegueta,2024 - I,28/05/24,747,13.1,14.6 %,0.0
Vegueta,2024 - II,1/11/24,"1,923",12.7,0.1 %,0.4
Vegueta,2024 - II,2/11/24,"1,808",12.9,1.2 %,0.7
Vegueta,2024 - II,3/11/24,"1,849",12.6,1.3 %,4.4
Vegueta,2024 - II,4/11/24,"1,632",15.7,1.5 %,1.3
Vegueta,2024 - II,5/11/24,492,7.8,0.0 %,0.0
Vegueta,2024 - II,8/11/24,896,9.3,9.2 %,1.5
Vegueta,2024 - II,9/11/24,635,10.6,1.0 %,6.7
Vegueta,2024 - II,11/11/24,"1,797",11.2,2.8 %,0.3
Vegueta,2024 - II,12/11/24,"1,042",10.2,2.4 %,0.0
Vegueta,2024 - II,13/11/24,"1,880",12.8,0.4 %,0.4
Vegueta,2024 - II,14/11/24,"2,827",16.0,1.0 %,0.5
Vegueta,2024 - II,15/11/24,"2,274",21.2,0.7 %,0.1
Vegueta,2024 - II,16/11/24,829,11.0,3.4 %,0.4
Vegueta,2024 - II,17/11/24,916,9.6,1.8 %,2.3
Vegueta,2024 - II,18/11/24,"1,516",12.3,1.4 %,3.4
Vegueta,2024 - II,19/11/24,606,8.9,0.1 %,0.3
Vegueta,2024 - II,20/11/24,444,11.6,2.0 %,1.0
Vegueta,2024 - II,21/11/24,914,11.5,2.8 %,7.0
Vegueta,2024 - II,22/11/24,915,14.9,28.9 %,10.8
Vegueta,2024 - II,23/11/24,"1,560",8.3,11.5 %,1.6
Vegueta,2024 - II,24/11/24,"2,223",10.9,12.3 %,0.9
Vegueta,2024 - II,25/11/24,549,13.3,10.8 %,0.7
Vegueta,2024 - II,28/11/24,191,11.0,28.6 %,1.6
Vegueta,2024 - II,29/11/24,203,11.9,23.6 %,4.0
Vegueta,2024 - II,3/12/24,492,9.6,2.6 %,9.4
Vegueta,2024 - II,4/12/24,984,31.9,6.0 %,8.1
Vegueta,2024 - II,13/12/24,"1,369",32.9,1.5 %,3.9
Vegueta,2024 - II,14/12/24,244,11.2,45.0 %,2.0
Vegueta,2024 - II,15/12/24,812,16.4,16.1 %,4.2
Callao,2019 - II,,"21,919",23.9,1.2 %,0.4
Callao,2020 - I,,"123,244",16.1,19.0 %,1.6
Callao,2020 - II,12/11/20,574,12.8,12.5 %,6.5
Callao,2020 - II,13/11/20,"2,891",13.9,15.6 %,1.9
Callao,2020 - II,14/11/20,"3,484",12.0,9.2 %,4.2
Callao,2020 - II,15/11/20,"3,333",15.1,10.1 %,4.8
Callao,2020 - II,16/11/20,"4,296",15.3,24.7 %,0.9
Callao,2020 - II,17/11/20,396,10.0,19.7 %,7.5
Callao,2020 - II,18/11/20,"1,889",10.2,11.9 %,5.9
Callao,2020 - II,19/11/20,"2,554",19.5,7.2 %,1.2
Callao,2020 - II,20/11/20,"1,124",8.9,3.5 %,0.4
Callao,2020 - II,21/11/20,"1,002",10.0,3.9 %,7.1
Callao,2020 - II,24/11/20,548,16.4,7.2 %,1.2
Callao,2020 - II,25/11/20,"1,632",15.9,5.9 %,2.5
Callao,2020 - II,26/11/20,608,14.1,1.3 %,3.1
Callao,2020 - II,27/11/20,917,28.7,5.8 %,13.1
Callao,2020 - II,3/12/20,"1,080",25.5,4.8 %,1.7
Callao,2020 - II,4/12/20,705,13.7,16.6 %,2.7
Callao,2020 - II,6/12/20,"3,395",15.7,15.5 %,2.9
Callao,2020 - II,7/12/20,"2,312",11.7,2.6 %,4.5
Callao,2020 - II,8/12/20,"3,763",14.5,9.2 %,4.5
Callao,2020 - II,9/12/20,"2,251",10.3,9.5 %,1.2
Callao,2020 - II,10/12/20,"2,929",13.0,21.6 %,1.2
Callao,2020 - II,11/12/20,"1,276",12.6,10.9 %,5.8
Callao,2020 - II,12/12/20,904,8.2,7.1 %,6.6
Callao,2020 - II,13/12/20,351,10.2,14.9 %,5.2
Callao,2020 - II,15/12/20,468,11.3,0.3 %,0.0
Callao,2020 - II,16/12/20,697,12.1,3.2 %,8.4
Callao,2020 - II,17/12/20,"1,097",9.5,3.7 %,0.4
Callao,2020 - II,18/12/20,"2,035",12.3,6.5 %,2.9
Callao,2020 - II,20/12/20,349,8.3,2.9 %,7.5
Callao,2020 - II,21/12/20,"1,209",12.0,4.9 %,0.1
Callao,2020 - II,27/12/20,"2,248",34.9,0.2 %,0.4
Callao,2020 - II,5/01/21,548,8.0,16.3 %,0.1
Callao,2020 - II,14/01/21,244,5.8,1.1 %,3.0
Callao,2020 - II,15/01/21,370,11.6,16.2 %,0.3
Callao,2020 - II,16/01/21,905,10.5,24.7 %,0.3
Callao,2020 - II,17/01/21,276,5.8,3.8 %,0.0
Callao,2020 - II,18/01/21,431,7.5,14.5 %,0.0
Callao,2020 - II,20/01/21,"3,719",20.3,22.0 %,2.0
Callao,2020 - II,21/01/21,852,6.3,60.6 %,0.2
Callao,2020 - II,22/01/21,43,14.6,44.6 %,1.4
Callao,2021 - I,,0,NaN,,NaN
Callao,2021 - I,23/04/21,36,3.7,85.4 %,0.0
Callao,2021 - I,24/04/21,"1,084",11.1,24.7 %,0.0
Callao,2021 - I,25/04/21,"3,563",12.2,54.4 %,0.0
Callao,2021 - I,26/04/21,"1,637",16.7,81.2 %,0.0
Callao,2021 - I,27/04/21,"2,304",17.7,20.1 %,0.4
Callao,2021 - I,28/04/21,"4,071",18.9,19.5 %,1.4
Callao,2021 - I,29/04/21,"4,579",21.5,18.3 %,0.9
Callao,2021 - I,30/04/21,"1,631",21.6,34.7 %,2.3
Callao,2021 - I,1/05/21,"2,780",25.6,12.4 %,0.5
Callao,2021 - I,2/05/21,"3,291",27.6,3.9 %,0.0
Callao,2021 - I,3/05/21,"2,988",27.6,12.3 %,0.0
Callao,2021 - I,4/05/21,"2,348",22.7,34.9 %,0.0
Callao,2021 - I,5/05/21,661,27.6,61.4 %,0.0
Callao,2021 - I,6/05/21,708,23.7,17.8 %,1.9
Callao,2021 - I,10/05/21,677,15.0,4.9 %,0.0
Callao,2021 - I,11/05/21,"4,563",12.6,10.0 %,0.0
Callao,2021 - I,12/05/21,"3,391",17.1,17.2 %,0.0
Callao,2021 - I,13/05/21,"2,993",11.6,19.7 %,0.0
Callao,2021 - I,14/05/21,"3,764",17.6,25.1 %,0.0
Callao,2021 - I,15/05/21,"3,542",13.7,22.4 %,0.0
Callao,2021 - I,16/05/21,"2,214",21.7,16.6 %,0.0
Callao,2021 - I,17/05/21,603,11.5,26.4 %,0.0
Callao,2021 - I,18/05/21,197,8.8,63.2 %,0.1
Callao,2021 - I,19/05/21,163,27.2,41.0 %,0.0
Callao,2021 - I,21/05/21,420,10.7,13.2 %,0.0
Callao,2021 - I,22/05/21,776,12.9,16.5 %,0.0
Callao,2021 - I,23/05/21,832,9.8,26.4 %,0.3
Callao,2021 - I,24/05/21,"4,432",15.5,8.1 %,0.0
Callao,2021 - I,25/05/21,"1,589",12.6,19.6 %,0.0
Callao,2021 - I,26/05/21,25,5.5,35.7 %,6.7
Callao,2021 - I,28/05/21,233,14.5,13.0 %,0.0
Callao,2021 - I,29/05/21,228,12.9,12.6 %,0.0
Callao,2021 - I,30/05/21,602,9.7,7.0 %,0.0
Callao,2021 - I,1/06/21,"2,493",26.8,22.8 %,0.0
Callao,2021 - I,2/06/21,"1,408",8.2,12.4 %,0.0
Callao,2021 - I,3/06/21,"4,087",14.2,27.9 %,0.0
Callao,2021 - I,4/06/21,"3,352",14.0,21.6 %,0.0
Callao,2021 - I,5/06/21,"3,191",13.6,18.1 %,0.0
Callao,2021 - I,6/06/21,"2,325",12.0,9.9 %,0.0
Callao,2021 - I,7/06/21,"1,106",11.6,32.7 %,0.1
Callao,2021 - I,8/06/21,"1,681",12.8,10.3 %,0.0
Callao,2021 - I,9/06/21,"3,718",15.7,25.2 %,0.0
Callao,2021 - I,10/06/21,293,6.5,18.3 %,0.0
Callao,2021 - I,11/06/21,"1,579",12.1,31.3 %,0.0
Callao,2021 - I,12/06/21,490,7.2,26.3 %,0.3
Callao,2021 - I,13/06/21,"1,004",12.2,44.5 %,0.0
Callao,2021 - I,15/06/21,736,7.7,53.5 %,3.4
Callao,2021 - I,19/06/21,798,13.2,64.7 %,2.2
Callao,2021 - I,22/06/21,"1,067",11.2,37.3 %,0.0
Callao,2021 - II,15/11/21,"3,591",16.3,9.1 %,6.7
Callao,2021 - II,16/11/21,"3,197",14.2,12.3 %,2.5
Callao,2021 - II,17/11/21,"3,106",11.3,30.7 %,1.7
Callao,2021 - II,18/11/21,"3,087",14.2,26.7 %,1.7
Callao,2021 - II,19/11/21,"4,304",12.7,14.2 %,0.8
Callao,2021 - II,20/11/21,"2,120",11.9,2.0 %,0.0
Callao,2021 - II,21/11/21,"3,814",13.2,10.6 %,0.3
Callao,2021 - II,22/11/21,"3,144",13.7,5.1 %,0.5
Callao,2021 - II,23/11/21,"1,422",14.6,0.6 %,1.8
Callao,2021 - II,24/11/21,"1,060",26.0,2.7 %,1.0
Callao,2021 - II,27/11/21,"1,078",39.0,0.6 %,0.1
Callao,2021 - II,28/11/21,"4,097",11.8,3.5 %,2.9
Callao,2021 - II,29/11/21,"4,155",11.2,5.7 %,1.9
Callao,2021 - II,30/11/21,"2,163",10.7,1.5 %,0.1
Callao,2021 - II,1/12/21,"3,524",22.0,0.0 %,0.0
Callao,2021 - II,3/12/21,656,28.1,0.0 %,0.0
Callao,2021 - II,4/12/21,"5,109",27.6,0.7 %,0.0
Callao,2021 - II,6/12/21,"4,285",12.8,0.7 %,0.3
Callao,2021 - II,7/12/21,"3,557",10.8,6.4 %,1.7
Callao,2021 - II,8/12/21,"4,120",14.3,21.5 %,1.4
Callao,2021 - II,9/12/21,"3,155",12.0,18.1 %,0.2
Callao,2021 - II,10/12/21,"3,063",18.0,16.7 %,0.1
Callao,2021 - II,11/12/21,"4,138",19.4,17.8 %,0.0
Callao,2021 - II,12/12/21,"1,895",14.8,23.6 %,0.1
Callao,2021 - II,13/12/21,925,40.4,37.7 %,0.0
Callao,2021 - II,14/12/21,"4,119",15.6,15.1 %,0.0
Callao,2021 - II,15/12/21,"2,624",20.9,9.6 %,0.0
Callao,2021 - II,16/12/21,"2,449",20.1,27.8 %,3.7
Callao,2021 - II,17/12/21,"2,003",19.6,9.6 %,0.0
Callao,2021 - II,18/12/21,"3,903",22.8,12.1 %,0.2
Callao,2021 - II,19/12/21,"1,998",21.2,9.9 %,2.4
Callao,2021 - II,20/12/21,"1,624",29.4,17.0 %,1.1
Callao,2021 - II,21/12/21,"3,323",16.9,22.3 %,0.3
Callao,2021 - II,22/12/21,"1,122",16.4,9.3 %,0.3
Callao,2021 - II,23/12/21,"2,596",23.9,20.9 %,0.8
Callao,2021 - II,25/12/21,"2,979",16.0,15.2 %,0.0
Callao,2021 - II,26/12/21,"1,690",11.0,9.7 %,0.0
Callao,2021 - II,27/12/21,633,11.7,14.2 %,2.0
Callao,2021 - II,28/12/21,860,8.4,14.9 %,0.0
Callao,2021 - II,29/12/21,"2,362",13.6,63.0 %,0.1
Callao,2021 - II,31/12/21,"2,826",17.9,14.6 %,0.0
Callao,2021 - II,1/01/22,865,19.3,12.5 %,0.0
Callao,2021 - II,2/01/22,"2,250",31.1,13.4 %,4.8
Callao,2021 - II,3/01/22,249,14.7,0.0 %,0.0
Callao,2022 - I,4/05/22,"2,163",9.6,18.0 %,0.1
Callao,2022 - I,5/05/22,"3,783",13.8,45.3 %,0.1
Callao,2022 - I,6/05/22,"4,006",12.0,39.5 %,0.7
Callao,2022 - I,7/05/22,"4,162",10.6,26.8 %,1.0
Callao,2022 - I,8/05/22,"4,085",14.1,16.0 %,0.2
Callao,2022 - I,9/05/22,"3,028",20.3,8.6 %,1.6
Callao,2022 - I,10/05/22,"3,186",16.5,16.2 %,0.3
Callao,2022 - I,11/05/22,"2,719",12.5,7.9 %,0.0
Callao,2022 - I,12/05/22,"4,896",19.0,28.8 %,2.1
Callao,2022 - I,18/05/22,329,21.4,2.8 %,0.0
Callao,2022 - I,19/05/22,"1,760",22.5,15.8 %,0.0
Callao,2022 - I,20/05/22,970,14.3,7.0 %,0.0
Callao,2022 - I,21/05/22,"1,012",20.9,3.3 %,0.0
Callao,2022 - I,22/05/22,"3,311",16.9,13.1 %,0.0
Callao,2022 - I,23/05/22,"3,631",16.9,17.3 %,0.1
Callao,2022 - I,24/05/22,"1,306",17.3,19.9 %,0.0
Callao,2022 - I,25/05/22,422,13.5,5.0 %,0.0
Callao,2022 - I,26/05/22,"3,078",24.9,5.1 %,0.0
Callao,2022 - I,27/05/22,706,9.3,11.2 %,8.0
Callao,2022 - I,28/05/22,"4,204",17.6,15.3 %,0.0
Callao,2022 - I,29/05/22,929,13.5,19.9 %,0.0
Callao,2022 - I,30/05/22,"1,569",13.0,37.2 %,0.3
Callao,2022 - I,31/05/22,"2,512",17.2,38.0 %,0.6
Callao,2022 - I,1/06/22,"2,147",23.7,16.1 %,0.0
Callao,2022 - I,2/06/22,33,13.2,4.3 %,0.0
Callao,2022 - I,9/06/22,207,10.2,31.3 %,1.8
Callao,2022 - I,10/06/22,529,9.9,13.4 %,2.2
Callao,2022 - I,11/06/22,"3,308",11.5,23.0 %,1.6
Callao,2022 - I,12/06/22,"2,370",10.0,10.0 %,1.0
Callao,2022 - I,13/06/22,"2,690",11.6,8.3 %,2.5
Callao,2022 - I,14/06/22,"7,175",22.8,21.2 %,0.5
Callao,2022 - I,16/06/22,198,9.8,14.6 %,0.1
Callao,2022 - I,20/06/22,"1,488",22.0,30.0 %,0.0
Callao,2022 - I,21/06/22,"3,720",23.7,11.2 %,0.0
Callao,2022 - I,22/06/22,"1,084",25.7,5.7 %,0.0
Callao,2022 - I,1/07/22,405,6.5,5.6 %,1.5
Callao,2022 - I,2/07/22,"3,507",16.7,9.6 %,0.6
Callao,2022 - I,3/07/22,"3,615",14.7,12.3 %,2.5
Callao,2022 - I,4/07/22,"2,479",13.8,20.4 %,0.1
Callao,2022 - I,5/07/22,"1,262",10.2,25.2 %,3.0
Callao,2022 - I,12/07/22,"2,585",24.9,48.5 %,3.5
Callao,2022 - I,13/07/22,"2,306",14.4,15.5 %,0.8
Callao,2022 - I,14/07/22,"3,648",15.4,20.0 %,0.3
Callao,2022 - I,19/07/22,"1,203",10.3,23.6 %,2.0
Callao,2022 - I,20/07/22,"4,005",13.3,6.2 %,0.0
Callao,2022 - I,21/07/22,"1,338",9.5,11.7 %,2.8
Callao,2022 - I,22/07/22,"2,234",12.0,7.3 %,0.9
Callao,2022 - I,23/07/22,"1,750",12.0,8.3 %,0.2
Callao,2022 - II,23/11/22,"3,749",10.1,34.1 %,0.0
Callao,2022 - II,24/11/22,"3,773",11.0,7.7 %,0.1
Callao,2022 - II,25/11/22,560,8.3,8.9 %,2.1
Callao,2022 - II,26/11/22,"1,526",11.6,5.7 %,0.0
Callao,2022 - II,27/11/22,626,6.1,0.0 %,8.4
Callao,2022 - II,28/11/22,"4,055",11.6,11.7 %,0.9
Callao,2022 - II,29/11/22,"2,914",11.4,8.5 %,0.3
Callao,2022 - II,30/11/22,"3,377",11.5,12.3 %,0.0
Callao,2022 - II,1/12/22,"2,969",10.3,8.8 %,0.6
Callao,2022 - II,2/12/22,"3,143",12.7,7.1 %,1.1
Callao,2022 - II,3/12/22,"1,412",10.0,7.8 %,1.9
Callao,2022 - II,4/12/22,"1,006",9.2,27.3 %,1.8
Callao,2022 - II,5/12/22,"2,927",10.4,15.5 %,1.4
Callao,2022 - II,6/12/22,"2,879",10.6,14.1 %,0.7
Callao,2022 - II,7/12/22,"1,268",13.9,17.7 %,2.1
Callao,2022 - II,10/12/22,806,5.4,32.2 %,2.0
Callao,2022 - II,11/12/22,900,12.2,28.5 %,1.9
Callao,2022 - II,13/12/22,523,11.8,20.3 %,0.5
Callao,2022 - II,14/12/22,"2,122",15.4,2.2 %,0.0
Callao,2022 - II,15/12/22,"2,889",19.2,2.5 %,0.0
Callao,2022 - II,16/12/22,580,18.4,0.0 %,0.0
Callao,2022 - II,17/12/22,"1,902",23.3,2.5 %,0.0
Callao,2022 - II,18/12/22,532,7.9,18.2 %,3.7
Callao,2022 - II,19/12/22,243,10.8,4.6 %,1.6
Callao,2022 - II,20/12/22,455,10.8,8.3 %,8.2
Callao,2022 - II,21/12/22,304,7.1,14.3 %,3.8
Callao,2022 - II,22/12/22,992,9.4,19.1 %,14.0
Callao,2022 - II,26/12/22,141,6.1,77.3 %,6.2
Callao,2022 - II,27/12/22,"1,955",10.1,1.8 %,0.5
Callao,2022 - II,28/12/22,"3,099",19.4,6.8 %,5.1
Callao,2022 - II,29/12/22,327,10.0,6.2 %,24.3
Callao,2022 - II,30/12/22,485,8.5,3.6 %,6.2
Callao,2022 - II,31/12/22,82,7.8,0.0 %,0.0
Callao,2022 - II,1/01/23,296,9.5,27.5 %,17.4
Callao,2022 - II,2/01/23,723,10.6,55.6 %,0.6
Callao,2022 - II,3/01/23,"1,148",8.5,28.3 %,6.1
Callao,2022 - II,4/01/23,317,8.3,29.8 %,11.8
Callao,2022 - II,6/01/23,"2,119",15.1,24.3 %,1.7
Callao,2022 - II,7/01/23,383,10.7,17.0 %,2.9
Callao,2022 - II,8/01/23,"1,304",11.2,11.2 %,3.9
Callao,2022 - II,9/01/23,"2,942",13.2,32.7 %,0.7
Callao,2022 - II,10/01/23,"2,156",15.0,14.1 %,0.3
Callao,2022 - II,14/01/23,"1,711",10.9,24.9 %,4.4
Callao,2022 - II,15/01/23,541,13.4,29.5 %,5.6
Callao,2022 - II,16/01/23,"1,733",18.2,28.5 %,19.7
Callao,2022 - II,17/01/23,473,10.2,14.9 %,4.7
Callao,2022 - II,18/01/23,33,5.9,0.0 %,17.6
Callao,2022 - II,19/01/23,"2,089",20.2,18.0 %,2.4
Callao,2022 - II,21/01/23,51,12.3,25.8 %,29.1
Callao,2022 - II,22/01/23,609,8.1,4.4 %,0.0
Callao,2022 - II,23/01/23,644,10.7,30.0 %,2.5
Callao,2022 - II,24/01/23,"1,264",11.0,20.1 %,3.5
Callao,2022 - II,25/01/23,"2,748",11.4,21.6 %,2.4
Callao,2022 - II,27/01/23,"1,673",10.8,31.5 %,3.2
Callao,2022 - II,28/01/23,62,2.9,31.2 %,2.0
Callao,2022 - II,29/01/23,798,24.1,56.4 %,3.8
Callao,2022 - II,30/01/23,799,11.4,51.0 %,6.8
Callao,2022 - II,31/01/23,276,6.1,34.3 %,1.9
Callao,2022 - II,1/02/23,"1,680",8.5,67.3 %,2.4
Callao,2023 - I,,135,NaN,,0.0
Callao,2023 - I,3/06/23,"1,267",9.7,84.1 %,0.0
Callao,2023 - I,4/06/23,448,14.9,88.7 %,0.3
Callao,2023 - I,5/08/23,209,15.4,61.1 %,0.0
Callao,2023 - II,21/10/23,"3,614",18.0,76.4 %,0.0
Callao,2023 - II,23/10/23,"1,872",11.1,78.9 %,0.0
Callao,2023 - II,24/10/23,"3,112",14.2,78.2 %,0.0
Callao,2023 - II,25/10/23,199,28.7,33.7 %,0.0
Callao,2023 - II,26/10/23,"3,028",16.6,55.8 %,0.0
Callao,2023 - II,27/10/23,"2,779",21.0,35.4 %,0.0
Callao,2023 - II,28/10/23,"3,234",18.4,46.7 %,0.0
Callao,2023 - II,29/10/23,"2,672",26.4,57.3 %,0.0
Callao,2023 - II,31/10/23,"1,137",17.3,56.2 %,0.0
Callao,2023 - II,1/11/23,"3,979",15.5,72.6 %,0.0
Callao,2023 - II,2/11/23,"2,927",17.3,43.7 %,0.0
Callao,2023 - II,3/11/23,"3,621",18.5,29.7 %,0.0
Callao,2023 - II,4/11/23,"1,562",25.8,36.7 %,0.0
Callao,2023 - II,5/11/23,"3,333",21.1,72.6 %,1.9
Callao,2023 - II,6/11/23,"1,388",26.5,53.5 %,2.2
Callao,2023 - II,7/11/23,"2,223",16.8,67.8 %,0.0
Callao,2023 - II,8/11/23,"3,915",17.4,49.3 %,0.0
Callao,2023 - II,9/11/23,"1,564",17.5,68.0 %,0.0
Callao,2023 - II,11/11/23,"3,674",19.2,67.3 %,0.1
Callao,2023 - II,12/11/23,"2,744",13.6,56.8 %,0.0
Callao,2023 - II,13/11/23,"1,570",7.7,60.9 %,0.0
Callao,2023 - II,14/11/23,"1,828",11.4,56.4 %,0.0
Callao,2023 - II,15/11/23,"1,757",9.3,64.6 %,0.0
Callao,2023 - II,16/11/23,603,7.9,68.1 %,0.0
Callao,2023 - II,17/11/23,"1,385",10.9,61.8 %,0.2
Callao,2023 - II,19/11/23,"2,079",12.9,52.5 %,0.0
Callao,2023 - II,20/11/23,"1,397",10.0,52.5 %,0.0
Callao,2023 - II,21/11/23,"3,159",21.2,51.9 %,0.4
Callao,2023 - II,22/11/23,"3,290",12.8,45.6 %,0.0
Callao,2023 - II,23/11/23,"3,029",15.4,58.4 %,0.0
Callao,2023 - II,24/11/23,"1,495",12.0,52.6 %,0.0
Callao,2023 - II,25/11/23,"3,046",15.4,59.4 %,0.0
Callao,2023 - II,26/11/23,939,11.5,35.5 %,0.0
Callao,2023 - II,27/11/23,"3,795",18.3,48.6 %,0.1
Callao,2023 - II,28/11/23,342,14.6,78.1 %,0.0
Callao,2023 - II,29/11/23,"2,008",16.2,59.6 %,1.2
Callao,2023 - II,30/11/23,235,6.9,71.1 %,0.0
Callao,2023 - II,1/12/23,"2,086",9.5,70.2 %,0.0
Callao,2023 - II,3/12/23,689,8.9,52.5 %,0.6
Callao,2023 - II,4/12/23,811,11.0,52.7 %,0.0
Callao,2023 - II,5/12/23,"3,225",15.0,64.9 %,0.0
Callao,2023 - II,6/12/23,921,26.2,52.6 %,0.1
Callao,2023 - II,10/12/23,"1,005",10.9,37.9 %,0.0
Callao,2023 - II,11/12/23,61,8.3,60.6 %,1.4
Callao,2023 - II,17/12/23,110,6.0,80.8 %,0.0
Callao,2023 - II,18/12/23,856,15.6,74.5 %,0.0
Callao,2023 - II,19/12/23,390,11.4,78.5 %,0.0
Callao,2023 - II,29/12/23,528,5.8,62.3 %,0.7
Callao,2023 - II,30/12/23,578,8.1,21.0 %,0.1
Callao,2023 - II,31/12/23,"2,155",13.7,65.5 %,0.0
Callao,2023 - II,1/01/24,"1,422",10.3,38.8 %,1.1
Callao,2023 - II,2/01/24,469,11.1,73.9 %,3.2
Callao,2023 - II,3/01/24,"1,099",14.4,86.2 %,0.0
Callao,2023 - II,5/01/24,813,17.8,62.2 %,0.1
Callao,2023 - II,6/01/24,365,10.0,67.8 %,0.2
Callao,2023 - II,7/01/24,134,12.6,69.8 %,1.1
Callao,2023 - II,8/01/24,"2,074",12.8,68.3 %,1.0
Callao,2023 - II,9/01/24,"2,204",11.0,68.6 %,0.0
Callao,2023 - II,10/01/24,"1,543",11.1,58.4 %,0.4
Callao,2023 - II,11/01/24,"1,002",13.4,70.7 %,0.0
Callao,2023 - II,12/01/24,390,15.4,77.9 %,0.3
Callao,2024 - I,,0,NaN,,NaN
Callao,2024 - I,16/04/24,"2,731",61.8,88.3 %,2.4
Callao,2024 - I,17/04/24,"3,338",16.3,61.4 %,2.3
Callao,2024 - I,18/04/24,"3,165",21.6,70.9 %,1.5
Callao,2024 - I,20/04/24,"3,507",13.5,65.2 %,1.3
Callao,2024 - I,21/04/24,"2,159",13.0,73.4 %,1.1
Callao,2024 - I,22/04/24,"1,295",17.2,87.1 %,2.0
Callao,2024 - I,23/04/24,"2,272",9.5,56.8 %,3.4
Callao,2024 - I,24/04/24,"3,274",12.1,47.1 %,3.0
Callao,2024 - I,25/04/24,"1,817",13.6,56.1 %,1.7
Callao,2024 - I,26/04/24,"2,890",14.9,85.0 %,7.2
Callao,2024 - I,27/04/24,"1,001",12.4,82.9 %,8.9
Callao,2024 - I,28/04/24,"1,820",14.2,39.6 %,2.8
Callao,2024 - I,29/04/24,"3,497",20.6,38.7 %,1.8
Callao,2024 - I,30/04/24,"1,835",16.6,47.7 %,7.7
Callao,2024 - I,1/05/24,"3,585",15.1,40.7 %,1.6
Callao,2024 - I,2/05/24,"3,671",17.7,36.0 %,0.9
Callao,2024 - I,3/05/24,"4,315",22.7,31.8 %,1.1
Callao,2024 - I,4/05/24,"1,112",18.6,49.4 %,1.4
Callao,2024 - I,5/05/24,556,17.1,80.2 %,1.6
Callao,2024 - I,6/05/24,"2,429",14.9,67.9 %,1.5
Callao,2024 - I,7/05/24,"4,125",15.3,55.7 %,2.0
Callao,2024 - I,8/05/24,"2,357",13.7,48.6 %,4.1
Callao,2024 - I,9/05/24,"3,033",17.7,51.9 %,1.7
Callao,2024 - I,10/05/24,"2,081",13.9,36.3 %,0.6
Callao,2024 - I,11/05/24,"2,202",14.5,43.5 %,1.3
Callao,2024 - I,12/05/24,"3,248",17.5,67.9 %,8.2
Callao,2024 - I,13/05/24,"1,934",12.2,55.9 %,8.0
Callao,2024 - I,14/05/24,"1,410",12.0,62.1 %,5.5
Callao,2024 - I,15/05/24,837,13.0,31.0 %,3.9
Callao,2024 - I,17/05/24,542,17.6,88.0 %,0.6
Callao,2024 - I,18/05/24,91,7.7,43.0 %,0.4
Callao,2024 - I,25/05/24,580,11.0,30.0 %,1.2
Callao,2024 - I,26/05/24,452,13.4,68.6 %,19.7
Callao,2024 - I,30/05/24,"1,250",13.1,67.0 %,3.3
Callao,2024 - I,31/05/24,884,12.6,61.3 %,0.9
Callao,2024 - I,1/06/24,"2,171",13.1,50.4 %,1.2
Callao,2024 - I,2/06/24,"2,521",13.0,18.7 %,1.0
Callao,2024 - I,3/06/24,"1,430",13.5,32.8 %,1.1
Callao,2024 - II,1/11/24,"3,204",13.0,3.2 %,3.2
Callao,2024 - II,2/11/24,"2,858",14.9,3.1 %,1.3
Callao,2024 - II,3/11/24,"1,415",17.5,0.0 %,1.3
Callao,2024 - II,4/11/24,372,12.8,0.4 %,0.6
Callao,2024 - II,5/11/24,"1,972",16.8,18.3 %,3.3
Callao,2024 - II,6/11/24,"1,215",16.4,19.7 %,1.4
Callao,2024 - II,7/11/24,"1,154",19.1,44.2 %,4.0
Callao,2024 - II,8/11/24,"2,521",12.4,24.1 %,4.8
Callao,2024 - II,9/11/24,"1,917",14.4,5.7 %,11.8
Callao,2024 - II,10/11/24,"2,069",13.8,26.1 %,4.0
Callao,2024 - II,11/11/24,678,20.8,4.9 %,0.1
Callao,2024 - II,14/11/24,"2,122",15.9,3.6 %,0.6
Callao,2024 - II,15/11/24,"2,762",18.4,2.5 %,2.6
Callao,2024 - II,16/11/24,"2,717",14.1,21.8 %,3.4
Callao,2024 - II,17/11/24,"1,199",17.4,22.7 %,2.5
Callao,2024 - II,18/11/24,"2,703",13.7,11.9 %,3.9
Callao,2024 - II,19/11/24,"3,249",14.9,17.0 %,4.7
Callao,2024 - II,20/11/24,"1,009",8.9,33.0 %,4.3
Callao,2024 - II,21/11/24,"2,612",17.3,71.9 %,3.2
Callao,2024 - II,22/11/24,641,18.5,31.5 %,4.0
Callao,2024 - II,23/11/24,515,16.7,49.5 %,4.3
Callao,2024 - II,25/11/24,"1,837",16.4,23.9 %,4.5
Callao,2024 - II,26/11/24,528,16.0,24.6 %,5.2
Callao,2024 - II,27/11/24,"1,509",12.4,16.3 %,3.4
Callao,2024 - II,28/11/24,"2,144",14.8,25.6 %,3.4
Callao,2024 - II,29/11/24,592,13.0,41.4 %,4.6
Callao,2024 - II,30/11/24,"1,218",12.9,11.6 %,1.7
Callao,2024 - II,1/12/24,"1,651",12.7,43.2 %,6.3
Callao,2024 - II,2/12/24,"1,204",18.3,39.1 %,5.2
Callao,2024 - II,3/12/24,388,23.2,31.2 %,5.9
Callao,2024 - II,5/12/24,246,12.9,48.8 %,2.9
Callao,2024 - II,6/12/24,642,9.9,24.5 %,1.1
Callao,2024 - II,7/12/24,673,6.1,65.8 %,1.0
Callao,2024 - II,8/12/24,"1,296",11.2,8.8 %,1.3
Callao,2024 - II,9/12/24,"1,128",9.0,9.1 %,1.6
Callao,2024 - II,10/12/24,978,11.2,67.5 %,5.2
Callao,2024 - II,11/12/24,"1,081",11.9,11.4 %,3.4
Callao,2024 - II,12/12/24,"2,261",12.9,44.9 %,0.7
Callao,2024 - II,16/12/24,"2,407",12.0,11.3 %,2.1
Callao,2024 - II,17/12/24,"3,275",10.3,15.4 %,0.9
Callao,2024 - II,18/12/24,"2,976",13.2,11.8 %,1.2
Callao,2024 - II,19/12/24,"1,967",17.3,19.1 %,3.6
Callao,2024 - II,20/12/24,"2,820",15.7,20.4 %,1.2
Callao,2024 - II,21/12/24,"1,947",21.3,27.1 %,3.0
Callao,2024 - II,22/12/24,879,16.4,8.5 %,13.0
Callao,2024 - II,23/12/24,"1,905",17.3,3.4 %,4.4
Callao,2024 - II,27/12/24,899,11.2,1.4 %,6.2
Callao,2024 - II,30/12/24,"1,067",16.8,5.8 %,8.6
Callao,2024 - II,31/12/24,"2,059",25.6,6.5 %,10.2
Callao,2024 - II,1/01/25,"1,578",27.1,2.5 %,9.2
Callao,2024 - II,2/01/25,"2,025",14.2,27.8 %,7.9
Callao,2024 - II,3/01/25,"2,703",18.5,32.0 %,2.1
Callao,2024 - II,4/01/25,"1,702",15.2,3.1 %,0.1
Callao,2024 - II,5/01/25,496,18.6,4.3 %,6.4
Callao,2024 - II,18/01/25,"2,184",10.5,14.6 %,2.8
Callao,2024 - II,19/01/25,"1,381",28.6,4.6 %,5.0
Callao,2024 - II,20/01/25,"2,896",14.3,47.2 %,1.8
P. Sur,2019 - II,,"1,058",14.2,80.5 %,2.2
P. Sur,2020 - II,12/11/20,789,14.2,16.0 %,5.4
P. Sur,2020 - II,13/11/20,"2,282",17.7,16.2 %,0.1
P. Sur,2020 - II,14/11/20,"1,497",13.9,12.8 %,0.2
P. Sur,2020 - II,15/11/20,"1,579",18.2,12.6 %,0.0
P. Sur,2020 - II,16/11/20,"2,086",25.9,35.9 %,4.4
P. Sur,2020 - II,17/11/20,"1,159",22.8,7.2 %,1.5
P. Sur,2020 - II,19/11/20,794,15.5,13.0 %,3.3
P. Sur,2020 - II,20/11/20,"1,068",12.8,19.4 %,1.9
P. Sur,2020 - II,21/11/20,512,14.5,15.9 %,4.7
P. Sur,2020 - II,22/11/20,"1,561",21.1,9.4 %,0.2
P. Sur,2020 - II,23/11/20,709,21.7,23.1 %,8.2
P. Sur,2020 - II,25/11/20,967,15.6,14.3 %,2.5
P. Sur,2020 - II,26/11/20,493,11.4,10.7 %,12.3
P. Sur,2020 - II,27/11/20,"1,862",20.3,21.6 %,5.3
P. Sur,2020 - II,28/11/20,"1,096",14.2,4.7 %,0.0
P. Sur,2020 - II,29/11/20,169,25.8,0.0 %,0.0
P. Sur,2020 - II,30/11/20,225,14.8,9.6 %,0.0
P. Sur,2020 - II,1/12/20,618,19.6,12.0 %,0.0
P. Sur,2020 - II,2/12/20,52,12.2,0.0 %,0.0
P. Sur,2020 - II,3/12/20,"1,776",16.5,7.8 %,0.9
P. Sur,2020 - II,4/12/20,116,11.6,12.2 %,1.2
P. Sur,2020 - II,5/12/20,274,11.8,7.6 %,2.1
P. Sur,2020 - II,6/12/20,694,16.3,16.3 %,1.7
P. Sur,2020 - II,11/12/20,"1,047",16.1,13.7 %,8.9
P. Sur,2020 - II,12/12/20,463,14.5,23.5 %,7.0
P. Sur,2020 - II,13/12/20,562,13.5,19.4 %,6.6
P. Sur,2020 - II,14/12/20,436,12.9,30.6 %,16.8
P. Sur,2021 - I,26/04/21,876,12.8,55.5 %,0.0
P. Sur,2021 - I,27/04/21,"2,465",18.0,22.9 %,0.0
P. Sur,2021 - I,28/04/21,"2,395",14.5,14.3 %,1.3
P. Sur,2021 - I,29/04/21,"2,217",15.5,18.6 %,0.0
P. Sur,2021 - I,30/04/21,"1,627",15.2,56.7 %,1.4
P. Sur,2021 - I,1/05/21,"1,707",16.3,68.2 %,0.0
P. Sur,2021 - I,2/05/21,"1,565",14.4,31.1 %,0.0
P. Sur,2021 - I,3/05/21,"2,033",20.8,38.3 %,1.1
P. Sur,2021 - I,5/05/21,"1,081",26.1,72.0 %,2.7
P. Sur,2021 - I,6/05/21,771,26.8,42.9 %,0.0
P. Sur,2021 - I,7/05/21,"1,487",16.0,27.1 %,0.0
P. Sur,2021 - I,9/05/21,"1,689",20.1,52.4 %,0.0
P. Sur,2021 - I,10/05/21,747,11.8,75.0 %,9.6
P. Sur,2021 - I,12/05/21,"1,106",23.5,18.2 %,0.0
P. Sur,2021 - I,13/05/21,700,15.3,21.7 %,0.0
P. Sur,2021 - I,14/05/21,"1,402",21.1,21.8 %,0.0
P. Sur,2021 - I,16/05/21,680,18.9,28.8 %,0.0
P. Sur,2021 - I,27/05/21,221,10.7,6.5 %,0.0
P. Sur,2021 - I,5/06/21,969,27.4,17.2 %,0.0
P. Sur,2021 - I,6/06/21,759,17.3,17.2 %,0.0
P. Sur,2021 - I,7/06/21,838,19.3,21.5 %,0.0
P. Sur,2021 - I,8/06/21,"1,719",19.3,23.1 %,0.0
P. Sur,2021 - I,9/06/21,"2,194",27.5,22.3 %,0.0
P. Sur,2021 - I,14/06/21,517,10.6,44.4 %,0.0
P. Sur,2021 - II,15/11/21,"2,418",15.0,26.3 %,2.4
P. Sur,2021 - II,16/11/21,"1,856",16.7,10.9 %,0.0
P. Sur,2021 - II,17/11/21,"1,642",13.4,25.5 %,0.0
P. Sur,2021 - II,18/11/21,"2,553",12.9,10.3 %,1.2
P. Sur,2021 - II,19/11/21,486,14.8,6.5 %,0.0
P. Sur,2021 - II,20/11/21,"1,165",15.3,64.5 %,1.7
P. Sur,2021 - II,21/11/21,"2,149",18.2,44.4 %,0.4
P. Sur,2021 - II,29/11/21,"1,134",24.1,5.5 %,2.1
P. Sur,2021 - II,30/11/21,640,19.7,3.6 %,0.0
P. Sur,2021 - II,6/12/21,"2,388",26.0,4.1 %,7.0
P. Sur,2021 - II,7/12/21,979,22.6,5.8 %,8.6
P. Sur,2021 - II,8/12/21,"2,448",29.5,27.4 %,2.4
P. Sur,2021 - II,9/12/21,"1,176",16.2,45.3 %,1.9
P. Sur,2021 - II,10/12/21,"2,226",19.7,46.6 %,0.1
P. Sur,2021 - II,11/12/21,"1,718",12.9,45.1 %,0.0
P. Sur,2021 - II,12/12/21,"1,683",14.9,55.9 %,0.3
P. Sur,2021 - II,13/12/21,"1,418",22.7,60.8 %,0.2
P. Sur,2021 - II,14/12/21,"2,413",16.4,5.3 %,1.3
P. Sur,2021 - II,15/12/21,"1,439",13.5,22.6 %,1.8
P. Sur,2021 - II,16/12/21,"1,709",24.6,32.0 %,2.3
P. Sur,2021 - II,17/12/21,"1,022",15.8,12.0 %,0.0
P. Sur,2021 - II,18/12/21,"2,177",14.7,17.1 %,1.1
P. Sur,2021 - II,19/12/21,"1,925",14.5,11.8 %,2.0
P. Sur,2021 - II,20/12/21,"1,056",20.5,25.9 %,0.0
P. Sur,2021 - II,21/12/21,"1,183",25.9,35.6 %,0.5
P. Sur,2021 - II,22/12/21,"1,396",11.2,18.9 %,1.4
P. Sur,2021 - II,23/12/21,"2,287",21.1,30.0 %,0.3
P. Sur,2021 - II,25/12/21,"2,030",16.3,24.5 %,1.2
P. Sur,2021 - II,26/12/21,753,13.1,10.5 %,0.4
P. Sur,2021 - II,27/12/21,458,25.4,38.1 %,1.7
P. Sur,2022 - I,4/05/22,39,5.5,8.9 %,0.0
P. Sur,2022 - I,5/05/22,"1,766",17.0,28.9 %,0.0
P. Sur,2022 - I,6/05/22,"2,204",16.5,21.5 %,0.4
P. Sur,2022 - I,7/05/22,"2,638",16.2,7.6 %,0.4
P. Sur,2022 - I,8/05/22,277,13.9,0.1 %,0.0
P. Sur,2022 - I,10/05/22,"1,816",9.2,28.6 %,0.0
P. Sur,2022 - I,11/05/22,"2,732",14.6,3.2 %,0.2
P. Sur,2022 - I,12/05/22,"1,085",14.1,6.0 %,0.0
P. Sur,2022 - I,13/05/22,"1,580",27.9,12.2 %,2.9
P. Sur,2022 - I,14/05/22,"2,444",18.4,17.9 %,0.0
P. Sur,2022 - I,15/05/22,"1,320",18.8,16.6 %,0.4
P. Sur,2022 - I,16/05/22,484,12.8,15.2 %,0.0
P. Sur,2022 - I,17/05/22,"1,960",22.8,28.7 %,0.4
P. Sur,2022 - I,18/05/22,"1,703",16.6,12.9 %,0.0
P. Sur,2022 - I,19/05/22,"2,352",21.0,7.0 %,0.0
P. Sur,2022 - I,20/05/22,218,9.5,3.6 %,0.4
P. Sur,2022 - I,21/05/22,808,10.9,4.2 %,2.5
P. Sur,2022 - I,22/05/22,328,6.5,6.0 %,0.1
P. Sur,2022 - I,23/05/22,939,15.4,6.1 %,0.0
P. Sur,2022 - I,24/05/22,335,18.5,4.4 %,0.0
P. Sur,2022 - I,25/05/22,"1,433",13.0,9.8 %,0.0
P. Sur,2022 - I,26/05/22,"2,073",15.7,5.1 %,0.0
P. Sur,2022 - I,27/05/22,399,15.1,11.0 %,0.0
P. Sur,2022 - I,28/05/22,"2,316",16.2,15.0 %,0.0
P. Sur,2022 - I,29/05/22,"1,482",16.5,21.5 %,0.1
P. Sur,2022 - I,30/05/22,"1,113",17.5,49.5 %,0.0
P. Sur,2022 - I,31/05/22,656,12.8,25.0 %,0.0
P. Sur,2022 - I,1/06/22,592,13.3,14.7 %,0.1
P. Sur,2022 - I,2/06/22,329,16.9,55.2 %,0.0
P. Sur,2022 - I,7/06/22,"1,059",11.9,43.9 %,0.0
P. Sur,2022 - I,8/06/22,"1,774",12.7,57.2 %,0.8
P. Sur,2022 - II,23/11/22,"1,439",17.7,18.7 %,0.0
P. Sur,2022 - II,25/11/22,"1,262",11.8,11.5 %,0.0
P. Sur,2022 - II,26/11/22,"1,098",10.7,1.4 %,0.1
P. Sur,2022 - II,27/11/22,781,9.8,22.0 %,0.1
P. Sur,2022 - II,30/11/22,891,15.0,4.9 %,0.9
P. Sur,2022 - II,7/12/22,93,8.8,50.4 %,8.2
P. Sur,2022 - II,8/12/22,"1,522",10.9,6.3 %,6.0
P. Sur,2022 - II,9/12/22,68,6.9,8.2 %,0.0
P. Sur,2022 - II,12/12/22,"1,092",12.5,11.7 %,1.8
P. Sur,2022 - II,15/12/22,181,10.0,18.0 %,4.1
P. Sur,2022 - II,16/12/22,320,10.8,20.1 %,5.4
P. Sur,2022 - II,17/12/22,326,10.0,6.9 %,1.3
P. Sur,2022 - II,18/12/22,"1,027",8.2,30.5 %,0.3
P. Sur,2022 - II,19/12/22,113,11.0,15.9 %,0.0
P. Sur,2022 - II,20/12/22,413,6.7,28.8 %,0.0
P. Sur,2022 - II,2/01/23,"1,046",13.2,41.7 %,0.0
P. Sur,2022 - II,4/01/23,341,7.7,9.7 %,0.0
P. Sur,2022 - II,5/01/23,192,9.4,4.0 %,0.0
P. Sur,2022 - II,6/01/23,"2,040",16.8,22.9 %,0.0
P. Sur,2022 - II,7/01/23,"2,331",12.7,21.3 %,0.0
P. Sur,2022 - II,8/01/23,"1,978",13.1,60.4 %,5.9
P. Sur,2022 - II,9/01/23,"2,555",13.5,56.6 %,1.4
P. Sur,2022 - II,11/01/23,638,16.6,45.9 %,3.8
P. Sur,2022 - II,12/01/23,270,9.9,54.5 %,1.3
P. Sur,2022 - II,13/01/23,409,9.7,59.8 %,0.0
P. Sur,2022 - II,14/01/23,471,16.4,18.5 %,4.3
P. Sur,2022 - II,15/01/23,224,12.3,76.3 %,3.0
P. Sur,2022 - II,16/01/23,325,11.4,41.3 %,0.6
P. Sur,2023 - I,,153,NaN,,0.0
P. Sur,2023 - II,2/11/23,630,19.4,7.5 %,0.0
P. Sur,2023 - II,4/11/23,"1,007",30.4,18.9 %,0.0
P. Sur,2023 - II,9/11/23,"1,067",35.9,13.5 %,0.0
P. Sur,2023 - II,16/11/23,280,8.2,92.2 %,0.0
P. Sur,2023 - II,22/11/23,647,8.5,61.4 %,0.0
P. Sur,2023 - II,28/11/23,"1,622",16.6,74.2 %,0.0
P. Sur,2023 - II,29/11/23,391,9.1,87.6 %,0.0
P. Sur,2023 - II,30/11/23,"1,327",15.6,86.1 %,2.9
P. Sur,2023 - II,5/12/23,"2,176",14.4,66.7 %,0.0
P. Sur,2023 - II,11/12/23,676,12.8,56.9 %,8.7
P. Sur,2023 - II,12/12/23,781,12.6,27.7 %,0.1
P. Sur,2023 - II,16/12/23,"1,140",7.9,58.0 %,0.0
P. Sur,2023 - II,17/12/23,"1,819",13.0,66.1 %,0.0
P. Sur,2023 - II,18/12/23,359,12.5,82.5 %,0.3
P. Sur,2023 - II,29/12/23,598,10.1,62.5 %,0.0
P. Sur,2023 - II,30/12/23,"2,153",14.2,83.4 %,0.2
P. Sur,2023 - II,31/12/23,639,11.9,74.5 %,0.6
P. Sur,2023 - II,4/01/24,"1,480",13.6,71.9 %,1.1
P. Sur,2023 - II,9/01/24,754,20.3,46.9 %,0.1
P. Sur,2023 - II,10/01/24,919,18.0,83.7 %,0.0
P. Sur,2023 - II,11/01/24,598,12.1,64.2 %,0.0
P. Sur,2024 - I,18/04/24,535,18.6,91.1 %,0.0
P. Sur,2024 - I,19/04/24,743,16.7,83.4 %,1.7
P. Sur,2024 - I,20/04/24,549,12.9,61.2 %,4.5
P. Sur,2024 - I,21/04/24,676,13.0,51.9 %,0.3
P. Sur,2024 - I,22/04/24,117,14.3,87.7 %,8.7
P. Sur,2024 - I,26/04/24,"1,296",11.4,94.5 %,2.5
P. Sur,2024 - I,27/04/24,961,10.5,86.9 %,6.0
P. Sur,2024 - I,28/04/24,"1,553",11.7,14.6 %,0.1
P. Sur,2024 - I,29/04/24,"1,935",14.8,35.0 %,1.0
P. Sur,2024 - I,30/04/24,"1,777",14.4,29.1 %,2.1
P. Sur,2024 - I,1/05/24,"2,093",13.8,24.7 %,0.9
P. Sur,2024 - I,2/05/24,"1,468",16.1,40.5 %,1.6
P. Sur,2024 - I,3/05/24,"1,725",16.0,28.7 %,1.1
P. Sur,2024 - I,4/05/24,"1,874",21.1,79.5 %,3.3
P. Sur,2024 - I,5/05/24,446,19.5,88.0 %,3.7
P. Sur,2024 - I,7/05/24,"1,770",15.3,76.4 %,4.8
P. Sur,2024 - I,8/05/24,"1,610",14.4,44.6 %,1.0
P. Sur,2024 - I,9/05/24,"1,768",12.5,76.3 %,0.9
P. Sur,2024 - I,10/05/24,"1,129",10.3,55.3 %,0.4
P. Sur,2024 - I,11/05/24,217,9.6,94.5 %,0.7
P. Sur,2024 - I,16/05/24,576,8.8,87.4 %,11.1
P. Sur,2024 - I,17/05/24,"1,908",10.5,83.3 %,0.8
P. Sur,2024 - II,1/11/24,749,10.2,46.5 %,0.5
P. Sur,2024 - II,2/11/24,"1,754",10.7,92.7 %,3.8
P. Sur,2024 - II,3/11/24,"1,179",12.2,48.7 %,2.4
P. Sur,2024 - II,4/11/24,"1,718",16.0,36.4 %,2.6
P. Sur,2024 - II,12/11/24,482,13.1,85.7 %,0.9
P. Sur,2024 - II,13/11/24,"1,078",22.6,12.1 %,0.7
P. Sur,2024 - II,17/11/24,701,34.7,35.1 %,2.3
P. Sur,2024 - II,20/11/24,"1,430",11.2,61.0 %,1.5
P. Sur,2024 - II,21/11/24,"1,125",14.6,74.4 %,3.8
P. Sur,2024 - II,22/11/24,"1,888",12.1,54.8 %,1.8
P. Sur,2024 - II,23/11/24,981,10.1,33.3 %,0.7
P. Sur,2024 - II,24/11/24,"1,664",12.1,37.4 %,3.7
P. Sur,2024 - II,25/11/24,"1,204",14.7,35.0 %,2.6
P. Sur,2024 - II,27/11/24,"2,684",11.8,22.2 %,0.4
P. Sur,2024 - II,28/11/24,"1,686",12.8,44.8 %,2.5
P. Sur,2024 - II,29/11/24,"1,706",14.8,56.3 %,4.9
P. Sur,2024 - II,30/11/24,864,13.2,21.0 %,2.7
P. Sur,2024 - II,1/12/24,"2,135",20.4,36.1 %,1.3
P. Sur,2024 - II,2/12/24,"2,178",14.0,56.3 %,3.1
P. Sur,2024 - II,3/12/24,"1,320",12.0,16.0 %,1.8
P. Sur,2024 - II,4/12/24,"1,519",18.9,39.3 %,0.7
P. Sur,2024 - II,5/12/24,678,8.6,41.7 %,4.3
P. Sur,2024 - II,6/12/24,504,11.5,33.1 %,1.8
P. Sur,2024 - II,13/12/24,"1,444",16.6,64.2 %,8.1
P. Sur,2024 - II,2/01/25,698,14.5,23.7 %,3.6
P. Sur,2024 - II,3/01/25,"1,268",10.6,38.7 %,0.3
P. Sur,2024 - II,4/01/25,"2,020",9.1,17.8 %,0.6
P. Sur,2024 - II,19/01/25,"1,986",13.4,59.9 %,5.2
P. Sur,2024 - II,20/01/25,"2,140",13.5,55.0 %,0.9
P. Sur,2024 - II,21/01/25,"1,753",22.1,33.1 %,0.8
P. Sur,2024 - II,22/01/25,208,14.4,52.4 %,0.2
