PLANTA,TEMPORADA,Fecha_Batch,DESCARG,TDC_POND,JUVX2,Munida_pond,ANO,MES
CALLAO,2020 - II,12/11/2020,574,12.8,0.125,0.065,2020,11
CALLAO,2020 - II,13/11/2020,2891,13.9,0.156,0.019,2020,11
CALLAO,2020 - II,14/11/2020,3484,12,0.092,0.042,2020,11
CALLAO,2020 - II,15/11/2020,3333,15.1,0.101,0.048,2020,11
CALLAO,2020 - II,16/11/2020,4296,15.3,0.247,0.009,2020,11
CALLAO,2020 - II,17/11/2020,396,10,0.197,0.075,2020,11
CALLAO,2020 - II,18/11/2020,1889,10.2,0.119,0.059,2020,11
CALLAO,2020 - II,19/11/2020,2554,19.5,0.072,0.012,2020,11
CALLAO,2020 - II,20/11/2020,1124,8.9,0.035,0.004,2020,11
CALLAO,2020 - II,21/11/2020,1002,10,0.039,0.071,2020,11
CALLAO,2020 - II,24/11/2020,548,16.4,0.072,0.012,2020,11
CALLAO,2020 - II,25/11/2020,1632,15.9,0.059,0.025,2020,11
CALLAO,2020 - II,26/11/2020,608,14.1,0.013,0.031,2020,11
CALLAO,2020 - II,27/11/2020,917,28.7,0.058,0.131,2020,11
CALLAO,2020 - II,03/12/2020,1080,25.5,0.048,0.017,2020,12
CALLAO,2020 - II,04/12/2020,705,13.7,0.166,0.027,2020,12
CALLAO,2020 - II,06/12/2020,3395,15.7,0.155,0.029,2020,12
CALLAO,2020 - II,07/12/2020,2312,11.7,0.026,0.045,2020,12
CALLAO,2020 - II,08/12/2020,3763,14.5,0.092,0.045,2020,12
CALLAO,2020 - II,09/12/2020,2251,10.3,0.095,0.012,2020,12
CALLAO,2020 - II,10/12/2020,2929,13,0.216,0.012,2020,12
CALLAO,2020 - II,11/12/2020,1276,12.6,0.109,0.058,2020,12
CALLAO,2020 - II,12/12/2020,904,8.2,0.071,0.066,2020,12
CALLAO,2020 - II,13/12/2020,351,10.2,0.149,0.052,2020,12
CALLAO,2020 - II,15/12/2020,468,11.3,0.003,0,2020,12
CALLAO,2020 - II,16/12/2020,697,12.1,0.032,0.084,2020,12
CALLAO,2020 - II,17/12/2020,1097,9.5,0.037,0.004,2020,12
CALLAO,2020 - II,18/12/2020,2035,12.3,0.065,0.029,2020,12
CALLAO,2020 - II,20/12/2020,349,8.3,0.029,0.075,2020,12
CALLAO,2020 - II,21/12/2020,1209,12,0.049,0.001,2020,12
CALLAO,2020 - II,27/12/2020,2248,34.9,0.002,0.004,2020,12
CALLAO,2020 - II,05/01/2021,548,8,0.163,0.001,2021,1
CALLAO,2020 - II,14/01/2021,244,5.8,0.011,0.03,2021,1
CALLAO,2020 - II,15/01/2021,370,11.6,0.162,0.003,2021,1
CALLAO,2020 - II,16/01/2021,905,10.5,0.247,0.003,2021,1
CALLAO,2020 - II,17/01/2021,276,5.8,0.038,0,2021,1
CALLAO,2020 - II,18/01/2021,431,7.5,0.145,0,2021,1
CALLAO,2020 - II,20/01/2021,3719,20.3,0.22,0.02,2021,1
CALLAO,2020 - II,21/01/2021,852,6.3,0.606,0.002,2021,1
CALLAO,2020 - II,22/01/2021,43,14.6,0.446,0.014,2021,1
CALLAO,2021 - I,23/04/2021,36,3.7,0.854,0,2021,4
CALLAO,2021 - I,24/04/2021,1084,11.1,0.247,0,2021,4
CALLAO,2021 - I,25/04/2021,3563,12.2,0.544,0,2021,4
CALLAO,2021 - I,26/04/2021,1637,16.7,0.812,0,2021,4
CALLAO,2021 - I,27/04/2021,2304,17.7,0.201,0.004,2021,4
CALLAO,2021 - I,28/04/2021,4071,18.9,0.195,0.014,2021,4
CALLAO,2021 - I,29/04/2021,4579,21.5,0.183,0.009,2021,4
CALLAO,2021 - I,30/04/2021,1631,21.6,0.347,0.023,2021,4
CALLAO,2021 - I,01/05/2021,2780,25.6,0.124,0.005,2021,5
CALLAO,2021 - I,02/05/2021,3291,27.6,0.039,0,2021,5
CALLAO,2021 - I,03/05/2021,2988,27.6,0.123,0,2021,5
CALLAO,2021 - I,04/05/2021,2348,22.7,0.349,0,2021,5
CALLAO,2021 - I,05/05/2021,661,27.6,0.614,0,2021,5
CALLAO,2021 - I,06/05/2021,708,23.7,0.178,0.019,2021,5
CALLAO,2021 - I,10/05/2021,677,15,0.049,0,2021,5
CALLAO,2021 - I,11/05/2021,4563,12.6,0.1,0,2021,5
CALLAO,2021 - I,12/05/2021,3391,17.1,0.172,0,2021,5
CALLAO,2021 - I,13/05/2021,2993,11.6,0.197,0,2021,5
CALLAO,2021 - I,14/05/2021,3764,17.6,0.251,0,2021,5
CALLAO,2021 - I,15/05/2021,3542,13.7,0.224,0,2021,5
CALLAO,2021 - I,16/05/2021,2214,21.7,0.166,0,2021,5
CALLAO,2021 - I,17/05/2021,603,11.5,0.264,0,2021,5
CALLAO,2021 - I,18/05/2021,197,8.8,0.632,0.001,2021,5
CALLAO,2021 - I,19/05/2021,163,27.2,0.41,0,2021,5
CALLAO,2021 - I,21/05/2021,420,10.7,0.132,0,2021,5
CALLAO,2021 - I,22/05/2021,776,12.9,0.165,0,2021,5
CALLAO,2021 - I,23/05/2021,832,9.8,0.264,0.003,2021,5
CALLAO,2021 - I,24/05/2021,4432,15.5,0.081,0,2021,5
CALLAO,2021 - I,25/05/2021,1589,12.6,0.196,0,2021,5
CALLAO,2021 - I,26/05/2021,25,5.5,0.357,0.067,2021,5
CALLAO,2021 - I,28/05/2021,233,14.5,0.13,0,2021,5
CALLAO,2021 - I,29/05/2021,228,12.9,0.126,0,2021,5
CALLAO,2021 - I,30/05/2021,602,9.7,0.07,0,2021,5
CALLAO,2021 - I,01/06/2021,2493,26.8,0.228,0,2021,6
CALLAO,2021 - I,02/06/2021,1408,8.2,0.124,0,2021,6
CALLAO,2021 - I,03/06/2021,4087,14.2,0.279,0,2021,6
CALLAO,2021 - I,04/06/2021,3352,14,0.216,0,2021,6
CALLAO,2021 - I,05/06/2021,3191,13.6,0.181,0,2021,6
CALLAO,2021 - I,06/06/2021,2325,12,0.099,0,2021,6
CALLAO,2021 - I,07/06/2021,1106,11.6,0.327,0.001,2021,6
CALLAO,2021 - I,08/06/2021,1681,12.8,0.103,0,2021,6
CALLAO,2021 - I,09/06/2021,3718,15.7,0.252,0,2021,6
CALLAO,2021 - I,10/06/2021,293,6.5,0.183,0,2021,6
CALLAO,2021 - I,11/06/2021,1579,12.1,0.313,0,2021,6
CALLAO,2021 - I,12/06/2021,490,7.2,0.263,0.003,2021,6
CALLAO,2021 - I,13/06/2021,1004,12.2,0.445,0,2021,6
CALLAO,2021 - I,15/06/2021,736,7.7,0.535,0.034,2021,6
CALLAO,2021 - I,19/06/2021,798,13.2,0.647,0.022,2021,6
CALLAO,2021 - I,22/06/2021,1067,11.2,0.373,0,2021,6
CALLAO,2021 - II,15/11/2021,3591,16.3,0.091,0.067,2021,11
CALLAO,2021 - II,16/11/2021,3197,14.2,0.123,0.025,2021,11
CALLAO,2021 - II,17/11/2021,3106,11.3,0.307,0.017,2021,11
CALLAO,2021 - II,18/11/2021,3087,14.2,0.267,0.017,2021,11
CALLAO,2021 - II,19/11/2021,4304,12.7,0.142,0.008,2021,11
CALLAO,2021 - II,20/11/2021,2120,11.9,0.02,0,2021,11
CALLAO,2021 - II,21/11/2021,3814,13.2,0.106,0.003,2021,11
CALLAO,2021 - II,22/11/2021,3144,13.7,0.051,0.005,2021,11
CALLAO,2021 - II,23/11/2021,1422,14.6,0.006,0.018,2021,11
CALLAO,2021 - II,24/11/2021,1060,26,0.027,0.01,2021,11
CALLAO,2021 - II,27/11/2021,1078,39,0.006,0.001,2021,11
CALLAO,2021 - II,28/11/2021,4097,11.8,0.035,0.029,2021,11
CALLAO,2021 - II,29/11/2021,4155,11.2,0.057,0.019,2021,11
CALLAO,2021 - II,30/11/2021,2163,10.7,0.015,0.001,2021,11
CALLAO,2021 - II,01/12/2021,3524,22,0,0,2021,12
CALLAO,2021 - II,03/12/2021,656,28.1,0,0,2021,12
CALLAO,2021 - II,04/12/2021,5109,27.6,0.007,0,2021,12
CALLAO,2021 - II,06/12/2021,4285,12.8,0.007,0.003,2021,12
CALLAO,2021 - II,07/12/2021,3557,10.8,0.064,0.017,2021,12
CALLAO,2021 - II,08/12/2021,4120,14.3,0.215,0.014,2021,12
CALLAO,2021 - II,09/12/2021,3155,12,0.181,0.002,2021,12
CALLAO,2021 - II,10/12/2021,3063,18,0.167,0.001,2021,12
CALLAO,2021 - II,11/12/2021,4138,19.4,0.178,0,2021,12
CALLAO,2021 - II,12/12/2021,1895,14.8,0.236,0.001,2021,12
CALLAO,2021 - II,13/12/2021,925,40.4,0.377,0,2021,12
CALLAO,2021 - II,14/12/2021,4119,15.6,0.151,0,2021,12
CALLAO,2021 - II,15/12/2021,2624,20.9,0.096,0,2021,12
CALLAO,2021 - II,16/12/2021,2449,20.1,0.278,0.037,2021,12
CALLAO,2021 - II,17/12/2021,2003,19.6,0.096,0,2021,12
CALLAO,2021 - II,18/12/2021,3903,22.8,0.121,0.002,2021,12
CALLAO,2021 - II,19/12/2021,1998,21.2,0.099,0.024,2021,12
CALLAO,2021 - II,20/12/2021,1624,29.4,0.17,0.011,2021,12
CALLAO,2021 - II,21/12/2021,3323,16.9,0.223,0.003,2021,12
CALLAO,2021 - II,22/12/2021,1122,16.4,0.093,0.003,2021,12
CALLAO,2021 - II,23/12/2021,2596,23.9,0.209,0.008,2021,12
CALLAO,2021 - II,25/12/2021,2979,16,0.152,0,2021,12
CALLAO,2021 - II,26/12/2021,1690,11,0.097,0,2021,12
CALLAO,2021 - II,27/12/2021,633,11.7,0.142,0.02,2021,12
CALLAO,2021 - II,28/12/2021,860,8.4,0.149,0,2021,12
CALLAO,2021 - II,29/12/2021,2362,13.6,0.63,0.001,2021,12
CALLAO,2021 - II,31/12/2021,2826,17.9,0.146,0,2021,12
CALLAO,2021 - II,01/01/2022,865,19.3,0.125,0,2022,1
CALLAO,2021 - II,02/01/2022,2250,31.1,0.134,0.048,2022,1
CALLAO,2021 - II,03/01/2022,249,14.7,0,0,2022,1
CALLAO,2022 - I,04/05/2022,2163,9.6,0.18,0.001,2022,5
CALLAO,2022 - I,05/05/2022,3783,13.8,0.453,0.001,2022,5
CALLAO,2022 - I,06/05/2022,4006,12,0.395,0.007,2022,5
CALLAO,2022 - I,07/05/2022,4162,10.6,0.268,0.01,2022,5
CALLAO,2022 - I,08/05/2022,4085,14.1,0.16,0.002,2022,5
CALLAO,2022 - I,09/05/2022,3028,20.3,0.086,0.016,2022,5
CALLAO,2022 - I,10/05/2022,3186,16.5,0.162,0.003,2022,5
CALLAO,2022 - I,11/05/2022,2719,12.5,0.079,0,2022,5
CALLAO,2022 - I,12/05/2022,4896,19,0.288,0.021,2022,5
CALLAO,2022 - I,18/05/2022,329,21.4,0.028,0,2022,5
CALLAO,2022 - I,19/05/2022,1760,22.5,0.158,0,2022,5
CALLAO,2022 - I,20/05/2022,970,14.3,0.07,0,2022,5
CALLAO,2022 - I,21/05/2022,1012,20.9,0.033,0,2022,5
CALLAO,2022 - I,22/05/2022,3311,16.9,0.131,0,2022,5
CALLAO,2022 - I,23/05/2022,3631,16.9,0.173,0.001,2022,5
CALLAO,2022 - I,24/05/2022,1306,17.3,0.199,0,2022,5
CALLAO,2022 - I,25/05/2022,422,13.5,0.05,0,2022,5
CALLAO,2022 - I,26/05/2022,3078,24.9,0.051,0,2022,5
CALLAO,2022 - I,27/05/2022,706,9.3,0.112,0.08,2022,5
CALLAO,2022 - I,28/05/2022,4204,17.6,0.153,0,2022,5
CALLAO,2022 - I,29/05/2022,929,13.5,0.199,0,2022,5
CALLAO,2022 - I,30/05/2022,1569,13,0.372,0.003,2022,5
CALLAO,2022 - I,31/05/2022,2512,17.2,0.38,0.006,2022,5
CALLAO,2022 - I,01/06/2022,2147,23.7,0.161,0,2022,6
CALLAO,2022 - I,02/06/2022,33,13.2,0.043,0,2022,6
CALLAO,2022 - I,09/06/2022,207,10.2,0.313,0.018,2022,6
CALLAO,2022 - I,10/06/2022,529,9.9,0.134,0.022,2022,6
CALLAO,2022 - I,11/06/2022,3308,11.5,0.23,0.016,2022,6
CALLAO,2022 - I,12/06/2022,2370,10,0.1,0.01,2022,6
CALLAO,2022 - I,13/06/2022,2690,11.6,0.083,0.025,2022,6
CALLAO,2022 - I,14/06/2022,7175,22.8,0.212,0.005,2022,6
CALLAO,2022 - I,16/06/2022,198,9.8,0.146,0.001,2022,6
CALLAO,2022 - I,20/06/2022,1488,22,0.3,0,2022,6
CALLAO,2022 - I,21/06/2022,3720,23.7,0.112,0,2022,6
CALLAO,2022 - I,22/06/2022,1084,25.7,0.057,0,2022,6
CALLAO,2022 - I,01/07/2022,405,6.5,0.056,0.015,2022,7
CALLAO,2022 - I,02/07/2022,3507,16.7,0.096,0.006,2022,7
CALLAO,2022 - I,03/07/2022,3615,14.7,0.123,0.025,2022,7
CALLAO,2022 - I,04/07/2022,2479,13.8,0.204,0.001,2022,7
CALLAO,2022 - I,05/07/2022,1262,10.2,0.252,0.03,2022,7
CALLAO,2022 - I,12/07/2022,2585,24.9,0.485,0.035,2022,7
CALLAO,2022 - I,13/07/2022,2306,14.4,0.155,0.008,2022,7
CALLAO,2022 - I,14/07/2022,3648,15.4,0.2,0.003,2022,7
CALLAO,2022 - I,19/07/2022,1203,10.3,0.236,0.02,2022,7
CALLAO,2022 - I,20/07/2022,4005,13.3,0.062,0,2022,7
CALLAO,2022 - I,21/07/2022,1338,9.5,0.117,0.028,2022,7
CALLAO,2022 - I,22/07/2022,2234,12,0.073,0.009,2022,7
CALLAO,2022 - I,23/07/2022,1750,12,0.083,0.002,2022,7
CALLAO,2022 - II,23/11/2022,3749,10.1,0.341,0,2022,11
CALLAO,2022 - II,24/11/2022,3773,11,0.077,0.001,2022,11
CALLAO,2022 - II,25/11/2022,560,8.3,0.089,0.021,2022,11
CALLAO,2022 - II,26/11/2022,1526,11.6,0.057,0,2022,11
CALLAO,2022 - II,27/11/2022,626,6.1,0,0.084,2022,11
CALLAO,2022 - II,28/11/2022,4055,11.6,0.117,0.009,2022,11
CALLAO,2022 - II,29/11/2022,2914,11.4,0.085,0.003,2022,11
CALLAO,2022 - II,30/11/2022,3377,11.5,0.123,0,2022,11
CALLAO,2022 - II,01/12/2022,2969,10.3,0.088,0.006,2022,12
CALLAO,2022 - II,02/12/2022,3143,12.7,0.071,0.011,2022,12
CALLAO,2022 - II,03/12/2022,1412,10,0.078,0.019,2022,12
CALLAO,2022 - II,04/12/2022,1006,9.2,0.273,0.018,2022,12
CALLAO,2022 - II,05/12/2022,2927,10.4,0.155,0.014,2022,12
CALLAO,2022 - II,06/12/2022,2879,10.6,0.141,0.007,2022,12
CALLAO,2022 - II,07/12/2022,1268,13.9,0.177,0.021,2022,12
CALLAO,2022 - II,10/12/2022,806,5.4,0.322,0.02,2022,12
CALLAO,2022 - II,11/12/2022,900,12.2,0.285,0.019,2022,12
CALLAO,2022 - II,13/12/2022,523,11.8,0.203,0.005,2022,12
CALLAO,2022 - II,14/12/2022,2122,15.4,0.022,0,2022,12
CALLAO,2022 - II,15/12/2022,2889,19.2,0.025,0,2022,12
CALLAO,2022 - II,16/12/2022,580,18.4,0,0,2022,12
CALLAO,2022 - II,17/12/2022,1902,23.3,0.025,0,2022,12
CALLAO,2022 - II,18/12/2022,532,7.9,0.182,0.037,2022,12
CALLAO,2022 - II,19/12/2022,243,10.8,0.046,0.016,2022,12
CALLAO,2022 - II,20/12/2022,455,10.8,0.083,0.082,2022,12
CALLAO,2022 - II,21/12/2022,304,7.1,0.143,0.038,2022,12
CALLAO,2022 - II,22/12/2022,992,9.4,0.191,0.14,2022,12
CALLAO,2022 - II,26/12/2022,141,6.1,0.773,0.062,2022,12
CALLAO,2022 - II,27/12/2022,1955,10.1,0.018,0.005,2022,12
CALLAO,2022 - II,28/12/2022,3099,19.4,0.068,0.051,2022,12
CALLAO,2022 - II,29/12/2022,327,10,0.062,0.243,2022,12
CALLAO,2022 - II,30/12/2022,485,8.5,0.036,0.062,2022,12
CALLAO,2022 - II,31/12/2022,82,7.8,0,0,2022,12
CALLAO,2022 - II,01/01/2023,296,9.5,0.275,0.174,2023,1
CALLAO,2022 - II,02/01/2023,723,10.6,0.556,0.006,2023,1
CALLAO,2022 - II,03/01/2023,1148,8.5,0.283,0.061,2023,1
CALLAO,2022 - II,04/01/2023,317,8.3,0.298,0.118,2023,1
CALLAO,2022 - II,06/01/2023,2119,15.1,0.243,0.017,2023,1
CALLAO,2022 - II,07/01/2023,383,10.7,0.17,0.029,2023,1
CALLAO,2022 - II,08/01/2023,1304,11.2,0.112,0.039,2023,1
CALLAO,2022 - II,09/01/2023,2942,13.2,0.327,0.007,2023,1
CALLAO,2022 - II,10/01/2023,2156,15,0.141,0.003,2023,1
CALLAO,2022 - II,14/01/2023,1711,10.9,0.249,0.044,2023,1
CALLAO,2022 - II,15/01/2023,541,13.4,0.295,0.056,2023,1
CALLAO,2022 - II,16/01/2023,1733,18.2,0.285,0.197,2023,1
CALLAO,2022 - II,17/01/2023,473,10.2,0.149,0.047,2023,1
CALLAO,2022 - II,18/01/2023,33,5.9,0,0.176,2023,1
CALLAO,2022 - II,19/01/2023,2089,20.2,0.18,0.024,2023,1
CALLAO,2022 - II,21/01/2023,51,12.3,0.258,0.291,2023,1
CALLAO,2022 - II,22/01/2023,609,8.1,0.044,0,2023,1
CALLAO,2022 - II,23/01/2023,644,10.7,0.3,0.025,2023,1
CALLAO,2022 - II,24/01/2023,1264,11,0.201,0.035,2023,1
CALLAO,2022 - II,25/01/2023,2748,11.4,0.216,0.024,2023,1
CALLAO,2022 - II,27/01/2023,1673,10.8,0.315,0.032,2023,1
CALLAO,2022 - II,28/01/2023,62,2.9,0.312,0.02,2023,1
CALLAO,2022 - II,29/01/2023,798,24.1,0.564,0.038,2023,1
CALLAO,2022 - II,30/01/2023,799,11.4,0.51,0.068,2023,1
CALLAO,2022 - II,31/01/2023,276,6.1,0.343,0.019,2023,1
CALLAO,2022 - II,01/02/2023,1680,8.5,0.673,0.024,2023,2
CALLAO,2023 - I,03/06/2023,1267,9.7,0.841,0,2023,6
CALLAO,2023 - I,04/06/2023,448,14.9,0.887,0.003,2023,6
CALLAO,2023 - I,05/08/2023,209,15.4,0.611,0,2023,8
CALLAO,2023 - II,21/10/2023,3614,18,0.764,0,2023,10
CALLAO,2023 - II,23/10/2023,1872,11.1,0.789,0,2023,10
CALLAO,2023 - II,24/10/2023,3112,14.2,0.782,0,2023,10
CALLAO,2023 - II,25/10/2023,199,28.7,0.337,0,2023,10
CALLAO,2023 - II,26/10/2023,3028,16.6,0.558,0,2023,10
CALLAO,2023 - II,27/10/2023,2779,21,0.354,0,2023,10
CALLAO,2023 - II,28/10/2023,3234,18.4,0.467,0,2023,10
CALLAO,2023 - II,29/10/2023,2672,26.4,0.573,0,2023,10
CALLAO,2023 - II,31/10/2023,1137,17.3,0.562,0,2023,10
CALLAO,2023 - II,01/11/2023,3979,15.5,0.726,0,2023,11
CALLAO,2023 - II,02/11/2023,2927,17.3,0.437,0,2023,11
CALLAO,2023 - II,03/11/2023,3621,18.5,0.297,0,2023,11
CALLAO,2023 - II,04/11/2023,1562,25.8,0.367,0,2023,11
CALLAO,2023 - II,05/11/2023,3333,21.1,0.726,0.019,2023,11
CALLAO,2023 - II,06/11/2023,1388,26.5,0.535,0.022,2023,11
CALLAO,2023 - II,07/11/2023,2223,16.8,0.678,0,2023,11
CALLAO,2023 - II,08/11/2023,3915,17.4,0.493,0,2023,11
CALLAO,2023 - II,09/11/2023,1564,17.5,0.68,0,2023,11
CALLAO,2023 - II,11/11/2023,3674,19.2,0.673,0.001,2023,11
CALLAO,2023 - II,12/11/2023,2744,13.6,0.568,0,2023,11
CALLAO,2023 - II,13/11/2023,1570,7.7,0.609,0,2023,11
CALLAO,2023 - II,14/11/2023,1828,11.4,0.564,0,2023,11
CALLAO,2023 - II,15/11/2023,1757,9.3,0.646,0,2023,11
CALLAO,2023 - II,16/11/2023,603,7.9,0.681,0,2023,11
CALLAO,2023 - II,17/11/2023,1385,10.9,0.618,0.002,2023,11
CALLAO,2023 - II,19/11/2023,2079,12.9,0.525,0,2023,11
CALLAO,2023 - II,20/11/2023,1397,10,0.525,0,2023,11
CALLAO,2023 - II,21/11/2023,3159,21.2,0.519,0.004,2023,11
CALLAO,2023 - II,22/11/2023,3290,12.8,0.456,0,2023,11
CALLAO,2023 - II,23/11/2023,3029,15.4,0.584,0,2023,11
CALLAO,2023 - II,24/11/2023,1495,12,0.526,0,2023,11
CALLAO,2023 - II,25/11/2023,3046,15.4,0.594,0,2023,11
CALLAO,2023 - II,26/11/2023,939,11.5,0.355,0,2023,11
CALLAO,2023 - II,27/11/2023,3795,18.3,0.486,0.001,2023,11
CALLAO,2023 - II,28/11/2023,342,14.6,0.781,0,2023,11
CALLAO,2023 - II,29/11/2023,2008,16.2,0.596,0.012,2023,11
CALLAO,2023 - II,30/11/2023,235,6.9,0.711,0,2023,11
CALLAO,2023 - II,01/12/2023,2086,9.5,0.702,0,2023,12
CALLAO,2023 - II,03/12/2023,689,8.9,0.525,0.006,2023,12
CALLAO,2023 - II,04/12/2023,811,11,0.527,0,2023,12
CALLAO,2023 - II,05/12/2023,3225,15,0.649,0,2023,12
CALLAO,2023 - II,06/12/2023,921,26.2,0.526,0.001,2023,12
CALLAO,2023 - II,10/12/2023,1005,10.9,0.379,0,2023,12
CALLAO,2023 - II,11/12/2023,61,8.3,0.606,0.014,2023,12
CALLAO,2023 - II,17/12/2023,110,6,0.808,0,2023,12
CALLAO,2023 - II,18/12/2023,856,15.6,0.745,0,2023,12
CALLAO,2023 - II,19/12/2023,390,11.4,0.785,0,2023,12
CALLAO,2023 - II,29/12/2023,528,5.8,0.623,0.007,2023,12
CALLAO,2023 - II,30/12/2023,578,8.1,0.21,0.001,2023,12
CALLAO,2023 - II,31/12/2023,2155,13.7,0.655,0,2023,12
CALLAO,2023 - II,01/01/2024,1422,10.3,0.388,0.011,2024,1
CALLAO,2023 - II,02/01/2024,469,11.1,0.739,0.032,2024,1
CALLAO,2023 - II,03/01/2024,1099,14.4,0.862,0,2024,1
CALLAO,2023 - II,05/01/2024,813,17.8,0.622,0.001,2024,1
CALLAO,2023 - II,06/01/2024,365,10,0.678,0.002,2024,1
CALLAO,2023 - II,07/01/2024,134,12.6,0.698,0.011,2024,1
CALLAO,2023 - II,08/01/2024,2074,12.8,0.683,0.01,2024,1
CALLAO,2023 - II,09/01/2024,2204,11,0.686,0,2024,1
CALLAO,2023 - II,10/01/2024,1543,11.1,0.584,0.004,2024,1
CALLAO,2023 - II,11/01/2024,1002,13.4,0.707,0,2024,1
CALLAO,2023 - II,12/01/2024,390,15.4,0.779,0.003,2024,1
CALLAO,2024 - I,16/04/2024,2731,61.8,0.883,0.024,2024,4
CALLAO,2024 - I,17/04/2024,3338,16.3,0.614,0.023,2024,4
CALLAO,2024 - I,18/04/2024,3165,21.6,0.709,0.015,2024,4
CALLAO,2024 - I,20/04/2024,3507,13.5,0.652,0.013,2024,4
CALLAO,2024 - I,21/04/2024,2159,13,0.734,0.011,2024,4
CALLAO,2024 - I,22/04/2024,1295,17.2,0.871,0.02,2024,4
CALLAO,2024 - I,23/04/2024,2272,9.5,0.568,0.034,2024,4
CALLAO,2024 - I,24/04/2024,3274,12.1,0.471,0.03,2024,4
CALLAO,2024 - I,25/04/2024,1817,13.6,0.561,0.017,2024,4
CALLAO,2024 - I,26/04/2024,2890,14.9,0.85,0.072,2024,4
CALLAO,2024 - I,27/04/2024,1001,12.4,0.829,0.089,2024,4
CALLAO,2024 - I,28/04/2024,1820,14.2,0.396,0.028,2024,4
CALLAO,2024 - I,29/04/2024,3497,20.6,0.387,0.018,2024,4
CALLAO,2024 - I,30/04/2024,1835,16.6,0.477,0.077,2024,4
CALLAO,2024 - I,01/05/2024,3585,15.1,0.407,0.016,2024,5
CALLAO,2024 - I,02/05/2024,3671,17.7,0.36,0.009,2024,5
CALLAO,2024 - I,03/05/2024,4315,22.7,0.318,0.011,2024,5
CALLAO,2024 - I,04/05/2024,1112,18.6,0.494,0.014,2024,5
CALLAO,2024 - I,05/05/2024,556,17.1,0.802,0.016,2024,5
CALLAO,2024 - I,06/05/2024,2429,14.9,0.679,0.015,2024,5
CALLAO,2024 - I,07/05/2024,4125,15.3,0.557,0.02,2024,5
CALLAO,2024 - I,08/05/2024,2357,13.7,0.486,0.041,2024,5
CALLAO,2024 - I,09/05/2024,3033,17.7,0.519,0.017,2024,5
CALLAO,2024 - I,10/05/2024,2081,13.9,0.363,0.006,2024,5
CALLAO,2024 - I,11/05/2024,2202,14.5,0.435,0.013,2024,5
CALLAO,2024 - I,12/05/2024,3248,17.5,0.679,0.082,2024,5
CALLAO,2024 - I,13/05/2024,1934,12.2,0.559,0.08,2024,5
CALLAO,2024 - I,14/05/2024,1410,12,0.621,0.055,2024,5
CALLAO,2024 - I,15/05/2024,837,13,0.31,0.039,2024,5
CALLAO,2024 - I,17/05/2024,542,17.6,0.88,0.006,2024,5
CALLAO,2024 - I,18/05/2024,91,7.7,0.43,0.004,2024,5
CALLAO,2024 - I,25/05/2024,580,11,0.3,0.012,2024,5
CALLAO,2024 - I,26/05/2024,452,13.4,0.686,0.197,2024,5
CALLAO,2024 - I,30/05/2024,1250,13.1,0.67,0.033,2024,5
CALLAO,2024 - I,31/05/2024,884,12.6,0.613,0.009,2024,5
CALLAO,2024 - I,01/06/2024,2171,13.1,0.504,0.012,2024,6
CALLAO,2024 - I,02/06/2024,2521,13,0.187,0.01,2024,6
CALLAO,2024 - I,03/06/2024,1430,13.5,0.328,0.011,2024,6
CALLAO,2024 - II,01/11/2024,3204,13,0.032,0.032,2024,11
CALLAO,2024 - II,02/11/2024,2858,14.9,0.031,0.013,2024,11
CALLAO,2024 - II,03/11/2024,1415,17.5,0,0.013,2024,11
CALLAO,2024 - II,04/11/2024,372,12.8,0.004,0.006,2024,11
CALLAO,2024 - II,05/11/2024,1972,16.8,0.183,0.033,2024,11
CALLAO,2024 - II,06/11/2024,1215,16.4,0.197,0.014,2024,11
CALLAO,2024 - II,07/11/2024,1154,19.1,0.442,0.04,2024,11
CALLAO,2024 - II,08/11/2024,2521,12.4,0.241,0.048,2024,11
CALLAO,2024 - II,09/11/2024,1917,14.4,0.057,0.118,2024,11
CALLAO,2024 - II,10/11/2024,2069,13.8,0.261,0.04,2024,11
CALLAO,2024 - II,11/11/2024,678,20.8,0.049,0.001,2024,11
CALLAO,2024 - II,14/11/2024,2122,15.9,0.036,0.006,2024,11
CALLAO,2024 - II,15/11/2024,2762,18.4,0.025,0.026,2024,11
CALLAO,2024 - II,16/11/2024,2717,14.1,0.218,0.034,2024,11
CALLAO,2024 - II,17/11/2024,1199,17.4,0.227,0.025,2024,11
CALLAO,2024 - II,18/11/2024,2703,13.7,0.119,0.039,2024,11
CALLAO,2024 - II,19/11/2024,3249,14.9,0.17,0.047,2024,11
CALLAO,2024 - II,20/11/2024,1009,8.9,0.33,0.043,2024,11
CALLAO,2024 - II,21/11/2024,2612,17.3,0.719,0.032,2024,11
CALLAO,2024 - II,22/11/2024,641,18.5,0.315,0.04,2024,11
CALLAO,2024 - II,23/11/2024,515,16.7,0.495,0.043,2024,11
CALLAO,2024 - II,25/11/2024,1837,16.4,0.239,0.045,2024,11
CALLAO,2024 - II,26/11/2024,528,16,0.246,0.052,2024,11
CALLAO,2024 - II,27/11/2024,1509,12.4,0.163,0.034,2024,11
CALLAO,2024 - II,28/11/2024,2144,14.8,0.256,0.034,2024,11
CALLAO,2024 - II,29/11/2024,592,13,0.414,0.046,2024,11
CALLAO,2024 - II,30/11/2024,1218,12.9,0.116,0.017,2024,11
CALLAO,2024 - II,01/12/2024,1651,12.7,0.432,0.063,2024,12
CALLAO,2024 - II,02/12/2024,1204,18.3,0.391,0.052,2024,12
CALLAO,2024 - II,03/12/2024,388,23.2,0.312,0.059,2024,12
CALLAO,2024 - II,05/12/2024,246,12.9,0.488,0.029,2024,12
CALLAO,2024 - II,06/12/2024,642,9.9,0.245,0.011,2024,12
CALLAO,2024 - II,07/12/2024,673,6.1,0.658,0.01,2024,12
CALLAO,2024 - II,08/12/2024,1296,11.2,0.088,0.013,2024,12
CALLAO,2024 - II,09/12/2024,1128,9,0.091,0.016,2024,12
CALLAO,2024 - II,10/12/2024,978,11.2,0.675,0.052,2024,12
CALLAO,2024 - II,11/12/2024,1081,11.9,0.114,0.034,2024,12
CALLAO,2024 - II,12/12/2024,2261,12.9,0.449,0.007,2024,12
CALLAO,2024 - II,16/12/2024,2407,12,0.113,0.021,2024,12
CALLAO,2024 - II,17/12/2024,3275,10.3,0.154,0.009,2024,12
CALLAO,2024 - II,18/12/2024,2976,13.2,0.118,0.012,2024,12
CALLAO,2024 - II,19/12/2024,1967,17.3,0.191,0.036,2024,12
CALLAO,2024 - II,20/12/2024,2820,15.7,0.204,0.012,2024,12
CALLAO,2024 - II,21/12/2024,1947,21.3,0.271,0.03,2024,12
CALLAO,2024 - II,22/12/2024,879,16.4,0.085,0.13,2024,12
CALLAO,2024 - II,23/12/2024,1905,17.3,0.034,0.044,2024,12
CALLAO,2024 - II,27/12/2024,899,11.2,0.014,0.062,2024,12
CALLAO,2024 - II,30/12/2024,1067,16.8,0.058,0.086,2024,12
CALLAO,2024 - II,31/12/2024,2059,25.6,0.065,0.102,2024,12
CALLAO,2024 - II,01/01/2025,1578,27.1,0.025,0.092,2025,1
CALLAO,2024 - II,02/01/2025,2025,14.2,0.278,0.079,2025,1
CALLAO,2024 - II,03/01/2025,2703,18.5,0.32,0.021,2025,1
CALLAO,2024 - II,04/01/2025,1702,15.2,0.031,0.001,2025,1
CALLAO,2024 - II,05/01/2025,496,18.6,0.043,0.064,2025,1
CALLAO,2024 - II,18/01/2025,2184,10.5,0.146,0.028,2025,1
CALLAO,2024 - II,19/01/2025,1381,28.6,0.046,0.05,2025,1
CALLAO,2024 - II,20/01/2025,2896,14.3,0.472,0.018,2025,1
CALLAO,2025 - I,22/04/2025,3809,14.3,0.318,0.074,2025,4
CALLAO,2025 - I,23/04/2025,3777,16.1,0.316,0.03,2025,4
CALLAO,2025 - I,24/04/2025,3737,16.1,0.224,0.035,2025,4
CALLAO,2025 - I,25/04/2025,2283,16.7,0.228,0.024,2025,4
CALLAO,2025 - I,26/04/2025,1400,18.7,0.37,0.046,2025,4
CALLAO,2025 - I,27/04/2025,2816,10.2,0.569,0.026,2025,4
CALLAO,2025 - I,28/04/2025,3504,17.2,0.409,0.125,2025,4
CALLAO,2025 - I,29/04/2025,140,29.9,0.314,0.029,2025,4
CALLAO,2025 - I,30/04/2025,2811,18.5,0.364,0.035,2025,4
CALLAO,2025 - I,01/05/2025,4319,10.9,0.423,0.052,2025,5
CALLAO,2025 - I,02/05/2025,4324,16.4,0.279,0.051,2025,5
CALLAO,2025 - I,03/05/2025,2246,12.1,0.265,0.03,2025,5
CALLAO,2025 - I,04/05/2025,3178,15.4,0.316,0.1,2025,5
CALLAO,2025 - I,05/05/2025,2981,19,0.463,0.026,2025,5
CALLAO,2025 - I,06/05/2025,2636,15.1,0.269,0.131,2025,5
CALLAO,2025 - I,07/05/2025,4036,11.8,0.606,0.118,2025,5
CALLAO,2025 - I,08/05/2025,3930,12.8,0.391,0.061,2025,5
CALLAO,2025 - I,09/05/2025,2362,9.5,0.349,0.196,2025,5
CALLAO,2025 - I,10/05/2025,1706,13.4,0.275,0.108,2025,5
CALLAO,2025 - I,11/05/2025,4099,14.8,0.336,0.017,2025,5
CALLAO,2025 - I,12/05/2025,2066,14.3,0.14,0.064,2025,5
CALLAO,2025 - I,13/05/2025,805,8.1,0.337,0.141,2025,5
CALLAO,2025 - I,14/05/2025,1639,12.7,0.424,0.099,2025,5
CALLAO,2025 - I,17/05/2025,4188,12,0.212,0.12,2025,5
CALLAO,2025 - I,18/05/2025,3895,10.6,0.38,0.106,2025,5
CALLAO,2025 - I,19/05/2025,2214,13.1,0.362,0.202,2025,5
CALLAO,2025 - I,20/05/2025,2935,15.7,0.34,0.149,2025,5
CALLAO,2025 - I,21/05/2025,2429,29.5,0.242,0.007,2025,5
CALLAO,2025 - I,26/05/2025,1120,21.9,0.13,0.054,2025,5
CALLAO,2025 - I,27/05/2025,1941,12.7,0.38,0.025,2025,5
CALLAO,2025 - I,30/05/2025,4482,19.5,0.25,0.014,2025,5
CALLAO,2025 - I,31/05/2025,2392,21.2,0.499,0.309,2025,5
CALLAO,2025 - I,01/06/2025,1168,15.7,0.275,0.034,2025,6
CALLAO,2025 - I,02/06/2025,3766,19.3,0.389,0.018,2025,6
CALLAO,2025 - I,03/06/2025,179,10.9,0.635,0.228,2025,6
CALLAO,2025 - I,04/06/2025,5515,23,0.404,0.024,2025,6
CALLAO,2025 - I,05/06/2025,3854,18.1,0.487,0.056,2025,6
CALLAO,2025 - I,06/06/2025,2027,14.8,0.46,0.012,2025,6
CALLAO,2025 - I,07/06/2025,376,17.7,0.242,0.043,2025,6
CALLAO,2025 - I,08/06/2025,1628,18,0.279,0.044,2025,6
CALLAO,2025 - I,09/06/2025,644,20.6,0.391,0.043,2025,6
CALLAO,2025 - I,10/06/2025,621,14.2,0.422,0.066,2025,6
CALLAO,2025 - I,11/06/2025,2653,18.8,0.731,0.408,2025,6
CALLAO,2025 - I,12/06/2025,680,13.3,0.659,0.235,2025,6
CALLAO,2025 - I,15/06/2025,441,26.1,0.609,0.099,2025,6
CALLAO,2025 - I,16/06/2025,561,13.2,0.672,0.191,2025,6
CALLAO,2025 - I,17/06/2025,3280,13,0.477,0.05,2025,6
CALLAO,2025 - I,18/06/2025,586,9,0.626,0.107,2025,6
CALLAO,2025 - I,19/06/2025,240,3.9,0.401,0.167,2025,6
CALLAO,2025 - I,20/06/2025,1791,14.5,0.597,0.108,2025,6
CALLAO,2025 - I,21/06/2025,851,30.3,0.609,0.056,2025,6
CALLAO,2025 - I,22/06/2025,283,7.6,0.465,0.205,2025,6
CALLAO,2025 - I,23/06/2025,152,5,0.623,0.072,2025,6
CALLAO,2025 - I,24/06/2025,461,9.2,0.564,0.073,2025,6
CALLAO,2025 - I,25/06/2025,387,8.5,0.657,0.123,2025,6
CALLAO,2025 - I,01/07/2025,499,8.9,0.706,0.149,2025,7
CALLAO,2025 - I,02/07/2025,2904,24.7,0.533,0.135,2025,7
CALLAO,2025 - I,03/07/2025,200,5.9,0.398,0.01,2025,7
CALLAO,2025 - I,04/07/2025,1883,19.1,0.537,0.025,2025,7
CALLAO,2025 - I,05/07/2025,532,11.5,0.744,0.075,2025,7
CALLAO,2025 - I,06/07/2025,452,8.2,0.708,0.03,2025,7
CALLAO,2025 - I,07/07/2025,239,9.4,0.776,0.023,2025,7
CALLAO,2025 - I,08/07/2025,988,18.2,0.494,0.004,2025,7
CALLAO,2025 - I,09/07/2025,380,8.2,0.442,0.02,2025,7
CALLAO,2025 - I,10/07/2025,943,14.6,0.747,0.123,2025,7
CALLAO,2025 - I,11/07/2025,1167,7.3,0.674,0.074,2025,7
CALLAO,2025 - I,12/07/2025,386,5.9,0.608,0.142,2025,7
CALLAO,2025 - I,13/07/2025,353,6.9,0.618,0.186,2025,7
CALLAO,2025 - I,14/07/2025,446,9.5,0.537,0.133,2025,7
CALLAO,2025 - I,18/07/2025,116,5.2,0.856,0.04,2025,7
CALLAO,2025 - I,19/07/2025,201,7.7,0.679,0.012,2025,7
CALLAO,2025 - I,20/07/2025,422,11,0.618,0.007,2025,7
CALLAO,2025 - I,21/07/2025,327,7.7,0.482,0.001,2025,7
CALLAO,2025 - I,22/07/2025,37,5.4,0.763,0.269,2025,7
CALLAO,2025 - I,23/07/2025,545,17.8,0.713,0,2025,7
CALLAO,2025 - II,07/11/2025,1098,16.1,0.436,0.005,2025,11
CALLAO,2025 - II,08/11/2025,2178,10.5,0.338,0.029,2025,11
CALLAO,2025 - II,09/11/2025,579,8.4,0.362,0.126,2025,11
CALLAO,2025 - II,10/11/2025,152,9.9,0.451,0.012,2025,11
CALLAO,2025 - II,11/11/2025,181,13.4,0.231,0.39,2025,11
CALLAO,2025 - II,12/11/2025,489,36.6,0.582,0.014,2025,11
CALLAO,2025 - II,29/11/2025,525,17.8,0.002,0,2025,11
CALLAO,2025 - II,30/11/2025,2534,22.6,0,0,2025,11
CALLAO,2025 - II,01/12/2025,1046,17.4,0.063,0.005,2025,12
CALLAO,2025 - II,02/12/2025,1888,12.4,0.144,0.021,2025,12
CALLAO,2025 - II,03/12/2025,762,12.7,0.261,0.05,2025,12
CALLAO,2025 - II,04/12/2025,1862,12.8,0.192,0.089,2025,12
CALLAO,2025 - II,05/12/2025,1720,10.8,0.281,0.105,2025,12
CALLAO,2025 - II,06/12/2025,3614,16,0.274,0.018,2025,12
CALLAO,2025 - II,07/12/2025,1880,20.4,0.119,0.061,2025,12
CALLAO,2025 - II,08/12/2025,1542,15.8,0.217,0.072,2025,12
CALLAO,2025 - II,09/12/2025,1110,9.8,0.189,0.042,2025,12
CALLAO,2025 - II,10/12/2025,369,20.1,0.085,0.064,2025,12
CALLAO,2025 - II,11/12/2025,1366,9.1,0.068,0.03,2025,12
CALLAO,2025 - II,12/12/2025,2039,10.4,0.128,0.051,2025,12
CALLAO,2025 - II,13/12/2025,1693,15.6,0.402,0.196,2025,12
CALLAO,2025 - II,14/12/2025,323,9.6,0.153,0.074,2025,12
CALLAO,2025 - II,15/12/2025,1786,16.4,0.351,0.009,2025,12
CALLAO,2025 - II,16/12/2025,1698,12.5,0.499,0.031,2025,12
CALLAO,2025 - II,17/12/2025,1380,10.6,0.118,0.229,2025,12
CALLAO,2025 - II,18/12/2025,539,6.7,0.124,0.251,2025,12
CALLAO,2025 - II,19/12/2025,887,18.6,0.549,0.116,2025,12
CALLAO,2025 - II,20/12/2025,3151,25.1,0.219,0.023,2025,12
CALLAO,2025 - II,21/12/2025,1263,15.5,0.16,0.045,2025,12
CALLAO,2025 - II,22/12/2025,3966,22.6,0.305,0.116,2025,12
CALLAO,2025 - II,23/12/2025,1860,28.9,0.248,0.162,2025,12
CALLAO,2025 - II,27/12/2025,751,9.2,0.231,0.121,2025,12
CALLAO,2025 - II,28/12/2025,694,14,0.295,0.17,2025,12
CALLAO,2025 - II,29/12/2025,651,21.2,0.705,0.245,2025,12
CALLAO,2025 - II,30/12/2025,66,10.7,0.36,0.273,2025,12
CALLAO,2025 - II,31/12/2025,250,14.4,0.15,0,2025,12
CALLAO,2025 - II,01/01/2026,35,24.8,0.054,0.051,2026,1
CALLAO,2025 - II,05/01/2026,51,44.3,0.037,0,2026,1
CALLAO,2025 - II,09/01/2026,5,7.6,0.743,0.2,2026,1
CALLAO,2026 - I,09/04/2026,3496,15.8,0.089,0.022,2026,4
CALLAO,2026 - I,10/04/2026,861,11.2,0.316,0.182,2026,4
CALLAO,2026 - I,11/04/2026,3889,18,0.514,0.058,2026,4
CALLAO,2026 - I,12/04/2026,2456,21.1,0.646,0.143,2026,4
CALLAO,2026 - I,13/04/2026,1098,16.2,0.54,0.197,2026,4
CALLAO,2026 - I,14/04/2026,3073,19.8,0.362,0.068,2026,4
CALLAO,2026 - I,15/04/2026,2575,18,0.478,0.041,2026,4
CALLAO,2026 - I,16/04/2026,2702,23.6,0.438,0.084,2026,4
CALLAO,2026 - I,17/04/2026,3546,19.2,0.379,0.048,2026,4
CALLAO,2026 - I,18/04/2026,1985,18.9,0.569,0.064,2026,4
CALLAO,2026 - I,19/04/2026,3080,19.3,0.644,0.042,2026,4
CALLAO,2026 - I,20/04/2026,1012,22.5,0.552,0.035,2026,4
CALLAO,2026 - I,21/04/2026,2519,11,0.307,0.017,2026,4
CALLAO,2026 - I,22/04/2026,5536,16.5,0.346,0,2026,4
CALLAO,2026 - I,23/04/2026,3835,20.8,0.305,0.161,2026,4
CALLAO,2026 - I,25/04/2026,104,12.6,0.508,0,2026,4
CALLAO,2026 - I,07/05/2026,56,14.2,0.776,0.327,2026,5
CALLAO,2026 - I,08/05/2026,98,14.7,0.252,0.084,2026,5
CHIMBOTE,2020 - II,12/11/2020,423,11,0,0,2020,11
CHIMBOTE,2020 - II,13/11/2020,1115,12.4,0,0.001,2020,11
CHIMBOTE,2020 - II,14/11/2020,1050,14.3,0,0,2020,11
CHIMBOTE,2020 - II,17/11/2020,958,28.2,0.191,0.021,2020,11
CHIMBOTE,2020 - II,18/11/2020,320,12.2,0,0,2020,11
CHIMBOTE,2020 - II,19/11/2020,631,11.6,0,0.003,2020,11
CHIMBOTE,2020 - II,20/11/2020,478,23.5,0.019,0.006,2020,11
CHIMBOTE,2020 - II,21/11/2020,851,17.4,0.004,0.006,2020,11
CHIMBOTE,2020 - II,22/11/2020,1647,29.1,0.029,0,2020,11
CHIMBOTE,2020 - II,26/11/2020,1603,33.5,0,0,2020,11
CHIMBOTE,2020 - II,27/11/2020,1571,37.8,0,0.021,2020,11
CHIMBOTE,2020 - II,28/11/2020,3099,20,0.001,0,2020,11
CHIMBOTE,2020 - II,29/11/2020,3590,19.4,0.023,0.001,2020,11
CHIMBOTE,2020 - II,30/11/2020,1705,20.4,0.008,0.004,2020,11
CHIMBOTE,2020 - II,01/12/2020,1420,11.7,0.014,0,2020,12
CHIMBOTE,2020 - II,02/12/2020,2810,15.9,0.022,0.012,2020,12
CHIMBOTE,2020 - II,03/12/2020,1853,13.7,0.009,0.003,2020,12
CHIMBOTE,2020 - II,04/12/2020,2643,16.8,0.028,0.001,2020,12
CHIMBOTE,2020 - II,05/12/2020,1739,21.2,0.013,0.007,2020,12
CHIMBOTE,2020 - II,06/12/2020,1239,11.5,0.019,0.06,2020,12
CHIMBOTE,2020 - II,07/12/2020,1929,20.1,0,0.004,2020,12
CHIMBOTE,2020 - II,08/12/2020,1135,20.9,0,0.006,2020,12
CHIMBOTE,2020 - II,09/12/2020,2986,22.2,0,0.011,2020,12
CHIMBOTE,2020 - II,10/12/2020,1334,19.5,0.049,0,2020,12
CHIMBOTE,2020 - II,11/12/2020,4771,32,0,0.004,2020,12
CHIMBOTE,2020 - II,12/12/2020,818,19.6,0,0,2020,12
CHIMBOTE,2020 - II,13/12/2020,3362,31.1,0.002,0,2020,12
CHIMBOTE,2020 - II,14/12/2020,1616,20.9,0.003,0.002,2020,12
CHIMBOTE,2020 - II,15/12/2020,1851,22.2,0,0.004,2020,12
CHIMBOTE,2020 - II,16/12/2020,1826,15.8,0.008,0.014,2020,12
CHIMBOTE,2020 - II,17/12/2020,2700,22.1,0.012,0.012,2020,12
CHIMBOTE,2020 - II,18/12/2020,2467,27.9,0.002,0.001,2020,12
CHIMBOTE,2020 - II,19/12/2020,981,23.8,0.013,0.003,2020,12
CHIMBOTE,2020 - II,20/12/2020,1754,14.7,0.002,0.028,2020,12
CHIMBOTE,2020 - II,21/12/2020,3152,24.2,0.001,0.004,2020,12
CHIMBOTE,2020 - II,22/12/2020,3516,17.4,0.042,0.006,2020,12
CHIMBOTE,2020 - II,23/12/2020,2634,18.8,0.019,0.013,2020,12
CHIMBOTE,2020 - II,24/12/2020,2767,20.2,0.004,0.008,2020,12
CHIMBOTE,2020 - II,25/12/2020,434,8.8,0,0.016,2020,12
CHIMBOTE,2020 - II,26/12/2020,3875,19.5,0.007,0.013,2020,12
CHIMBOTE,2020 - II,27/12/2020,2178,14.8,0.018,0.003,2020,12
CHIMBOTE,2020 - II,28/12/2020,1840,15,0.017,0.049,2020,12
CHIMBOTE,2020 - II,29/12/2020,3304,14.8,0.025,0.017,2020,12
CHIMBOTE,2020 - II,30/12/2020,3756,16.9,0.033,0.078,2020,12
CHIMBOTE,2020 - II,31/12/2020,1411,31,0.007,0.048,2020,12
CHIMBOTE,2020 - II,01/01/2021,1797,16.1,0.017,0.016,2021,1
CHIMBOTE,2020 - II,02/01/2021,2890,38.3,0.001,0.012,2021,1
CHIMBOTE,2020 - II,03/01/2021,3172,17.7,0.009,0.006,2021,1
CHIMBOTE,2020 - II,04/01/2021,3841,28.3,0.011,0.022,2021,1
CHIMBOTE,2020 - II,05/01/2021,3575,23.6,0.021,0.024,2021,1
CHIMBOTE,2020 - II,06/01/2021,3103,16.4,0.013,0.044,2021,1
CHIMBOTE,2020 - II,07/01/2021,1857,18.4,0.088,0.039,2021,1
CHIMBOTE,2020 - II,08/01/2021,2369,22.9,0.01,0.016,2021,1
CHIMBOTE,2020 - II,09/01/2021,1920,21.8,0.012,0.013,2021,1
CHIMBOTE,2020 - II,10/01/2021,1272,11.1,0.05,0.038,2021,1
CHIMBOTE,2020 - II,11/01/2021,2393,36.3,0,0.028,2021,1
CHIMBOTE,2020 - II,12/01/2021,1951,32.5,0,0.005,2021,1
CHIMBOTE,2020 - II,13/01/2021,2169,32.5,0.005,0.006,2021,1
CHIMBOTE,2020 - II,14/01/2021,1320,34.4,0,0.013,2021,1
CHIMBOTE,2020 - II,15/01/2021,1300,26.5,0.032,0.063,2021,1
CHIMBOTE,2020 - II,16/01/2021,2149,15.1,0.046,0.062,2021,1
CHIMBOTE,2020 - II,17/01/2021,367,16,0.201,0.068,2021,1
CHIMBOTE,2020 - II,18/01/2021,1390,19,0.004,0,2021,1
CHIMBOTE,2020 - II,20/01/2021,1792,16.7,0.12,0.033,2021,1
CHIMBOTE,2021 - I,24/04/2021,557,13.3,0.105,0.004,2021,4
CHIMBOTE,2021 - I,25/04/2021,2350,15.6,0.08,0.011,2021,4
CHIMBOTE,2021 - I,26/04/2021,1529,11.7,0.156,0.007,2021,4
CHIMBOTE,2021 - I,27/04/2021,2360,13.6,0.069,0.006,2021,4
CHIMBOTE,2021 - I,28/04/2021,1940,8.8,0.031,0.008,2021,4
CHIMBOTE,2021 - I,29/04/2021,3507,12.1,0.056,0.002,2021,4
CHIMBOTE,2021 - I,30/04/2021,3934,13.5,0.078,0.017,2021,4
CHIMBOTE,2021 - I,01/05/2021,2386,11.1,0.066,0.005,2021,5
CHIMBOTE,2021 - I,02/05/2021,3919,15.7,0.016,0.01,2021,5
CHIMBOTE,2021 - I,03/05/2021,2456,19.2,0.008,0.005,2021,5
CHIMBOTE,2021 - I,04/05/2021,2756,11.7,0.028,0.001,2021,5
CHIMBOTE,2021 - I,05/05/2021,2967,15.1,0.047,0.056,2021,5
CHIMBOTE,2021 - I,06/05/2021,2555,16.4,0.062,0.229,2021,5
CHIMBOTE,2021 - I,07/05/2021,3660,19,0.103,0.011,2021,5
CHIMBOTE,2021 - I,08/05/2021,3195,23.4,0.143,0.008,2021,5
CHIMBOTE,2021 - I,09/05/2021,2426,13.5,0.016,0,2021,5
CHIMBOTE,2021 - I,10/05/2021,4320,16.7,0.024,0,2021,5
CHIMBOTE,2021 - I,11/05/2021,3862,18.3,0.103,0,2021,5
CHIMBOTE,2021 - I,12/05/2021,2497,13.3,0.109,0,2021,5
CHIMBOTE,2021 - I,13/05/2021,2289,22.2,0.035,0.012,2021,5
CHIMBOTE,2021 - I,14/05/2021,4143,20.1,0,0.019,2021,5
CHIMBOTE,2021 - I,15/05/2021,2696,19.2,0.079,0.011,2021,5
CHIMBOTE,2021 - I,16/05/2021,3357,16.9,0.018,0.063,2021,5
CHIMBOTE,2021 - I,17/05/2021,2759,33.9,0.026,0.092,2021,5
CHIMBOTE,2021 - I,19/05/2021,1663,19.4,0.162,0,2021,5
CHIMBOTE,2021 - I,22/05/2021,134,5.5,0.084,0.158,2021,5
CHIMBOTE,2021 - I,23/05/2021,4104,15.6,0.003,0.004,2021,5
CHIMBOTE,2021 - I,24/05/2021,3172,19.4,0.084,0.008,2021,5
CHIMBOTE,2021 - I,25/05/2021,2981,12.2,0.071,0.002,2021,5
CHIMBOTE,2021 - I,26/05/2021,2958,16.6,0.077,0.003,2021,5
CHIMBOTE,2021 - I,27/05/2021,2761,11.5,0.041,0,2021,5
CHIMBOTE,2021 - I,28/05/2021,4781,29.7,0.059,0,2021,5
CHIMBOTE,2021 - I,30/05/2021,4707,25.6,0.17,0,2021,5
CHIMBOTE,2021 - I,31/05/2021,2213,26.5,0.132,0,2021,5
CHIMBOTE,2021 - I,01/06/2021,424,21.5,0.056,0,2021,6
CHIMBOTE,2021 - I,04/06/2021,1235,28.3,0.084,0,2021,6
CHIMBOTE,2021 - I,07/06/2021,2664,30.9,0.104,0,2021,6
CHIMBOTE,2021 - I,08/06/2021,104,17.4,0.544,0,2021,6
CHIMBOTE,2021 - I,09/06/2021,1857,26,0.075,0,2021,6
CHIMBOTE,2021 - I,11/06/2021,4394,27.1,0.054,0,2021,6
CHIMBOTE,2021 - I,15/06/2021,4781,39.4,0.137,0,2021,6
CHIMBOTE,2021 - I,16/06/2021,2275,26.6,0.017,0,2021,6
CHIMBOTE,2021 - I,17/06/2021,3644,32.4,0.128,0,2021,6
CHIMBOTE,2021 - I,18/06/2021,2019,34,0.235,0,2021,6
CHIMBOTE,2021 - I,20/06/2021,2052,38.8,0.101,0.004,2021,6
CHIMBOTE,2021 - I,22/06/2021,1170,22.4,0.16,0,2021,6
CHIMBOTE,2021 - I,23/06/2021,1221,34.3,0.054,0,2021,6
CHIMBOTE,2021 - I,25/06/2021,4327,33.5,0.226,0.015,2021,6
CHIMBOTE,2021 - I,26/06/2021,2095,15.5,0.116,0.008,2021,6
CHIMBOTE,2021 - I,27/06/2021,2316,22,0.027,0.015,2021,6
CHIMBOTE,2021 - I,28/06/2021,2380,16.7,0.13,0.008,2021,6
CHIMBOTE,2021 - I,29/06/2021,2528,12.8,0.125,0.01,2021,6
CHIMBOTE,2021 - I,30/06/2021,2631,15.8,0.038,0,2021,6
CHIMBOTE,2021 - I,01/07/2021,3756,17.7,0.083,0.011,2021,7
CHIMBOTE,2021 - I,02/07/2021,3638,23.3,0.139,0.024,2021,7
CHIMBOTE,2021 - I,03/07/2021,3217,17.6,0.018,0.001,2021,7
CHIMBOTE,2021 - I,04/07/2021,2287,20.2,0.033,0,2021,7
CHIMBOTE,2021 - I,05/07/2021,3430,23.9,0.001,0,2021,7
CHIMBOTE,2021 - I,06/07/2021,1154,31.4,0.001,0,2021,7
CHIMBOTE,2021 - I,07/07/2021,409,35.5,0,0,2021,7
CHIMBOTE,2021 - I,08/07/2021,314,36,0.01,0,2021,7
CHIMBOTE,2021 - II,15/11/2021,3829,12.9,0.025,0.001,2021,11
CHIMBOTE,2021 - II,16/11/2021,3939,18,0.036,0,2021,11
CHIMBOTE,2021 - II,17/11/2021,1040,17.6,0.02,0.012,2021,11
CHIMBOTE,2021 - II,18/11/2021,3734,13.4,0.028,0.001,2021,11
CHIMBOTE,2021 - II,19/11/2021,2893,12.3,0.048,0.004,2021,11
CHIMBOTE,2021 - II,20/11/2021,3211,12.6,0.044,0,2021,11
CHIMBOTE,2021 - II,21/11/2021,3393,13.5,0.121,0,2021,11
CHIMBOTE,2021 - II,22/11/2021,4150,14.5,0.05,0,2021,11
CHIMBOTE,2021 - II,23/11/2021,2363,16.3,0.06,0,2021,11
CHIMBOTE,2021 - II,24/11/2021,3248,11.5,0.025,0,2021,11
CHIMBOTE,2021 - II,25/11/2021,3299,15.4,0.077,0,2021,11
CHIMBOTE,2021 - II,26/11/2021,1690,28.1,0.013,0,2021,11
CHIMBOTE,2021 - II,27/11/2021,1696,20.3,0,0,2021,11
CHIMBOTE,2021 - II,28/11/2021,2515,14.9,0.018,0.001,2021,11
CHIMBOTE,2021 - II,29/11/2021,3020,15.8,0.048,0,2021,11
CHIMBOTE,2021 - II,30/11/2021,2990,9.8,0.033,0,2021,11
CHIMBOTE,2021 - II,01/12/2021,3866,12.2,0.026,0,2021,12
CHIMBOTE,2021 - II,02/12/2021,3410,11.9,0.012,0,2021,12
CHIMBOTE,2021 - II,03/12/2021,3161,14,0.045,0,2021,12
CHIMBOTE,2021 - II,04/12/2021,2772,13.2,0.003,0,2021,12
CHIMBOTE,2021 - II,05/12/2021,3285,12.5,0.005,0,2021,12
CHIMBOTE,2021 - II,06/12/2021,1792,13.9,0.028,0,2021,12
CHIMBOTE,2021 - II,07/12/2021,1146,10.1,0.061,0.018,2021,12
CHIMBOTE,2021 - II,08/12/2021,785,10.1,0.061,0,2021,12
CHIMBOTE,2021 - II,09/12/2021,1147,11.7,0.039,0,2021,12
CHIMBOTE,2021 - II,10/12/2021,637,10.1,0.045,0.029,2021,12
CHIMBOTE,2021 - II,11/12/2021,522,10.7,0.059,0.007,2021,12
CHIMBOTE,2021 - II,12/12/2021,340,11.3,0.069,0,2021,12
CHIMBOTE,2021 - II,13/12/2021,1169,9.4,0.027,0,2021,12
CHIMBOTE,2021 - II,14/12/2021,143,15.3,0.061,0.077,2021,12
CHIMBOTE,2021 - II,15/12/2021,93,8.7,0.048,0.141,2021,12
CHIMBOTE,2021 - II,20/12/2021,552,11.3,0.013,0,2021,12
CHIMBOTE,2022 - I,06/05/2022,5489,29.1,0.566,0.001,2022,5
CHIMBOTE,2022 - I,08/05/2022,830,27.4,0.223,0.095,2022,5
CHIMBOTE,2022 - I,12/05/2022,888,18.8,0.04,0.023,2022,5
CHIMBOTE,2022 - I,13/05/2022,1216,31.7,0.374,0.16,2022,5
CHIMBOTE,2022 - I,14/05/2022,3578,22.7,0.31,0,2022,5
CHIMBOTE,2022 - I,15/05/2022,3413,16.9,0.07,0.001,2022,5
CHIMBOTE,2022 - I,16/05/2022,4237,16.9,0.09,0,2022,5
CHIMBOTE,2022 - I,19/05/2022,3768,18.3,0.176,0,2022,5
CHIMBOTE,2022 - I,20/05/2022,1685,17.7,0.125,0,2022,5
CHIMBOTE,2022 - I,21/05/2022,1350,14.4,0.118,0.004,2022,5
CHIMBOTE,2022 - I,22/05/2022,1568,14.5,0.423,0,2022,5
CHIMBOTE,2022 - I,24/05/2022,1237,16.6,0.043,0,2022,5
CHIMBOTE,2022 - I,25/05/2022,689,10.3,0.264,0,2022,5
CHIMBOTE,2022 - I,26/05/2022,3065,13,0.186,0,2022,5
CHIMBOTE,2022 - I,27/05/2022,2020,10.6,0.022,0.001,2022,5
CHIMBOTE,2022 - I,28/05/2022,4677,16.4,0.102,0.005,2022,5
CHIMBOTE,2022 - I,29/05/2022,2957,15.5,0.176,0.011,2022,5
CHIMBOTE,2022 - I,30/05/2022,2646,12.2,0.088,0.003,2022,5
CHIMBOTE,2022 - I,31/05/2022,1885,12.6,0.118,0.005,2022,5
CHIMBOTE,2022 - I,01/06/2022,3280,12.9,0.118,0.002,2022,6
CHIMBOTE,2022 - I,02/06/2022,3053,15,0.152,0.002,2022,6
CHIMBOTE,2022 - I,03/06/2022,4073,14.6,0.205,0,2022,6
CHIMBOTE,2022 - I,04/06/2022,3779,19.2,0.176,0.001,2022,6
CHIMBOTE,2022 - I,05/06/2022,2471,16.2,0.063,0,2022,6
CHIMBOTE,2022 - I,06/06/2022,2466,15.9,0.038,0.057,2022,6
CHIMBOTE,2022 - I,07/06/2022,2793,14.8,0.088,0.001,2022,6
CHIMBOTE,2022 - I,08/06/2022,2644,19.9,0.102,0,2022,6
CHIMBOTE,2022 - I,09/06/2022,2579,15.3,0.019,0.004,2022,6
CHIMBOTE,2022 - I,10/06/2022,1198,9.8,0.195,0.007,2022,6
CHIMBOTE,2022 - I,11/06/2022,3917,13.5,0.077,0.023,2022,6
CHIMBOTE,2022 - I,12/06/2022,3475,13.8,0.035,0.018,2022,6
CHIMBOTE,2022 - I,13/06/2022,3635,19.2,0.06,0.016,2022,6
CHIMBOTE,2022 - I,14/06/2022,2954,14.9,0.089,0.005,2022,6
CHIMBOTE,2022 - I,15/06/2022,2814,14.6,0.072,0.005,2022,6
CHIMBOTE,2022 - I,16/06/2022,1431,12.2,0.016,0.037,2022,6
CHIMBOTE,2022 - I,17/06/2022,2786,18,0.204,0.01,2022,6
CHIMBOTE,2022 - I,18/06/2022,3491,14.7,0.445,0,2022,6
CHIMBOTE,2022 - I,19/06/2022,3152,18.4,0.401,0,2022,6
CHIMBOTE,2022 - I,20/06/2022,212,8.9,0,0.002,2022,6
CHIMBOTE,2022 - I,21/06/2022,3450,23.1,0.041,0,2022,6
CHIMBOTE,2022 - I,22/06/2022,843,13.7,0.009,0.003,2022,6
CHIMBOTE,2022 - I,24/06/2022,1068,16.1,0.003,0,2022,6
CHIMBOTE,2022 - I,30/06/2022,560,7.1,0.264,0,2022,6
CHIMBOTE,2022 - I,01/07/2022,646,7.9,0.308,0.008,2022,7
CHIMBOTE,2022 - I,03/07/2022,438,8.3,0.192,0.004,2022,7
CHIMBOTE,2022 - I,04/07/2022,394,6.5,0.287,0.004,2022,7
CHIMBOTE,2022 - I,05/07/2022,2310,19.7,0.139,0.003,2022,7
CHIMBOTE,2022 - I,06/07/2022,2852,17.4,0.042,0.013,2022,7
CHIMBOTE,2022 - I,07/07/2022,2770,15.1,0.073,0.003,2022,7
CHIMBOTE,2022 - I,08/07/2022,2372,14.4,0.118,0.013,2022,7
CHIMBOTE,2022 - I,09/07/2022,2718,18,0.118,0.005,2022,7
CHIMBOTE,2022 - I,10/07/2022,1143,30.7,0.06,0.006,2022,7
CHIMBOTE,2022 - I,11/07/2022,2050,12.1,0.422,0.06,2022,7
CHIMBOTE,2022 - I,15/07/2022,629,8.5,0.711,0.084,2022,7
CHIMBOTE,2022 - I,19/07/2022,410,10.4,0.364,0,2022,7
CHIMBOTE,2022 - I,20/07/2022,2143,14.3,0.26,0.085,2022,7
CHIMBOTE,2022 - I,21/07/2022,1964,11.7,0.017,0.012,2022,7
CHIMBOTE,2022 - I,22/07/2022,1762,15.2,0.233,0,2022,7
CHIMBOTE,2022 - II,23/11/2022,3191,14.7,0.163,0.011,2022,11
CHIMBOTE,2022 - II,24/11/2022,3085,13,0.138,0.013,2022,11
CHIMBOTE,2022 - II,25/11/2022,1798,12.9,0.12,0.01,2022,11
CHIMBOTE,2022 - II,26/11/2022,1934,15.1,0.102,0.012,2022,11
CHIMBOTE,2022 - II,27/11/2022,3564,14.8,0.158,0.012,2022,11
CHIMBOTE,2022 - II,28/11/2022,2372,16.5,0.262,0.018,2022,11
CHIMBOTE,2022 - II,29/11/2022,1960,10.5,0.063,0.062,2022,11
CHIMBOTE,2022 - II,30/11/2022,2204,15.9,0.055,0.051,2022,11
CHIMBOTE,2022 - II,01/12/2022,2371,13.9,0.065,0.014,2022,12
CHIMBOTE,2022 - II,02/12/2022,2506,15.6,0.088,0.033,2022,12
CHIMBOTE,2022 - II,03/12/2022,564,25.6,0.04,0.011,2022,12
CHIMBOTE,2022 - II,04/12/2022,4238,21.1,0.064,0.011,2022,12
CHIMBOTE,2022 - II,05/12/2022,1824,13.3,0.088,0.008,2022,12
CHIMBOTE,2022 - II,06/12/2022,3800,15,0.02,0.043,2022,12
CHIMBOTE,2022 - II,07/12/2022,1211,23.5,0.07,0.082,2022,12
CHIMBOTE,2022 - II,08/12/2022,3679,15.9,0.138,0.137,2022,12
CHIMBOTE,2022 - II,09/12/2022,2658,11.2,0.071,0.073,2022,12
CHIMBOTE,2022 - II,10/12/2022,2032,15.4,0.071,0.108,2022,12
CHIMBOTE,2022 - II,11/12/2022,3688,28.2,0.192,0.078,2022,12
CHIMBOTE,2022 - II,12/12/2022,2400,25.2,0.193,0.027,2022,12
CHIMBOTE,2022 - II,13/12/2022,3138,25.2,0.083,0.081,2022,12
CHIMBOTE,2022 - II,14/12/2022,1268,27.9,0.049,0.077,2022,12
CHIMBOTE,2022 - II,15/12/2022,1490,22.9,0.281,0.081,2022,12
CHIMBOTE,2022 - II,16/12/2022,1690,19.2,0.033,0.014,2022,12
CHIMBOTE,2022 - II,17/12/2022,1676,18.3,0.023,0.01,2022,12
CHIMBOTE,2022 - II,18/12/2022,2571,25.9,0.021,0.003,2022,12
CHIMBOTE,2022 - II,19/12/2022,529,17,0.018,0.005,2022,12
CHIMBOTE,2022 - II,20/12/2022,2693,18.8,0.14,0.049,2022,12
CHIMBOTE,2022 - II,22/12/2022,607,11.2,0.078,0.057,2022,12
CHIMBOTE,2022 - II,23/12/2022,610,11.5,0.034,0.064,2022,12
CHIMBOTE,2022 - II,24/12/2022,3298,13.2,0.307,0.198,2022,12
CHIMBOTE,2022 - II,26/12/2022,585,9.3,0.034,0.096,2022,12
CHIMBOTE,2022 - II,27/12/2022,1758,13.5,0.157,0.037,2022,12
CHIMBOTE,2022 - II,28/12/2022,1081,13.5,0.188,0.072,2022,12
CHIMBOTE,2022 - II,29/12/2022,1216,15.6,0.063,0.157,2022,12
CHIMBOTE,2022 - II,30/12/2022,250,7.3,0.123,0.047,2022,12
CHIMBOTE,2022 - II,31/12/2022,1092,12.5,0.196,0.09,2022,12
CHIMBOTE,2022 - II,02/01/2023,484,11.4,0.428,0.229,2023,1
CHIMBOTE,2022 - II,03/01/2023,617,13.8,0.02,0.081,2023,1
CHIMBOTE,2022 - II,11/01/2023,1482,48.6,0.1,0.034,2023,1
CHIMBOTE,2022 - II,12/01/2023,554,13.1,0.143,0.018,2023,1
CHIMBOTE,2022 - II,15/01/2023,687,11.5,0.082,0.086,2023,1
CHIMBOTE,2022 - II,17/01/2023,282,13.6,0.095,0,2023,1
CHIMBOTE,2022 - II,18/01/2023,1367,22.7,0.245,0.033,2023,1
CHIMBOTE,2022 - II,19/01/2023,784,12.9,0.169,0.058,2023,1
CHIMBOTE,2022 - II,20/01/2023,478,8.7,0.215,0.15,2023,1
CHIMBOTE,2022 - II,21/01/2023,819,12.9,0.083,0.107,2023,1
CHIMBOTE,2022 - II,22/01/2023,4808,19.4,0.294,0.096,2023,1
CHIMBOTE,2022 - II,23/01/2023,1120,15.4,0.515,0.186,2023,1
CHIMBOTE,2022 - II,24/01/2023,152,9.7,0.026,0.063,2023,1
CHIMBOTE,2022 - II,25/01/2023,1372,16.3,0.168,0.041,2023,1
CHIMBOTE,2022 - II,26/01/2023,733,7.5,0.184,0.114,2023,1
CHIMBOTE,2022 - II,27/01/2023,1375,13.8,0.153,0.001,2023,1
CHIMBOTE,2022 - II,28/01/2023,275,11.8,0.448,0.136,2023,1
CHIMBOTE,2022 - II,30/01/2023,161,8.6,0.372,0.042,2023,1
CHIMBOTE,2022 - II,03/02/2023,342,10.2,0.561,0.013,2023,2
CHIMBOTE,2022 - II,04/02/2023,554,14.1,0.024,0.067,2023,2
CHIMBOTE,2023 - I,03/06/2023,243,7.5,0.956,0,2023,6
CHIMBOTE,2023 - I,04/06/2023,107,7.7,0.934,0.025,2023,6
CHIMBOTE,2023 - I,06/06/2023,564,29,0.964,0,2023,6
CHIMBOTE,2023 - I,05/08/2023,2935,17.4,0.495,0.003,2023,8
CHIMBOTE,2023 - I,06/08/2023,1941,14.7,0.706,0.002,2023,8
CHIMBOTE,2023 - I,07/08/2023,3510,23.7,0.678,0.002,2023,8
CHIMBOTE,2023 - I,08/08/2023,1897,28.1,0.548,0,2023,8
CHIMBOTE,2023 - I,10/08/2023,767,29.4,0.696,0,2023,8
CHIMBOTE,2023 - I,11/08/2023,2007,12.3,0.842,0,2023,8
CHIMBOTE,2023 - I,12/08/2023,2413,19.3,0.715,0,2023,8
CHIMBOTE,2023 - II,21/10/2023,1697,19.8,0.667,0.015,2023,10
CHIMBOTE,2023 - II,22/10/2023,1257,13.3,0.184,0.001,2023,10
CHIMBOTE,2023 - II,23/10/2023,1685,26.6,0.429,0,2023,10
CHIMBOTE,2023 - II,26/10/2023,3121,10,0.456,0,2023,10
CHIMBOTE,2023 - II,31/10/2023,3257,14,0.656,0,2023,10
CHIMBOTE,2023 - II,01/11/2023,2655,18.3,0.599,0,2023,11
CHIMBOTE,2023 - II,02/11/2023,204,5.2,0.28,0,2023,11
CHIMBOTE,2023 - II,03/11/2023,2803,23.1,0.456,0,2023,11
CHIMBOTE,2023 - II,05/11/2023,495,21.1,0.331,0,2023,11
CHIMBOTE,2023 - II,06/11/2023,2232,25.6,0.685,0,2023,11
CHIMBOTE,2023 - II,08/11/2023,1244,9.7,0.598,0.047,2023,11
CHIMBOTE,2023 - II,09/11/2023,1651,23.6,0.444,0,2023,11
CHIMBOTE,2023 - II,10/11/2023,1284,23,0.362,0,2023,11
CHIMBOTE,2023 - II,11/11/2023,2239,22.3,0.393,0.001,2023,11
CHIMBOTE,2023 - II,12/11/2023,1516,12.9,0.117,0.002,2023,11
CHIMBOTE,2023 - II,13/11/2023,3786,20,0.403,0,2023,11
CHIMBOTE,2023 - II,14/11/2023,1477,19.5,0.333,0,2023,11
CHIMBOTE,2023 - II,19/11/2023,1498,10.1,0.077,0,2023,11
CHIMBOTE,2023 - II,20/11/2023,1190,13.8,0.116,0.006,2023,11
CHIMBOTE,2023 - II,21/11/2023,1698,13.3,0.239,0,2023,11
CHIMBOTE,2023 - II,22/11/2023,401,6.6,0.487,0,2023,11
CHIMBOTE,2023 - II,26/11/2023,117,13.4,0.832,0.063,2023,11
CHIMBOTE,2023 - II,27/11/2023,325,10,0.648,0,2023,11
CHIMBOTE,2023 - II,28/11/2023,198,9,0.545,0,2023,11
CHIMBOTE,2023 - II,29/11/2023,1021,8.8,0.385,0,2023,11
CHIMBOTE,2023 - II,30/11/2023,706,7.5,0.587,0,2023,11
CHIMBOTE,2023 - II,01/12/2023,600,7.2,0.487,0,2023,12
CHIMBOTE,2023 - II,02/12/2023,465,9.9,0.285,0,2023,12
CHIMBOTE,2023 - II,05/12/2023,143,8.4,0.779,0,2023,12
CHIMBOTE,2024 - I,16/04/2024,3220,13.9,0.255,0,2024,4
CHIMBOTE,2024 - I,17/04/2024,2844,11.7,0.435,0,2024,4
CHIMBOTE,2024 - I,18/04/2024,1632,11.3,0.425,0,2024,4
CHIMBOTE,2024 - I,19/04/2024,3631,12.8,0.484,0,2024,4
CHIMBOTE,2024 - I,20/04/2024,2789,13,0.354,0,2024,4
CHIMBOTE,2024 - I,21/04/2024,3186,16.6,0.309,0,2024,4
CHIMBOTE,2024 - I,22/04/2024,2427,12.7,0.336,0,2024,4
CHIMBOTE,2024 - I,23/04/2024,2605,13.8,0.694,0,2024,4
CHIMBOTE,2024 - I,24/04/2024,3298,14.7,0.466,0,2024,4
CHIMBOTE,2024 - I,25/04/2024,2735,12.5,0.405,0,2024,4
CHIMBOTE,2024 - I,26/04/2024,2339,14.2,0.267,0,2024,4
CHIMBOTE,2024 - I,27/04/2024,1693,12,0.322,0,2024,4
CHIMBOTE,2024 - I,28/04/2024,1351,13.9,0.383,0,2024,4
CHIMBOTE,2024 - I,29/04/2024,2906,11.7,0.486,0,2024,4
CHIMBOTE,2024 - I,30/04/2024,2272,11.5,0.272,0,2024,4
CHIMBOTE,2024 - I,01/05/2024,2720,13.7,0.152,0.002,2024,5
CHIMBOTE,2024 - I,02/05/2024,1544,12.9,0.236,0,2024,5
CHIMBOTE,2024 - I,05/05/2024,1161,7.4,0.786,0,2024,5
CHIMBOTE,2024 - I,06/05/2024,3101,20.7,0.146,0,2024,5
CHIMBOTE,2024 - I,07/05/2024,2594,16.4,0.171,0,2024,5
CHIMBOTE,2024 - I,08/05/2024,2914,19.2,0.261,0.003,2024,5
CHIMBOTE,2024 - I,09/05/2024,3403,16.5,0.263,0,2024,5
CHIMBOTE,2024 - I,10/05/2024,2804,18.7,0.27,0,2024,5
CHIMBOTE,2024 - I,11/05/2024,3617,14.8,0.082,0,2024,5
CHIMBOTE,2024 - I,12/05/2024,2867,13.9,0.29,0,2024,5
CHIMBOTE,2024 - I,13/05/2024,1977,8.8,0.123,0,2024,5
CHIMBOTE,2024 - I,14/05/2024,3058,16.2,0.092,0,2024,5
CHIMBOTE,2024 - I,15/05/2024,2740,13.1,0.141,0,2024,5
CHIMBOTE,2024 - I,16/05/2024,2278,13.2,0.073,0,2024,5
CHIMBOTE,2024 - I,17/05/2024,4415,14.6,0.077,0,2024,5
CHIMBOTE,2024 - I,18/05/2024,3480,13.8,0.084,0,2024,5
CHIMBOTE,2024 - I,19/05/2024,1580,11.4,0.074,0,2024,5
CHIMBOTE,2024 - I,20/05/2024,4364,22.9,0.073,0,2024,5
CHIMBOTE,2024 - I,21/05/2024,2421,13.4,0.066,0,2024,5
CHIMBOTE,2024 - I,22/05/2024,3801,13.5,0.073,0,2024,5
CHIMBOTE,2024 - I,23/05/2024,2368,12.6,0.288,0,2024,5
CHIMBOTE,2024 - I,24/05/2024,2965,19.5,0.131,0,2024,5
CHIMBOTE,2024 - I,25/05/2024,3724,16,0.061,0,2024,5
CHIMBOTE,2024 - I,26/05/2024,2133,20.4,0.061,0,2024,5
CHIMBOTE,2024 - I,27/05/2024,2780,15.8,0.247,0.006,2024,5
CHIMBOTE,2024 - I,28/05/2024,1520,13,0.087,0.005,2024,5
CHIMBOTE,2024 - I,29/05/2024,2603,24.2,0.091,0,2024,5
CHIMBOTE,2024 - I,30/05/2024,2716,19.5,0.06,0.031,2024,5
CHIMBOTE,2024 - I,31/05/2024,3295,18.6,0.076,0.029,2024,5
CHIMBOTE,2024 - I,01/06/2024,2179,12.3,0.128,0.008,2024,6
CHIMBOTE,2024 - I,02/06/2024,3570,11.8,0.087,0,2024,6
CHIMBOTE,2024 - I,03/06/2024,1370,9.3,0.035,0.005,2024,6
CHIMBOTE,2024 - I,04/06/2024,2605,11.8,0.042,0,2024,6
CHIMBOTE,2024 - I,05/06/2024,3422,17.3,0.098,0,2024,6
CHIMBOTE,2024 - I,06/06/2024,3190,18.1,0.046,0,2024,6
CHIMBOTE,2024 - I,07/06/2024,311,29.8,0.04,0,2024,6
CHIMBOTE,2024 - I,08/06/2024,438,25.4,0.038,0.007,2024,6
CHIMBOTE,2024 - II,01/11/2024,1172,9,0,0,2024,11
CHIMBOTE,2024 - II,02/11/2024,1587,8.5,0,0,2024,11
CHIMBOTE,2024 - II,03/11/2024,1846,7.3,0,0,2024,11
CHIMBOTE,2024 - II,04/11/2024,2584,10.2,0.005,0.02,2024,11
CHIMBOTE,2024 - II,05/11/2024,3442,11.9,0,0,2024,11
CHIMBOTE,2024 - II,06/11/2024,2499,14.3,0,0,2024,11
CHIMBOTE,2024 - II,08/11/2024,2945,11.8,0,0.012,2024,11
CHIMBOTE,2024 - II,09/11/2024,1628,9.5,0,0,2024,11
CHIMBOTE,2024 - II,10/11/2024,3784,10.9,0.014,0,2024,11
CHIMBOTE,2024 - II,11/11/2024,2676,14.3,0,0.001,2024,11
CHIMBOTE,2024 - II,12/11/2024,2393,11.9,0,0.002,2024,11
CHIMBOTE,2024 - II,13/11/2024,1431,10.7,0.012,0.014,2024,11
CHIMBOTE,2024 - II,14/11/2024,1796,12,0,0.025,2024,11
CHIMBOTE,2024 - II,16/11/2024,2604,10.2,0.008,0.011,2024,11
CHIMBOTE,2024 - II,17/11/2024,3396,19.8,0.046,0,2024,11
CHIMBOTE,2024 - II,18/11/2024,2920,15.4,0.001,0,2024,11
CHIMBOTE,2024 - II,19/11/2024,2570,11.4,0.032,0.007,2024,11
CHIMBOTE,2024 - II,20/11/2024,2371,9.6,0.359,0.118,2024,11
CHIMBOTE,2024 - II,21/11/2024,3428,18.8,0.036,0.018,2024,11
CHIMBOTE,2024 - II,22/11/2024,2827,13.3,0.036,0.106,2024,11
CHIMBOTE,2024 - II,23/11/2024,2933,14.8,0.006,0.02,2024,11
CHIMBOTE,2024 - II,24/11/2024,2998,13.9,0,0.002,2024,11
CHIMBOTE,2024 - II,25/11/2024,3983,25.8,0.023,0.006,2024,11
CHIMBOTE,2024 - II,27/11/2024,3005,14.2,0.021,0.025,2024,11
CHIMBOTE,2024 - II,28/11/2024,3388,15.1,0.008,0.013,2024,11
CHIMBOTE,2024 - II,29/11/2024,2117,15.5,0.035,0.042,2024,11
CHIMBOTE,2024 - II,30/11/2024,3233,17.6,0.321,0.014,2024,11
CHIMBOTE,2024 - II,01/12/2024,2808,13,0.138,0.2,2024,12
CHIMBOTE,2024 - II,02/12/2024,3757,16.5,0.192,0,2024,12
CHIMBOTE,2024 - II,03/12/2024,3027,18.4,0.245,0.011,2024,12
CHIMBOTE,2024 - II,04/12/2024,1572,20.9,0.017,0.009,2024,12
CHIMBOTE,2024 - II,05/12/2024,2036,17.6,0.046,0.038,2024,12
CHIMBOTE,2024 - II,06/12/2024,3265,21.8,0.022,0.038,2024,12
CHIMBOTE,2024 - II,07/12/2024,3306,18.3,0.013,0.034,2024,12
CHIMBOTE,2024 - II,08/12/2024,3563,22.1,0.011,0.038,2024,12
CHIMBOTE,2024 - II,09/12/2024,3038,18,0.045,0.016,2024,12
CHIMBOTE,2024 - II,10/12/2024,2897,25,0.109,0.026,2024,12
CHIMBOTE,2024 - II,11/12/2024,2720,23.5,0.015,0.015,2024,12
CHIMBOTE,2024 - II,12/12/2024,3685,20.7,0.307,0.034,2024,12
CHIMBOTE,2024 - II,13/12/2024,3841,18.7,0.021,0.021,2024,12
CHIMBOTE,2024 - II,14/12/2024,2437,12.3,0.005,0.009,2024,12
CHIMBOTE,2024 - II,15/12/2024,3661,22.6,0.163,0.029,2024,12
CHIMBOTE,2024 - II,16/12/2024,2685,17.2,0.091,0.001,2024,12
CHIMBOTE,2024 - II,17/12/2024,3104,16.4,0.349,0.031,2024,12
CHIMBOTE,2024 - II,18/12/2024,2745,13.5,0.073,0.062,2024,12
CHIMBOTE,2024 - II,19/12/2024,2104,11.6,0.052,0.085,2024,12
CHIMBOTE,2024 - II,20/12/2024,3481,14.8,0.034,0.098,2024,12
CHIMBOTE,2024 - II,21/12/2024,3340,12.5,0.046,0.025,2024,12
CHIMBOTE,2024 - II,22/12/2024,3471,19.8,0.237,0.031,2024,12
CHIMBOTE,2024 - II,23/12/2024,2833,23.2,0.157,0.024,2024,12
CHIMBOTE,2024 - II,27/12/2024,3768,19.2,0.559,0.079,2024,12
CHIMBOTE,2024 - II,28/12/2024,92,10.6,0,0.026,2024,12
CHIMBOTE,2024 - II,31/12/2024,2592,15.3,0.127,0.036,2024,12
CHIMBOTE,2024 - II,01/01/2025,2644,12.4,0.029,0.13,2025,1
CHIMBOTE,2024 - II,02/01/2025,3343,22.4,0.433,0.256,2025,1
CHIMBOTE,2024 - II,03/01/2025,3289,16.1,0.801,0.159,2025,1
CHIMBOTE,2024 - II,04/01/2025,507,11,0,0.563,2025,1
CHIMBOTE,2024 - II,05/01/2025,1678,12.5,0.197,0.237,2025,1
CHIMBOTE,2024 - II,06/01/2025,3145,12.8,0.373,0.122,2025,1
CHIMBOTE,2024 - II,07/01/2025,2921,14.7,0.535,0.184,2025,1
CHIMBOTE,2024 - II,08/01/2025,926,16.4,0.353,0.402,2025,1
CHIMBOTE,2024 - II,09/01/2025,3080,14.5,0.696,0.363,2025,1
CHIMBOTE,2024 - II,10/01/2025,1171,14.5,0.67,0.363,2025,1
CHIMBOTE,2024 - II,11/01/2025,2809,23.8,0.335,0.159,2025,1
CHIMBOTE,2024 - II,12/01/2025,1902,14,0.404,0.231,2025,1
CHIMBOTE,2024 - II,13/01/2025,3398,20.6,0.112,0.195,2025,1
CHIMBOTE,2024 - II,15/01/2025,945,22.4,0.077,0.019,2025,1
CHIMBOTE,2024 - II,16/01/2025,967,23.5,0.3,0.059,2025,1
CHIMBOTE,2024 - II,17/01/2025,2248,19.1,0.127,0.172,2025,1
CHIMBOTE,2024 - II,18/01/2025,1335,14,0.292,0.134,2025,1
CHIMBOTE,2025 - I,22/04/2025,2475,13.7,0.14,0.001,2025,4
CHIMBOTE,2025 - I,23/04/2025,3946,16.9,0.679,0.074,2025,4
CHIMBOTE,2025 - I,24/04/2025,3298,13.3,0.341,0.192,2025,4
CHIMBOTE,2025 - I,25/04/2025,3894,10.1,0.218,0.033,2025,4
CHIMBOTE,2025 - I,26/04/2025,3144,11.8,0.272,0.542,2025,4
CHIMBOTE,2025 - I,28/04/2025,2767,9.4,0.178,0.018,2025,4
CHIMBOTE,2025 - I,29/04/2025,4154,10.4,0.512,0.012,2025,4
CHIMBOTE,2025 - I,30/04/2025,3405,13.7,0.519,0.051,2025,4
CHIMBOTE,2025 - I,01/05/2025,3587,16.5,0.681,0.008,2025,5
CHIMBOTE,2025 - I,02/05/2025,3950,14.4,0.464,0.038,2025,5
CHIMBOTE,2025 - I,03/05/2025,2942,9.7,0.589,0.023,2025,5
CHIMBOTE,2025 - I,04/05/2025,4440,13.1,0.542,0.008,2025,5
CHIMBOTE,2025 - I,05/05/2025,4315,19.8,0.399,0.006,2025,5
CHIMBOTE,2025 - I,06/05/2025,2041,13.6,0.274,0,2025,5
CHIMBOTE,2025 - I,07/05/2025,4827,16.5,0.139,0,2025,5
CHIMBOTE,2025 - I,08/05/2025,2783,13.9,0.238,0,2025,5
CHIMBOTE,2025 - I,09/05/2025,5000,16.1,0.111,0,2025,5
CHIMBOTE,2025 - I,10/05/2025,3342,13.8,0.254,0.018,2025,5
CHIMBOTE,2025 - I,11/05/2025,3473,10.4,0.241,0.019,2025,5
CHIMBOTE,2025 - I,12/05/2025,3924,16.8,0.255,0.004,2025,5
CHIMBOTE,2025 - I,13/05/2025,2479,13.3,0.299,0.005,2025,5
CHIMBOTE,2025 - I,14/05/2025,4797,17.9,0.25,0.001,2025,5
CHIMBOTE,2025 - I,15/05/2025,2336,16.4,0.157,0,2025,5
CHIMBOTE,2025 - I,16/05/2025,2307,19.3,0.119,0.001,2025,5
CHIMBOTE,2025 - I,17/05/2025,3811,9.6,0.252,0.095,2025,5
CHIMBOTE,2025 - I,18/05/2025,3593,14,0.285,0.178,2025,5
CHIMBOTE,2025 - I,19/05/2025,1763,12,0.073,0.049,2025,5
CHIMBOTE,2025 - I,20/05/2025,3022,14,0.094,0.014,2025,5
CHIMBOTE,2025 - I,21/05/2025,1399,16.7,0.322,0.015,2025,5
CHIMBOTE,2025 - I,22/05/2025,605,15.5,0.112,0.002,2025,5
CHIMBOTE,2025 - I,23/05/2025,1431,8.2,0.409,0.041,2025,5
CHIMBOTE,2025 - I,27/05/2025,2840,10.7,0.273,0.059,2025,5
CHIMBOTE,2025 - I,28/05/2025,1193,7.8,0.541,0.132,2025,5
CHIMBOTE,2025 - I,31/05/2025,3287,9.9,0.605,0.153,2025,5
CHIMBOTE,2025 - I,02/06/2025,546,9.4,0.57,0.158,2025,6
CHIMBOTE,2025 - I,03/06/2025,3040,10.6,0.628,0.095,2025,6
CHIMBOTE,2025 - I,04/06/2025,2369,9.9,0.605,0.147,2025,6
CHIMBOTE,2025 - I,11/06/2025,926,7.4,0.634,0.005,2025,6
CHIMBOTE,2025 - I,12/06/2025,109,6.6,0.833,0.104,2025,6
CHIMBOTE,2025 - I,26/06/2025,813,12.8,0.691,0.012,2025,6
CHIMBOTE,2025 - I,01/07/2025,2009,12.5,0.662,0.054,2025,7
CHIMBOTE,2025 - I,02/07/2025,1423,16.5,0.633,0.105,2025,7
CHIMBOTE,2025 - I,03/07/2025,469,9.4,0.52,0.094,2025,7
CHIMBOTE,2025 - I,04/07/2025,156,9.9,0.532,0.007,2025,7
CHIMBOTE,2025 - I,07/07/2025,87,9.3,0.871,0.036,2025,7
CHIMBOTE,2025 - I,15/07/2025,1278,15.2,0.855,0.093,2025,7
CHIMBOTE,2025 - I,16/07/2025,1277,13,0.879,0.178,2025,7
CHIMBOTE,2025 - I,17/07/2025,165,22.6,0.849,0.067,2025,7
CHIMBOTE,2025 - I,18/07/2025,268,9.8,0.777,0.05,2025,7
CHIMBOTE,2025 - I,19/07/2025,197,17.8,0.705,0.029,2025,7
CHIMBOTE,2025 - I,20/07/2025,1522,30.2,0.594,0.027,2025,7
CHIMBOTE,2025 - I,22/07/2025,780,13,0.782,0.026,2025,7
CHIMBOTE,2025 - I,23/07/2025,688,14.6,0.822,0.008,2025,7
CHIMBOTE,2025 - II,07/11/2025,505,14.1,0.144,0.019,2025,11
CHIMBOTE,2025 - II,08/11/2025,2633,15.8,0.116,0.003,2025,11
CHIMBOTE,2025 - II,09/11/2025,1469,14,0.12,0,2025,11
CHIMBOTE,2025 - II,10/11/2025,2204,18.8,0.104,0,2025,11
CHIMBOTE,2025 - II,11/11/2025,2175,18,0.123,0.014,2025,11
CHIMBOTE,2025 - II,12/11/2025,3271,16.1,0.14,0.001,2025,11
CHIMBOTE,2025 - II,13/11/2025,2527,14.3,0.093,0,2025,11
CHIMBOTE,2025 - II,14/11/2025,4779,17,0.051,0.002,2025,11
CHIMBOTE,2025 - II,15/11/2025,2480,12.5,0.082,0.021,2025,11
CHIMBOTE,2025 - II,16/11/2025,3137,11.4,0.035,0.006,2025,11
CHIMBOTE,2025 - II,17/11/2025,3660,10,0.068,0.005,2025,11
CHIMBOTE,2025 - II,18/11/2025,4547,19.5,0.182,0.002,2025,11
CHIMBOTE,2025 - II,19/11/2025,3554,17.9,0.034,0,2025,11
CHIMBOTE,2025 - II,20/11/2025,4230,22.1,0.034,0.009,2025,11
CHIMBOTE,2025 - II,21/11/2025,852,13.1,0.032,0.003,2025,11
CHIMBOTE,2025 - II,22/11/2025,3070,15.4,0.083,0.001,2025,11
CHIMBOTE,2025 - II,23/11/2025,2983,14.3,0.144,0.033,2025,11
CHIMBOTE,2025 - II,24/11/2025,3676,11.9,0.024,0.06,2025,11
CHIMBOTE,2025 - II,25/11/2025,1807,15.1,0.2,0.016,2025,11
CHIMBOTE,2025 - II,26/11/2025,2657,13.1,0.037,0.035,2025,11
CHIMBOTE,2025 - II,27/11/2025,1823,16.1,0.031,0.051,2025,11
CHIMBOTE,2025 - II,28/11/2025,930,9.8,0.025,0.016,2025,11
CHIMBOTE,2025 - II,29/11/2025,603,7.4,0.036,0.055,2025,11
CHIMBOTE,2025 - II,30/11/2025,683,11,0.024,0,2025,11
CHIMBOTE,2025 - II,01/12/2025,2243,16.1,0.02,0,2025,12
CHIMBOTE,2025 - II,02/12/2025,3828,15.3,0.007,0.004,2025,12
CHIMBOTE,2025 - II,03/12/2025,3722,16.8,0.014,0.013,2025,12
CHIMBOTE,2025 - II,04/12/2025,4950,17.2,0.014,0,2025,12
CHIMBOTE,2025 - II,05/12/2025,3247,14.4,0.009,0,2025,12
CHIMBOTE,2025 - II,06/12/2025,4488,17.8,0.041,0,2025,12
CHIMBOTE,2025 - II,07/12/2025,2293,17,0.032,0,2025,12
CHIMBOTE,2025 - II,08/12/2025,2549,14.7,0.079,0,2025,12
CHIMBOTE,2025 - II,09/12/2025,1761,22.7,0.047,0.023,2025,12
CHIMBOTE,2025 - II,10/12/2025,398,11.8,0.089,0,2025,12
CHIMBOTE,2025 - II,11/12/2025,1406,18.4,0.009,0.009,2025,12
CHIMBOTE,2025 - II,12/12/2025,463,11.7,0.005,0.001,2025,12
CHIMBOTE,2025 - II,13/12/2025,975,17.5,0.066,0.048,2025,12
CHIMBOTE,2025 - II,14/12/2025,1161,14,0.056,0.224,2025,12
CHIMBOTE,2025 - II,15/12/2025,1338,20.9,0.04,0.074,2025,12
CHIMBOTE,2025 - II,16/12/2025,1488,15.9,0.003,0,2025,12
CHIMBOTE,2025 - II,17/12/2025,2799,12.7,0.052,0,2025,12
CHIMBOTE,2025 - II,18/12/2025,3518,21.2,0.032,0.003,2025,12
CHIMBOTE,2025 - II,19/12/2025,1219,17.8,0.05,0,2025,12
CHIMBOTE,2025 - II,22/12/2025,326,10.6,0.144,0.214,2025,12
CHIMBOTE,2025 - II,30/12/2025,819,11.2,0.019,0,2025,12
CHIMBOTE,2025 - II,31/12/2025,992,9.5,0.013,0.013,2025,12
CHIMBOTE,2025 - II,01/01/2026,903,12.5,0.026,0,2026,1
CHIMBOTE,2025 - II,02/01/2026,1957,19.9,0.341,0,2026,1
CHIMBOTE,2025 - II,03/01/2026,3376,25.4,0.073,0.007,2026,1
CHIMBOTE,2025 - II,04/01/2026,643,14.3,0.049,0.038,2026,1
CHIMBOTE,2025 - II,05/01/2026,1345,12.6,0.088,0.024,2026,1
CHIMBOTE,2025 - II,06/01/2026,1357,20.4,0.174,0.054,2026,1
CHIMBOTE,2025 - II,07/01/2026,909,9.9,0.269,0.114,2026,1
CHIMBOTE,2025 - II,08/01/2026,2390,14.7,0.077,0.072,2026,1
CHIMBOTE,2025 - II,09/01/2026,3882,18.2,0.153,0.006,2026,1
CHIMBOTE,2025 - II,10/01/2026,1879,11.2,0.067,0.002,2026,1
CHIMBOTE,2025 - II,12/01/2026,289,21.2,0.019,0.035,2026,1
CHIMBOTE,2026 - I,09/04/2026,111,2.5,0.876,0,2026,4
CHIMBOTE,2026 - I,10/04/2026,259,15.7,0.095,0.011,2026,4
CHIMBOTE,2026 - I,11/04/2026,244,14.5,0.806,0.054,2026,4
CHIMBOTE,2026 - I,14/04/2026,279,8,0.659,0,2026,4
CHIMBOTE,2026 - I,15/04/2026,381,6.3,0.932,0,2026,4
CHIMBOTE,2026 - I,17/04/2026,217,16.4,0.797,0.002,2026,4
CHIMBOTE,2026 - I,20/04/2026,260,12.7,0.447,0.001,2026,4
MALABRIGO,2020 - II,12/11/2020,2261,12.1,0.004,0,2020,11
MALABRIGO,2020 - II,13/11/2020,1694,9.5,0,0,2020,11
MALABRIGO,2020 - II,14/11/2020,822,9.8,0,0,2020,11
MALABRIGO,2020 - II,15/11/2020,1384,10.2,0,0,2020,11
MALABRIGO,2020 - II,16/11/2020,2117,12.2,0,0,2020,11
MALABRIGO,2020 - II,17/11/2020,3372,16.9,0,0,2020,11
MALABRIGO,2020 - II,18/11/2020,1635,14.2,0,0.003,2020,11
MALABRIGO,2020 - II,19/11/2020,1351,11.1,0,0,2020,11
MALABRIGO,2020 - II,20/11/2020,1927,12.7,0,0.001,2020,11
MALABRIGO,2020 - II,21/11/2020,1682,11.8,0,0.004,2020,11
MALABRIGO,2020 - II,22/11/2020,3874,15.6,0.008,0,2020,11
MALABRIGO,2020 - II,23/11/2020,3332,16.6,0.013,0,2020,11
MALABRIGO,2020 - II,24/11/2020,2955,22.2,0,0,2020,11
MALABRIGO,2020 - II,25/11/2020,3306,19,0.018,0,2020,11
MALABRIGO,2020 - II,26/11/2020,1998,17.9,0,0.001,2020,11
MALABRIGO,2020 - II,27/11/2020,4211,15.5,0,0.001,2020,11
MALABRIGO,2020 - II,28/11/2020,2104,15.9,0.011,0,2020,11
MALABRIGO,2020 - II,29/11/2020,2226,17,0.005,0,2020,11
MALABRIGO,2020 - II,30/11/2020,2376,18.5,0.044,0,2020,11
MALABRIGO,2020 - II,01/12/2020,2350,14.2,0,0,2020,12
MALABRIGO,2020 - II,02/12/2020,3084,25.3,0.011,0.043,2020,12
MALABRIGO,2020 - II,04/12/2020,938,30.1,0,0,2020,12
MALABRIGO,2020 - II,05/12/2020,336,13,0,0.004,2020,12
MALABRIGO,2020 - II,06/12/2020,3552,16.5,0.013,0.016,2020,12
MALABRIGO,2020 - II,07/12/2020,3916,15.8,0,0.002,2020,12
MALABRIGO,2020 - II,08/12/2020,3227,18.1,0,0.016,2020,12
MALABRIGO,2020 - II,09/12/2020,2608,18.9,0,0,2020,12
MALABRIGO,2020 - II,10/12/2020,3569,19.7,0,0,2020,12
MALABRIGO,2020 - II,11/12/2020,1453,19.3,0.002,0.005,2020,12
MALABRIGO,2020 - II,12/12/2020,3201,16.8,0,0,2020,12
MALABRIGO,2020 - II,13/12/2020,3262,14.3,0,0,2020,12
MALABRIGO,2020 - II,14/12/2020,4316,23.4,0.002,0.005,2020,12
MALABRIGO,2020 - II,15/12/2020,1699,28.4,0,0,2020,12
MALABRIGO,2020 - II,17/12/2020,2721,12.8,0,0.001,2020,12
MALABRIGO,2020 - II,18/12/2020,2645,12.6,0.006,0.004,2020,12
MALABRIGO,2020 - II,19/12/2020,2734,13.7,0,0.004,2020,12
MALABRIGO,2020 - II,20/12/2020,2686,12.4,0.003,0.007,2020,12
MALABRIGO,2020 - II,21/12/2020,1138,8.7,0,0.003,2020,12
MALABRIGO,2020 - II,22/12/2020,3060,15,0,0.022,2020,12
MALABRIGO,2020 - II,23/12/2020,2961,18.2,0.004,0.039,2020,12
MALABRIGO,2020 - II,24/12/2020,2844,14.9,0.002,0.018,2020,12
MALABRIGO,2020 - II,25/12/2020,1184,11.6,0.013,0.027,2020,12
MALABRIGO,2020 - II,26/12/2020,3905,18.1,0.002,0.006,2020,12
MALABRIGO,2020 - II,27/12/2020,3270,15.9,0,0.018,2020,12
MALABRIGO,2020 - II,28/12/2020,2710,15.5,0,0.002,2020,12
MALABRIGO,2020 - II,29/12/2020,3204,16.9,0,0.087,2020,12
MALABRIGO,2020 - II,30/12/2020,2763,15.6,0.004,0.059,2020,12
MALABRIGO,2020 - II,31/12/2020,2426,15.5,0.017,0.015,2020,12
MALABRIGO,2020 - II,01/01/2021,2997,20.8,0,0.008,2021,1
MALABRIGO,2020 - II,02/01/2021,2550,21.8,0.001,0.093,2021,1
MALABRIGO,2020 - II,03/01/2021,3958,17.2,0,0,2021,1
MALABRIGO,2020 - II,04/01/2021,1561,13.9,0,0.038,2021,1
MALABRIGO,2020 - II,05/01/2021,3774,16.4,0,0.018,2021,1
MALABRIGO,2020 - II,06/01/2021,2494,16.2,0,0.009,2021,1
MALABRIGO,2020 - II,07/01/2021,2546,23.6,0,0.031,2021,1
MALABRIGO,2020 - II,08/01/2021,3288,27,0,0.039,2021,1
MALABRIGO,2020 - II,09/01/2021,2755,20.5,0.014,0.012,2021,1
MALABRIGO,2020 - II,10/01/2021,2731,25.2,0,0.008,2021,1
MALABRIGO,2020 - II,11/01/2021,3500,24.2,0,0.02,2021,1
MALABRIGO,2020 - II,12/01/2021,806,28.9,0,0.087,2021,1
MALABRIGO,2020 - II,16/01/2021,592,11.4,0.005,0.008,2021,1
MALABRIGO,2020 - II,17/01/2021,1192,20.8,0.051,0.15,2021,1
MALABRIGO,2020 - II,18/01/2021,931,14.4,0,0.019,2021,1
MALABRIGO,2020 - II,19/01/2021,97,10.3,0,0,2021,1
MALABRIGO,2020 - II,20/01/2021,231,10.1,0,0,2021,1
MALABRIGO,2020 - II,21/01/2021,45,8.8,0,0,2021,1
MALABRIGO,2020 - II,22/01/2021,167,14.2,0.093,0.054,2021,1
MALABRIGO,2021 - I,27/04/2021,489,9.4,0.169,0,2021,4
MALABRIGO,2021 - I,28/04/2021,2230,11.9,0.116,0,2021,4
MALABRIGO,2021 - I,29/04/2021,999,16.9,0.118,0,2021,4
MALABRIGO,2021 - I,30/04/2021,736,11.3,0.264,0,2021,4
MALABRIGO,2021 - I,01/05/2021,1248,11.7,0.194,0,2021,5
MALABRIGO,2021 - I,02/05/2021,2074,17.3,0.071,0.038,2021,5
MALABRIGO,2021 - I,03/05/2021,1388,22.2,0,0.035,2021,5
MALABRIGO,2021 - I,04/05/2021,3170,15.5,0.02,0,2021,5
MALABRIGO,2021 - I,05/05/2021,3812,17,0.026,0.044,2021,5
MALABRIGO,2021 - I,06/05/2021,2368,14.1,0.076,0.033,2021,5
MALABRIGO,2021 - I,07/05/2021,3624,15.3,0.073,0.001,2021,5
MALABRIGO,2021 - I,08/05/2021,2403,19.2,0.06,0.002,2021,5
MALABRIGO,2021 - I,09/05/2021,2755,20.8,0.058,0.002,2021,5
MALABRIGO,2021 - I,10/05/2021,2111,14.9,0.125,0.007,2021,5
MALABRIGO,2021 - I,11/05/2021,2828,25.7,0.148,0.029,2021,5
MALABRIGO,2021 - I,12/05/2021,1584,27.5,0.058,0.092,2021,5
MALABRIGO,2021 - I,13/05/2021,2216,13.5,0.009,0.003,2021,5
MALABRIGO,2021 - I,14/05/2021,3375,18.3,0.026,0,2021,5
MALABRIGO,2021 - I,22/05/2021,713,6.6,0.308,0.007,2021,5
MALABRIGO,2021 - I,24/05/2021,1424,20,0.074,0.003,2021,5
MALABRIGO,2021 - I,25/05/2021,2370,16.1,0.057,0.004,2021,5
MALABRIGO,2021 - I,26/05/2021,2796,25.2,0.088,0,2021,5
MALABRIGO,2021 - I,27/05/2021,3274,16.3,0.16,0,2021,5
MALABRIGO,2021 - I,28/05/2021,3907,20.3,0.098,0,2021,5
MALABRIGO,2021 - I,29/05/2021,3761,21.1,0.349,0,2021,5
MALABRIGO,2021 - I,30/05/2021,322,11.8,0.331,0,2021,5
MALABRIGO,2021 - I,31/05/2021,2688,12.2,0.203,0,2021,5
MALABRIGO,2021 - I,01/06/2021,1635,25.2,0.147,0,2021,6
MALABRIGO,2021 - I,03/06/2021,1699,13,0.149,0,2021,6
MALABRIGO,2021 - I,04/06/2021,3921,16,0.162,0,2021,6
MALABRIGO,2021 - I,05/06/2021,2690,19.2,0.155,0,2021,6
MALABRIGO,2021 - I,06/06/2021,3462,13.8,0.093,0,2021,6
MALABRIGO,2021 - I,07/06/2021,3473,15.8,0.188,0,2021,6
MALABRIGO,2021 - I,08/06/2021,3743,16.1,0.122,0,2021,6
MALABRIGO,2021 - I,09/06/2021,1904,24,0.193,0.001,2021,6
MALABRIGO,2021 - I,10/06/2021,1872,15.9,0.214,0,2021,6
MALABRIGO,2021 - I,12/06/2021,626,29.4,0.046,0,2021,6
MALABRIGO,2021 - I,13/06/2021,3009,12.7,0.044,0,2021,6
MALABRIGO,2021 - I,14/06/2021,2971,15.7,0.086,0,2021,6
MALABRIGO,2021 - I,15/06/2021,2872,20,0.135,0,2021,6
MALABRIGO,2021 - I,16/06/2021,3225,14.7,0.073,0,2021,6
MALABRIGO,2021 - I,17/06/2021,3241,17.1,0.149,0,2021,6
MALABRIGO,2021 - I,18/06/2021,3488,23.5,0.208,0,2021,6
MALABRIGO,2021 - I,19/06/2021,1462,19.1,0.394,0,2021,6
MALABRIGO,2021 - I,21/06/2021,2443,52,0.331,0,2021,6
MALABRIGO,2021 - I,23/06/2021,1012,31.6,0.128,0,2021,6
MALABRIGO,2021 - I,24/06/2021,2242,20,0.151,0,2021,6
MALABRIGO,2021 - I,25/06/2021,832,16.4,0.062,0.008,2021,6
MALABRIGO,2021 - I,27/06/2021,2058,17.9,0.148,0,2021,6
MALABRIGO,2021 - I,28/06/2021,3040,24.4,0.061,0.005,2021,6
MALABRIGO,2021 - I,29/06/2021,1904,16.1,0.027,0,2021,6
MALABRIGO,2021 - I,30/06/2021,519,11.7,0.039,0,2021,6
MALABRIGO,2021 - I,01/07/2021,974,28.3,0.027,0.015,2021,7
MALABRIGO,2021 - I,03/07/2021,1515,15,0,0,2021,7
MALABRIGO,2021 - I,05/07/2021,587,26.2,0,0,2021,7
MALABRIGO,2021 - II,15/11/2021,1735,13,0,0,2021,11
MALABRIGO,2021 - II,16/11/2021,1320,11.8,0.09,0,2021,11
MALABRIGO,2021 - II,17/11/2021,3940,21.9,0.003,0,2021,11
MALABRIGO,2021 - II,18/11/2021,3980,17.8,0.029,0,2021,11
MALABRIGO,2021 - II,19/11/2021,3378,14.6,0.003,0,2021,11
MALABRIGO,2021 - II,20/11/2021,2152,15.7,0.016,0,2021,11
MALABRIGO,2021 - II,21/11/2021,3052,21.2,0,0,2021,11
MALABRIGO,2021 - II,22/11/2021,1639,23.6,0.035,0,2021,11
MALABRIGO,2021 - II,23/11/2021,2166,19.8,0.004,0,2021,11
MALABRIGO,2021 - II,24/11/2021,3731,14.3,0.082,0,2021,11
MALABRIGO,2021 - II,25/11/2021,4033,17.4,0.07,0,2021,11
MALABRIGO,2021 - II,26/11/2021,3693,17.9,0.061,0,2021,11
MALABRIGO,2021 - II,27/11/2021,3169,17.5,0.082,0,2021,11
MALABRIGO,2021 - II,28/11/2021,2256,18.3,0.009,0.014,2021,11
MALABRIGO,2021 - II,04/12/2021,1439,13.4,0.001,0,2021,12
MALABRIGO,2021 - II,05/12/2021,2305,20.7,0.038,0,2021,12
MALABRIGO,2021 - II,14/12/2021,1257,6.5,0.026,0.001,2021,12
MALABRIGO,2021 - II,15/12/2021,3034,12.8,0.01,0,2021,12
MALABRIGO,2021 - II,16/12/2021,2325,8.3,0.019,0.003,2021,12
MALABRIGO,2021 - II,17/12/2021,3147,9.2,0,0.014,2021,12
MALABRIGO,2021 - II,18/12/2021,3459,11.5,0.003,0.005,2021,12
MALABRIGO,2021 - II,19/12/2021,4277,15.8,0.016,0.009,2021,12
MALABRIGO,2021 - II,20/12/2021,239,5.4,0,0,2021,12
MALABRIGO,2021 - II,21/12/2021,933,12.6,0,0,2021,12
MALABRIGO,2021 - II,22/12/2021,1310,11.5,0,0,2021,12
MALABRIGO,2021 - II,23/12/2021,268,12.8,0.007,0.003,2021,12
MALABRIGO,2022 - I,12/05/2022,142,12.6,0.489,0.004,2022,5
MALABRIGO,2022 - I,13/05/2022,221,11.7,0.647,0,2022,5
MALABRIGO,2022 - I,15/05/2022,792,18.3,0.293,0,2022,5
MALABRIGO,2022 - I,21/05/2022,451,11.1,0.311,0,2022,5
MALABRIGO,2022 - I,22/05/2022,439,12,0.321,0.046,2022,5
MALABRIGO,2022 - I,26/05/2022,3049,20.6,0.146,0,2022,5
MALABRIGO,2022 - I,28/05/2022,3969,20.4,0.314,0.011,2022,5
MALABRIGO,2022 - I,29/05/2022,2165,11.5,0.379,0.008,2022,5
MALABRIGO,2022 - I,30/05/2022,3089,24.6,0.344,0.001,2022,5
MALABRIGO,2022 - I,03/06/2022,601,34.2,0.227,0,2022,6
MALABRIGO,2022 - I,04/06/2022,3280,21.1,0.449,0,2022,6
MALABRIGO,2022 - I,05/06/2022,1460,23.6,0.284,0.016,2022,6
MALABRIGO,2022 - I,06/06/2022,2365,18.5,0.033,0.152,2022,6
MALABRIGO,2022 - I,07/06/2022,2602,15.7,0.099,0.003,2022,6
MALABRIGO,2022 - I,08/06/2022,3858,13.1,0.335,0,2022,6
MALABRIGO,2022 - I,09/06/2022,1157,20.6,0.509,0.011,2022,6
MALABRIGO,2022 - I,10/06/2022,250,9.1,0.697,0,2022,6
MALABRIGO,2022 - I,11/06/2022,3923,25.2,0.02,0.029,2022,6
MALABRIGO,2022 - I,12/06/2022,1954,14.8,0.098,0.025,2022,6
MALABRIGO,2022 - I,13/06/2022,1109,19.2,0.294,0.042,2022,6
MALABRIGO,2022 - I,17/06/2022,3995,19.1,0.32,0.019,2022,6
MALABRIGO,2022 - I,18/06/2022,3920,13.7,0.525,0,2022,6
MALABRIGO,2022 - I,19/06/2022,1369,6.3,0.786,0.024,2022,6
MALABRIGO,2022 - I,20/06/2022,153,8.6,0.877,0,2022,6
MALABRIGO,2022 - I,24/06/2022,630,12.6,0,0,2022,6
MALABRIGO,2022 - II,24/11/2022,1269,14.6,0.245,0.029,2022,11
MALABRIGO,2022 - II,25/11/2022,1204,12.5,0.099,0.018,2022,11
MALABRIGO,2022 - II,26/11/2022,1612,19.8,0.133,0.056,2022,11
MALABRIGO,2022 - II,27/11/2022,4435,11.9,0.309,0.001,2022,11
MALABRIGO,2022 - II,28/11/2022,4119,11.7,0.089,0,2022,11
MALABRIGO,2022 - II,30/11/2022,2455,17.7,0.261,0,2022,11
MALABRIGO,2022 - II,01/12/2022,3410,12.7,0.163,0.001,2022,12
MALABRIGO,2022 - II,02/12/2022,1581,25.4,0.045,0,2022,12
MALABRIGO,2022 - II,03/12/2022,1220,28.9,0.01,0,2022,12
MALABRIGO,2022 - II,04/12/2022,4048,10.2,0.097,0,2022,12
MALABRIGO,2022 - II,05/12/2022,2558,11.4,0.057,0,2022,12
MALABRIGO,2022 - II,06/12/2022,4656,13.8,0.065,0.004,2022,12
MALABRIGO,2022 - II,07/12/2022,4170,13.2,0.048,0.002,2022,12
MALABRIGO,2022 - II,08/12/2022,2006,14.7,0.057,0.102,2022,12
MALABRIGO,2022 - II,09/12/2022,2165,10.8,0.033,0.023,2022,12
MALABRIGO,2022 - II,10/12/2022,4252,16.4,0.062,0.024,2022,12
MALABRIGO,2022 - II,11/12/2022,5040,16.2,0.182,0,2022,12
MALABRIGO,2022 - II,12/12/2022,3209,14.4,0.177,0,2022,12
MALABRIGO,2022 - II,13/12/2022,4384,14.6,0.098,0,2022,12
MALABRIGO,2022 - II,15/12/2022,3658,25.5,0.237,0,2022,12
MALABRIGO,2022 - II,16/12/2022,1294,13.5,0.102,0,2022,12
MALABRIGO,2022 - II,17/12/2022,50,4.7,0.052,0,2022,12
MALABRIGO,2022 - II,18/12/2022,428,5.2,0.026,0,2022,12
MALABRIGO,2022 - II,21/12/2022,4186,10.3,0.084,0.001,2022,12
MALABRIGO,2022 - II,22/12/2022,914,9.6,0.061,0.015,2022,12
MALABRIGO,2022 - II,23/12/2022,910,9,0.081,0.003,2022,12
MALABRIGO,2022 - II,25/12/2022,1221,10.4,0.017,0.003,2022,12
MALABRIGO,2022 - II,26/12/2022,1195,7.9,0.011,0.011,2022,12
MALABRIGO,2022 - II,27/12/2022,2075,13.1,0.073,0,2022,12
MALABRIGO,2022 - II,28/12/2022,274,4.3,0.002,0.06,2022,12
MALABRIGO,2022 - II,29/12/2022,812,7,0.032,0.052,2022,12
MALABRIGO,2022 - II,30/12/2022,434,8.8,0.585,0.051,2022,12
MALABRIGO,2022 - II,31/12/2022,2268,18.2,0.248,0.16,2022,12
MALABRIGO,2022 - II,01/01/2023,2996,22.1,0.133,0.093,2023,1
MALABRIGO,2022 - II,02/01/2023,1286,29.3,0.189,0.107,2023,1
MALABRIGO,2022 - II,03/01/2023,3943,33,0.25,0.129,2023,1
MALABRIGO,2022 - II,04/01/2023,3245,26.6,0.383,0.111,2023,1
MALABRIGO,2022 - II,05/01/2023,4215,23.1,0.19,0.114,2023,1
MALABRIGO,2022 - II,06/01/2023,770,28.4,0.203,0.104,2023,1
MALABRIGO,2022 - II,07/01/2023,602,16,0.209,0.204,2023,1
MALABRIGO,2022 - II,08/01/2023,2219,28.9,0.165,0.171,2023,1
MALABRIGO,2022 - II,09/01/2023,460,12.9,0.079,0.091,2023,1
MALABRIGO,2022 - II,10/01/2023,2016,28.9,0.369,0.134,2023,1
MALABRIGO,2022 - II,13/01/2023,64,4.9,0.043,0.033,2023,1
MALABRIGO,2022 - II,14/01/2023,3728,14,0.244,0.015,2023,1
MALABRIGO,2022 - II,15/01/2023,1700,15,0.351,0.137,2023,1
MALABRIGO,2022 - II,16/01/2023,1878,27.7,0.642,0.156,2023,1
MALABRIGO,2022 - II,19/01/2023,3218,30.9,0.184,0.002,2023,1
MALABRIGO,2022 - II,22/01/2023,3637,28.9,0.228,0.046,2023,1
MALABRIGO,2022 - II,23/01/2023,626,39.4,0.374,0.025,2023,1
MALABRIGO,2022 - II,24/01/2023,1603,20.5,0.226,0.007,2023,1
MALABRIGO,2022 - II,26/01/2023,3409,29.7,0.205,0.043,2023,1
MALABRIGO,2022 - II,27/01/2023,749,13,0.042,0,2023,1
MALABRIGO,2022 - II,28/01/2023,273,13.8,0.135,0,2023,1
MALABRIGO,2022 - II,29/01/2023,2185,16.6,0.086,0.005,2023,1
MALABRIGO,2022 - II,30/01/2023,3079,17.1,0.031,0.024,2023,1
MALABRIGO,2022 - II,31/01/2023,2625,29.7,0.228,0.016,2023,1
MALABRIGO,2022 - II,01/02/2023,2052,14.5,0.25,0.046,2023,2
MALABRIGO,2022 - II,02/02/2023,2391,20.2,0.203,0.031,2023,2
MALABRIGO,2022 - II,03/02/2023,1166,6.3,0.196,0.001,2023,2
MALABRIGO,2022 - II,04/02/2023,312,16,0.463,0.006,2023,2
MALABRIGO,2023 - I,03/06/2023,97,8.4,0.83,0,2023,6
MALABRIGO,2023 - I,04/06/2023,472,15.9,0.892,0,2023,6
MALABRIGO,2023 - I,05/06/2023,3558,25.2,0.903,0,2023,6
MALABRIGO,2023 - I,04/08/2023,484,8.9,0.696,0.004,2023,8
MALABRIGO,2023 - I,05/08/2023,1797,22.9,0.697,0,2023,8
MALABRIGO,2023 - I,06/08/2023,2226,24.5,0.797,0,2023,8
MALABRIGO,2023 - I,07/08/2023,3828,17,0.521,0,2023,8
MALABRIGO,2023 - I,08/08/2023,2892,24.7,0.484,0,2023,8
MALABRIGO,2023 - I,09/08/2023,1647,18.6,0.452,0,2023,8
MALABRIGO,2023 - I,11/08/2023,3120,24.4,0.813,0,2023,8
MALABRIGO,2023 - I,12/08/2023,2182,24.9,0.682,0,2023,8
MALABRIGO,2023 - II,21/10/2023,2309,13.4,0.328,0.007,2023,10
MALABRIGO,2023 - II,22/10/2023,660,10.1,0.034,0,2023,10
MALABRIGO,2023 - II,23/10/2023,1291,9.6,0.66,0,2023,10
MALABRIGO,2023 - II,24/10/2023,1153,30.1,0.205,0,2023,10
MALABRIGO,2023 - II,26/10/2023,2035,8.7,0.714,0.116,2023,10
MALABRIGO,2023 - II,27/10/2023,551,9,0.866,0.518,2023,10
MALABRIGO,2023 - II,01/11/2023,562,5.9,0.254,0.037,2023,11
MALABRIGO,2023 - II,02/11/2023,876,5.3,0.407,0.027,2023,11
MALABRIGO,2023 - II,03/11/2023,1974,9.1,0.458,0.027,2023,11
MALABRIGO,2023 - II,04/11/2023,1389,10.9,0.455,0.009,2023,11
MALABRIGO,2023 - II,05/11/2023,623,7.8,0.657,0.038,2023,11
MALABRIGO,2023 - II,06/11/2023,477,8.7,0.764,0.205,2023,11
MALABRIGO,2023 - II,08/11/2023,605,9.4,0.301,0.056,2023,11
MALABRIGO,2023 - II,09/11/2023,107,7,0.431,0.019,2023,11
MALABRIGO,2023 - II,10/11/2023,579,9,0.52,0.216,2023,11
MALABRIGO,2023 - II,11/11/2023,367,7.7,0.538,0.006,2023,11
MALABRIGO,2023 - II,12/11/2023,1358,6.1,0.606,0.039,2023,11
MALABRIGO,2023 - II,13/11/2023,1622,21.6,0.278,0.009,2023,11
MALABRIGO,2023 - II,14/11/2023,478,10.2,0.664,0.057,2023,11
MALABRIGO,2023 - II,15/11/2023,373,4.7,0.67,0.011,2023,11
MALABRIGO,2023 - II,16/11/2023,95,6.2,0.683,0.006,2023,11
MALABRIGO,2023 - II,18/11/2023,843,6.7,0.594,0.178,2023,11
MALABRIGO,2023 - II,19/11/2023,399,6.8,0.704,0.038,2023,11
MALABRIGO,2023 - II,20/11/2023,341,9,0.641,0.037,2023,11
MALABRIGO,2023 - II,21/11/2023,46,8,0.586,0.007,2023,11
MALABRIGO,2023 - II,24/11/2023,455,6.5,0.591,0.056,2023,11
MALABRIGO,2023 - II,25/11/2023,1571,9.7,0.592,0.154,2023,11
MALABRIGO,2023 - II,26/11/2023,203,9.7,0.39,0.052,2023,11
MALABRIGO,2023 - II,28/11/2023,98,8.4,0.329,0.059,2023,11
MALABRIGO,2023 - II,03/12/2023,66,11.7,0.667,0.047,2023,12
MALABRIGO,2023 - II,04/12/2023,381,5.1,0.673,0.058,2023,12
MALABRIGO,2024 - I,16/04/2024,2710,14.4,0.325,0.002,2024,4
MALABRIGO,2024 - I,17/04/2024,3438,17.5,0.441,0,2024,4
MALABRIGO,2024 - I,18/04/2024,2051,13.6,0.516,0.002,2024,4
MALABRIGO,2024 - I,19/04/2024,3296,14.9,0.657,0.002,2024,4
MALABRIGO,2024 - I,20/04/2024,3361,13.3,0.246,0.001,2024,4
MALABRIGO,2024 - I,21/04/2024,3364,13.9,0.599,0,2024,4
MALABRIGO,2024 - I,22/04/2024,2413,21,0.314,0,2024,4
MALABRIGO,2024 - I,23/04/2024,3233,16.9,0.342,0,2024,4
MALABRIGO,2024 - I,24/04/2024,3679,20.4,0.307,0.007,2024,4
MALABRIGO,2024 - I,25/04/2024,2145,16.2,0.307,0.01,2024,4
MALABRIGO,2024 - I,26/04/2024,2499,16.3,0.156,0.004,2024,4
MALABRIGO,2024 - I,27/04/2024,2373,14,0.11,0.007,2024,4
MALABRIGO,2024 - I,28/04/2024,2803,21.6,0.276,0.004,2024,4
MALABRIGO,2024 - I,29/04/2024,1241,15,0.313,0.007,2024,4
MALABRIGO,2024 - I,30/04/2024,1042,8.5,0.717,0.017,2024,4
MALABRIGO,2024 - I,01/05/2024,2324,13.2,0.326,0.01,2024,5
MALABRIGO,2024 - I,02/05/2024,1065,6.7,0.64,0.006,2024,5
MALABRIGO,2024 - I,03/05/2024,2482,11.8,0.261,0.007,2024,5
MALABRIGO,2024 - I,04/05/2024,1592,8.4,0.522,0.004,2024,5
MALABRIGO,2024 - I,05/05/2024,3580,13.8,0.066,0.005,2024,5
MALABRIGO,2024 - I,06/05/2024,3699,13.5,0.109,0.007,2024,5
MALABRIGO,2024 - I,07/05/2024,2930,14.9,0.064,0.003,2024,5
MALABRIGO,2024 - I,08/05/2024,867,8.7,0.19,0,2024,5
MALABRIGO,2024 - I,09/05/2024,3450,13.5,0.219,0.017,2024,5
MALABRIGO,2024 - I,10/05/2024,3531,15.5,0.14,0.004,2024,5
MALABRIGO,2024 - I,11/05/2024,3406,11.9,0.2,0.001,2024,5
MALABRIGO,2024 - I,12/05/2024,3279,11.4,0.264,0.007,2024,5
MALABRIGO,2024 - I,13/05/2024,3529,20.5,0.155,0.003,2024,5
MALABRIGO,2024 - I,14/05/2024,3457,11.4,0.06,0,2024,5
MALABRIGO,2024 - I,15/05/2024,2398,20.6,0.07,0.001,2024,5
MALABRIGO,2024 - I,16/05/2024,3308,12.3,0.126,0.005,2024,5
MALABRIGO,2024 - I,17/05/2024,3686,12.8,0.048,0.003,2024,5
MALABRIGO,2024 - I,18/05/2024,3736,15.2,0.088,0.006,2024,5
MALABRIGO,2024 - I,19/05/2024,3202,15.6,0.057,0.003,2024,5
MALABRIGO,2024 - I,21/05/2024,3625,25.5,0.053,0.009,2024,5
MALABRIGO,2024 - I,22/05/2024,2540,22.9,0.018,0.001,2024,5
MALABRIGO,2024 - I,23/05/2024,849,28.7,0.037,0.008,2024,5
MALABRIGO,2024 - I,24/05/2024,5538,26.4,0.02,0.057,2024,5
MALABRIGO,2024 - I,25/05/2024,2470,19.9,0.033,0.004,2024,5
MALABRIGO,2024 - I,27/05/2024,2541,20.6,0.124,0.006,2024,5
MALABRIGO,2024 - I,28/05/2024,2961,20.2,0.088,0.001,2024,5
MALABRIGO,2024 - I,29/05/2024,2600,17.2,0.322,0.027,2024,5
MALABRIGO,2024 - I,30/05/2024,2406,20.2,0.226,0.016,2024,5
MALABRIGO,2024 - I,31/05/2024,1954,18.1,0.248,0.046,2024,5
MALABRIGO,2024 - I,01/06/2024,2485,14.6,0.055,0.057,2024,6
MALABRIGO,2024 - I,02/06/2024,1516,18.1,0.111,0.009,2024,6
MALABRIGO,2024 - I,03/06/2024,3531,18.1,0.07,0.005,2024,6
MALABRIGO,2024 - II,01/11/2024,251,5.1,0,0.006,2024,11
MALABRIGO,2024 - II,02/11/2024,2687,10.5,0,0.028,2024,11
MALABRIGO,2024 - II,03/11/2024,578,9.7,0.002,0,2024,11
MALABRIGO,2024 - II,04/11/2024,1868,11,0.001,0.076,2024,11
MALABRIGO,2024 - II,05/11/2024,1365,12.1,0,0,2024,11
MALABRIGO,2024 - II,06/11/2024,1695,14.7,0,0,2024,11
MALABRIGO,2024 - II,07/11/2024,1009,12.2,0,0,2024,11
MALABRIGO,2024 - II,08/11/2024,2773,13.2,0,0,2024,11
MALABRIGO,2024 - II,09/11/2024,2536,13.4,0,0.015,2024,11
MALABRIGO,2024 - II,10/11/2024,1204,11.5,0,0,2024,11
MALABRIGO,2024 - II,11/11/2024,539,10,0.002,0,2024,11
MALABRIGO,2024 - II,12/11/2024,493,9.2,0,0,2024,11
MALABRIGO,2024 - II,19/11/2024,359,8.5,0,0.025,2024,11
MALABRIGO,2024 - II,20/11/2024,467,13.2,0,0.007,2024,11
MALABRIGO,2024 - II,21/11/2024,2084,13,0,0.047,2024,11
MALABRIGO,2024 - II,22/11/2024,1898,14.2,0.222,0.216,2024,11
MALABRIGO,2024 - II,23/11/2024,1623,20.9,0.15,0.183,2024,11
MALABRIGO,2024 - II,24/11/2024,496,24.6,0.217,0,2024,11
MALABRIGO,2024 - II,25/11/2024,274,16.2,0.403,0,2024,11
MALABRIGO,2024 - II,27/11/2024,757,16,0.084,0.032,2024,11
MALABRIGO,2024 - II,28/11/2024,464,8.6,0,0,2024,11
MALABRIGO,2024 - II,29/11/2024,1531,20.6,0.102,0.126,2024,11
MALABRIGO,2024 - II,30/11/2024,1795,10.7,0.118,0.03,2024,11
MALABRIGO,2024 - II,01/12/2024,2787,10.9,0.062,0.214,2024,12
MALABRIGO,2024 - II,02/12/2024,3875,13.3,0.019,0.099,2024,12
MALABRIGO,2024 - II,03/12/2024,1991,11,0.047,0.03,2024,12
MALABRIGO,2024 - II,04/12/2024,2283,10.5,0.013,0.176,2024,12
MALABRIGO,2024 - II,05/12/2024,3360,15.3,0.074,0.075,2024,12
MALABRIGO,2024 - II,06/12/2024,2862,12.4,0.002,0.133,2024,12
MALABRIGO,2024 - II,07/12/2024,3186,16.9,0.005,0.068,2024,12
MALABRIGO,2024 - II,08/12/2024,2816,13.1,0.025,0.03,2024,12
MALABRIGO,2024 - II,09/12/2024,3675,12.7,0,0,2024,12
MALABRIGO,2024 - II,10/12/2024,1792,9.6,0.003,0,2024,12
MALABRIGO,2024 - II,11/12/2024,2361,15.1,0.044,0,2024,12
MALABRIGO,2024 - II,12/12/2024,1808,9.2,0.285,0.131,2024,12
MALABRIGO,2024 - II,13/12/2024,3772,16.6,0,0.096,2024,12
MALABRIGO,2024 - II,14/12/2024,2903,14.9,0,0.017,2024,12
MALABRIGO,2024 - II,15/12/2024,3038,14.2,0.078,0,2024,12
MALABRIGO,2024 - II,16/12/2024,3114,13.4,0.038,0,2024,12
MALABRIGO,2024 - II,17/12/2024,1314,13.5,0.241,0.009,2024,12
MALABRIGO,2024 - II,18/12/2024,1032,8,0.12,0.055,2024,12
MALABRIGO,2024 - II,19/12/2024,1053,13.6,0.01,0.145,2024,12
MALABRIGO,2024 - II,20/12/2024,1797,15.6,0.015,0.239,2024,12
MALABRIGO,2024 - II,30/12/2024,1537,9.4,0.51,0.213,2024,12
MALABRIGO,2024 - II,31/12/2024,3696,12,0.289,0.071,2024,12
MALABRIGO,2024 - II,01/01/2025,2846,11.9,0.085,0.165,2025,1
MALABRIGO,2024 - II,02/01/2025,2122,11.1,0.589,0.026,2025,1
MALABRIGO,2024 - II,03/01/2025,404,12.6,0.016,0.632,2025,1
MALABRIGO,2024 - II,04/01/2025,45,10.5,0.98,0,2025,1
MALABRIGO,2024 - II,09/01/2025,591,12.2,0.057,0.144,2025,1
MALABRIGO,2024 - II,10/01/2025,330,9.9,0.031,0.136,2025,1
MALABRIGO,2024 - II,11/01/2025,937,10.6,0.644,0.03,2025,1
MALABRIGO,2024 - II,12/01/2025,999,14.5,0.226,0.157,2025,1
MALABRIGO,2024 - II,13/01/2025,1521,12.9,0.475,0.227,2025,1
MALABRIGO,2024 - II,14/01/2025,664,12.1,0.154,0.282,2025,1
MALABRIGO,2024 - II,15/01/2025,2192,14,0.015,0.045,2025,1
MALABRIGO,2024 - II,16/01/2025,2089,25.8,0.121,0.092,2025,1
MALABRIGO,2024 - II,17/01/2025,2047,14,0.458,0.108,2025,1
MALABRIGO,2024 - II,18/01/2025,320,18.2,0.622,0.055,2025,1
MALABRIGO,2025 - I,23/04/2025,279,9.7,0.578,0.063,2025,4
MALABRIGO,2025 - I,24/04/2025,1149,10.1,0.694,0.054,2025,4
MALABRIGO,2025 - I,25/04/2025,858,13.4,0.256,0.113,2025,4
MALABRIGO,2025 - I,26/04/2025,215,7.8,0.741,0.032,2025,4
MALABRIGO,2025 - I,28/04/2025,60,4.7,0.679,0.063,2025,4
MALABRIGO,2025 - I,29/04/2025,2836,16.2,0.267,0.004,2025,4
MALABRIGO,2025 - I,30/04/2025,2410,9,0.685,0.036,2025,4
MALABRIGO,2025 - I,01/05/2025,1459,9.7,0.513,0.009,2025,5
MALABRIGO,2025 - I,02/05/2025,926,10.6,0.585,0.023,2025,5
MALABRIGO,2025 - I,03/05/2025,1377,13.5,0.391,0.018,2025,5
MALABRIGO,2025 - I,04/05/2025,3255,19.7,0.217,0.017,2025,5
MALABRIGO,2025 - I,05/05/2025,395,6.4,0.485,0.018,2025,5
MALABRIGO,2025 - I,06/05/2025,1540,14.5,0.424,0.023,2025,5
MALABRIGO,2025 - I,07/05/2025,1333,12,0.391,0.015,2025,5
MALABRIGO,2025 - I,09/05/2025,2733,17.9,0.169,0,2025,5
MALABRIGO,2025 - I,11/05/2025,2162,26,0.295,0,2025,5
MALABRIGO,2025 - I,12/05/2025,2835,20.4,0.395,0.006,2025,5
MALABRIGO,2025 - I,17/05/2025,781,17,0.426,0.091,2025,5
MALABRIGO,2025 - I,18/05/2025,1377,23,0.065,0.267,2025,5
MALABRIGO,2025 - I,04/07/2025,961,20.1,0.716,0.003,2025,7
MALABRIGO,2025 - I,05/07/2025,1587,19.1,0.656,0.003,2025,7
MALABRIGO,2025 - I,06/07/2025,869,22.6,0.698,0,2025,7
MALABRIGO,2025 - I,07/07/2025,510,19.8,0.642,0.001,2025,7
MALABRIGO,2025 - I,08/07/2025,892,22.5,0.431,0.029,2025,7
MALABRIGO,2025 - I,09/07/2025,1041,18.2,0.705,0.031,2025,7
MALABRIGO,2025 - I,10/07/2025,803,24.9,0.793,0.003,2025,7
MALABRIGO,2025 - I,11/07/2025,639,14.6,0.105,0,2025,7
MALABRIGO,2025 - I,12/07/2025,382,31.8,0.273,0.002,2025,7
MALABRIGO,2025 - I,13/07/2025,973,25,0.672,0.009,2025,7
MALABRIGO,2025 - I,14/07/2025,545,19.1,0.876,0.019,2025,7
MALABRIGO,2025 - I,15/07/2025,930,26.6,0.637,0,2025,7
MALABRIGO,2025 - I,16/07/2025,140,22.8,0.848,0.021,2025,7
MALABRIGO,2025 - I,17/07/2025,573,14.8,0.808,0.079,2025,7
MALABRIGO,2025 - I,18/07/2025,211,19.4,0.915,0.044,2025,7
MALABRIGO,2025 - I,19/07/2025,1465,19.6,0.558,0.004,2025,7
MALABRIGO,2025 - I,20/07/2025,3604,27.2,0.714,0.031,2025,7
MALABRIGO,2025 - I,21/07/2025,2606,24.7,0.701,0.037,2025,7
MALABRIGO,2025 - I,22/07/2025,2616,26.5,0.759,0.032,2025,7
MALABRIGO,2025 - I,23/07/2025,4258,29.2,0.795,0.028,2025,7
MALABRIGO,2025 - II,07/11/2025,2235,12.3,0.291,0.001,2025,11
MALABRIGO,2025 - II,08/11/2025,5407,20,0.284,0,2025,11
MALABRIGO,2025 - II,10/11/2025,2968,13.1,0.31,0,2025,11
MALABRIGO,2025 - II,11/11/2025,3576,19.4,0.337,0,2025,11
MALABRIGO,2025 - II,13/11/2025,2525,12.5,0.365,0,2025,11
MALABRIGO,2025 - II,14/11/2025,3294,14.9,0.416,0,2025,11
MALABRIGO,2025 - II,15/11/2025,2803,12.7,0.482,0,2025,11
MALABRIGO,2025 - II,16/11/2025,3262,18.2,0.635,0,2025,11
MALABRIGO,2025 - II,17/11/2025,2904,27.7,0.696,0,2025,11
MALABRIGO,2025 - II,18/11/2025,2371,13.1,0.229,0,2025,11
MALABRIGO,2025 - II,19/11/2025,3832,17.1,0.091,0,2025,11
MALABRIGO,2025 - II,20/11/2025,3358,13.8,0.107,0.012,2025,11
MALABRIGO,2025 - II,21/11/2025,2811,20.9,0.101,0.004,2025,11
MALABRIGO,2025 - II,22/11/2025,2502,20.2,0.288,0,2025,11
MALABRIGO,2025 - II,23/11/2025,3429,19.1,0.404,0,2025,11
MALABRIGO,2025 - II,24/11/2025,3512,25.1,0.697,0,2025,11
MALABRIGO,2025 - II,25/11/2025,1355,33.9,0.595,0,2025,11
MALABRIGO,2025 - II,26/11/2025,1034,12,0.081,0.013,2025,11
MALABRIGO,2025 - II,27/11/2025,664,12.4,0.091,0.148,2025,11
MALABRIGO,2025 - II,28/11/2025,2232,13.7,0.569,0.035,2025,11
MALABRIGO,2025 - II,29/11/2025,73,4.9,0.48,0,2025,11
MALABRIGO,2025 - II,30/11/2025,51,7.3,0.057,0,2025,11
MALABRIGO,2025 - II,01/12/2025,34,5.7,0.051,0,2025,12
MALABRIGO,2025 - II,02/12/2025,99,7.1,0.006,0,2025,12
MALABRIGO,2025 - II,04/12/2025,686,30.4,0,0,2025,12
MALABRIGO,2025 - II,05/12/2025,262,7.7,0.135,0,2025,12
MALABRIGO,2025 - II,10/12/2025,3707,12.4,0.114,0.001,2025,12
MALABRIGO,2025 - II,11/12/2025,4224,13.5,0.159,0.004,2025,12
MALABRIGO,2025 - II,12/12/2025,2925,18.1,0.265,0.026,2025,12
MALABRIGO,2025 - II,13/12/2025,3250,20.4,0.11,0.057,2025,12
MALABRIGO,2025 - II,14/12/2025,274,11.3,0.313,0.36,2025,12
MALABRIGO,2025 - II,15/12/2025,93,8.6,0.307,0.031,2025,12
MALABRIGO,2025 - II,27/12/2025,1746,10.9,0.053,0,2025,12
MALABRIGO,2025 - II,28/12/2025,2077,12.5,0.032,0.023,2025,12
MALABRIGO,2025 - II,29/12/2025,2235,12.1,0.023,0.039,2025,12
MALABRIGO,2025 - II,30/12/2025,3108,13.5,0.08,0.002,2025,12
MALABRIGO,2025 - II,31/12/2025,3773,16.6,0.326,0,2025,12
MALABRIGO,2025 - II,01/01/2026,2912,15.3,0.249,0.004,2026,1
MALABRIGO,2025 - II,02/01/2026,3661,15.5,0.146,0.032,2026,1
MALABRIGO,2025 - II,03/01/2026,2935,19.8,0.179,0.016,2026,1
MALABRIGO,2025 - II,04/01/2026,1732,23.4,0.114,0.017,2026,1
MALABRIGO,2025 - II,05/01/2026,1777,12.7,0.132,0.099,2026,1
MALABRIGO,2025 - II,06/01/2026,509,12.7,0.108,0.031,2026,1
MALABRIGO,2025 - II,07/01/2026,600,11.1,0.11,0.03,2026,1
MALABRIGO,2026 - I,09/04/2026,148,6.9,0.891,0.003,2026,4
MALABRIGO,2026 - I,10/04/2026,815,5.1,0.722,0.003,2026,4
MALABRIGO,2026 - I,11/04/2026,806,6.4,0.582,0.003,2026,4
MALABRIGO,2026 - I,12/04/2026,1705,7.8,0.727,0.004,2026,4
MALABRIGO,2026 - I,13/04/2026,1453,8.6,0.81,0.023,2026,4
MALABRIGO,2026 - I,14/04/2026,643,8.2,0.357,0.003,2026,4
MALABRIGO,2026 - I,17/04/2026,2024,11.6,0.823,0.05,2026,4
MALABRIGO,2026 - I,18/04/2026,2193,11.4,0.829,0.136,2026,4
MALABRIGO,2026 - I,19/04/2026,3974,14.4,0.715,0.008,2026,4
MALABRIGO,2026 - I,20/04/2026,1344,8.1,0.488,0.003,2026,4
MALABRIGO,2026 - I,21/04/2026,2151,10.4,0.502,0,2026,4
MALABRIGO,2026 - I,22/04/2026,22,10.2,0.875,0,2026,4
MALABRIGO,2026 - I,24/04/2026,85,16.1,0.885,0,2026,4
MALABRIGO,2026 - I,07/05/2026,443,7.2,0.756,0.001,2026,5
MALABRIGO,2026 - I,08/05/2026,380,9.9,0.788,0.001,2026,5
MALABRIGO,2026 - I,09/05/2026,90,4.7,0.963,0.041,2026,5
P. SUR,2020 - II,12/11/2020,789,14.2,0.16,0.054,2020,11
P. SUR,2020 - II,13/11/2020,2282,17.7,0.162,0.001,2020,11
P. SUR,2020 - II,14/11/2020,1497,13.9,0.128,0.002,2020,11
P. SUR,2020 - II,15/11/2020,1579,18.2,0.126,0,2020,11
P. SUR,2020 - II,16/11/2020,2086,25.9,0.359,0.044,2020,11
P. SUR,2020 - II,17/11/2020,1159,22.8,0.072,0.015,2020,11
P. SUR,2020 - II,19/11/2020,794,15.5,0.13,0.033,2020,11
P. SUR,2020 - II,20/11/2020,1068,12.8,0.194,0.019,2020,11
P. SUR,2020 - II,21/11/2020,512,14.5,0.159,0.047,2020,11
P. SUR,2020 - II,22/11/2020,1561,21.1,0.094,0.002,2020,11
P. SUR,2020 - II,23/11/2020,709,21.7,0.231,0.082,2020,11
P. SUR,2020 - II,25/11/2020,967,15.6,0.143,0.025,2020,11
P. SUR,2020 - II,26/11/2020,493,11.4,0.107,0.123,2020,11
P. SUR,2020 - II,27/11/2020,1862,20.3,0.216,0.053,2020,11
P. SUR,2020 - II,28/11/2020,1096,14.2,0.047,0,2020,11
P. SUR,2020 - II,29/11/2020,169,25.8,0,0,2020,11
P. SUR,2020 - II,30/11/2020,225,14.8,0.096,0,2020,11
P. SUR,2020 - II,01/12/2020,618,19.6,0.12,0,2020,12
P. SUR,2020 - II,02/12/2020,52,12.2,0,0,2020,12
P. SUR,2020 - II,03/12/2020,1776,16.5,0.078,0.009,2020,12
P. SUR,2020 - II,04/12/2020,116,11.6,0.122,0.012,2020,12
P. SUR,2020 - II,05/12/2020,274,11.8,0.076,0.021,2020,12
P. SUR,2020 - II,06/12/2020,694,16.3,0.163,0.017,2020,12
P. SUR,2020 - II,11/12/2020,1047,16.1,0.137,0.089,2020,12
P. SUR,2020 - II,12/12/2020,463,14.5,0.235,0.07,2020,12
P. SUR,2020 - II,13/12/2020,562,13.5,0.194,0.066,2020,12
P. SUR,2020 - II,14/12/2020,436,12.9,0.306,0.168,2020,12
P. SUR,2021 - I,26/04/2021,876,12.8,0.555,0,2021,4
P. SUR,2021 - I,27/04/2021,2465,18,0.229,0,2021,4
P. SUR,2021 - I,28/04/2021,2395,14.5,0.143,0.013,2021,4
P. SUR,2021 - I,29/04/2021,2217,15.5,0.186,0,2021,4
P. SUR,2021 - I,30/04/2021,1627,15.2,0.567,0.014,2021,4
P. SUR,2021 - I,01/05/2021,1707,16.3,0.682,0,2021,5
P. SUR,2021 - I,02/05/2021,1565,14.4,0.311,0,2021,5
P. SUR,2021 - I,03/05/2021,2033,20.8,0.383,0.011,2021,5
P. SUR,2021 - I,05/05/2021,1081,26.1,0.72,0.027,2021,5
P. SUR,2021 - I,06/05/2021,771,26.8,0.429,0,2021,5
P. SUR,2021 - I,07/05/2021,1487,16,0.271,0,2021,5
P. SUR,2021 - I,09/05/2021,1689,20.1,0.524,0,2021,5
P. SUR,2021 - I,10/05/2021,747,11.8,0.75,0.096,2021,5
P. SUR,2021 - I,12/05/2021,1106,23.5,0.182,0,2021,5
P. SUR,2021 - I,13/05/2021,700,15.3,0.217,0,2021,5
P. SUR,2021 - I,14/05/2021,1402,21.1,0.218,0,2021,5
P. SUR,2021 - I,16/05/2021,680,18.9,0.288,0,2021,5
P. SUR,2021 - I,27/05/2021,221,10.7,0.065,0,2021,5
P. SUR,2021 - I,05/06/2021,969,27.4,0.172,0,2021,6
P. SUR,2021 - I,06/06/2021,759,17.3,0.172,0,2021,6
P. SUR,2021 - I,07/06/2021,838,19.3,0.215,0,2021,6
P. SUR,2021 - I,08/06/2021,1719,19.3,0.231,0,2021,6
P. SUR,2021 - I,09/06/2021,2194,27.5,0.223,0,2021,6
P. SUR,2021 - I,14/06/2021,517,10.6,0.444,0,2021,6
P. SUR,2021 - II,15/11/2021,2418,15,0.263,0.024,2021,11
P. SUR,2021 - II,16/11/2021,1856,16.7,0.109,0,2021,11
P. SUR,2021 - II,17/11/2021,1642,13.4,0.255,0,2021,11
P. SUR,2021 - II,18/11/2021,2553,12.9,0.103,0.012,2021,11
P. SUR,2021 - II,19/11/2021,486,14.8,0.065,0,2021,11
P. SUR,2021 - II,20/11/2021,1165,15.3,0.645,0.017,2021,11
P. SUR,2021 - II,21/11/2021,2149,18.2,0.444,0.004,2021,11
P. SUR,2021 - II,29/11/2021,1134,24.1,0.055,0.021,2021,11
P. SUR,2021 - II,30/11/2021,640,19.7,0.036,0,2021,11
P. SUR,2021 - II,06/12/2021,2388,26,0.041,0.07,2021,12
P. SUR,2021 - II,07/12/2021,979,22.6,0.058,0.086,2021,12
P. SUR,2021 - II,08/12/2021,2448,29.5,0.274,0.024,2021,12
P. SUR,2021 - II,09/12/2021,1176,16.2,0.453,0.019,2021,12
P. SUR,2021 - II,10/12/2021,2226,19.7,0.466,0.001,2021,12
P. SUR,2021 - II,11/12/2021,1718,12.9,0.451,0,2021,12
P. SUR,2021 - II,12/12/2021,1683,14.9,0.559,0.003,2021,12
P. SUR,2021 - II,13/12/2021,1418,22.7,0.608,0.002,2021,12
P. SUR,2021 - II,14/12/2021,2413,16.4,0.053,0.013,2021,12
P. SUR,2021 - II,15/12/2021,1439,13.5,0.226,0.018,2021,12
P. SUR,2021 - II,16/12/2021,1709,24.6,0.32,0.023,2021,12
P. SUR,2021 - II,17/12/2021,1022,15.8,0.12,0,2021,12
P. SUR,2021 - II,18/12/2021,2177,14.7,0.171,0.011,2021,12
P. SUR,2021 - II,19/12/2021,1925,14.5,0.118,0.02,2021,12
P. SUR,2021 - II,20/12/2021,1056,20.5,0.259,0,2021,12
P. SUR,2021 - II,21/12/2021,1183,25.9,0.356,0.005,2021,12
P. SUR,2021 - II,22/12/2021,1396,11.2,0.189,0.014,2021,12
P. SUR,2021 - II,23/12/2021,2287,21.1,0.3,0.003,2021,12
P. SUR,2021 - II,25/12/2021,2030,16.3,0.245,0.012,2021,12
P. SUR,2021 - II,26/12/2021,753,13.1,0.105,0.004,2021,12
P. SUR,2021 - II,27/12/2021,458,25.4,0.381,0.017,2021,12
P. SUR,2022 - I,04/05/2022,39,5.5,0.089,0,2022,5
P. SUR,2022 - I,05/05/2022,1766,17,0.289,0,2022,5
P. SUR,2022 - I,06/05/2022,2204,16.5,0.215,0.004,2022,5
P. SUR,2022 - I,07/05/2022,2638,16.2,0.076,0.004,2022,5
P. SUR,2022 - I,08/05/2022,277,13.9,0.001,0,2022,5
P. SUR,2022 - I,10/05/2022,1816,9.2,0.286,0,2022,5
P. SUR,2022 - I,11/05/2022,2732,14.6,0.032,0.002,2022,5
P. SUR,2022 - I,12/05/2022,1085,14.1,0.06,0,2022,5
P. SUR,2022 - I,13/05/2022,1580,27.9,0.122,0.029,2022,5
P. SUR,2022 - I,14/05/2022,2444,18.4,0.179,0,2022,5
P. SUR,2022 - I,15/05/2022,1320,18.8,0.166,0.004,2022,5
P. SUR,2022 - I,16/05/2022,484,12.8,0.152,0,2022,5
P. SUR,2022 - I,17/05/2022,1960,22.8,0.287,0.004,2022,5
P. SUR,2022 - I,18/05/2022,1703,16.6,0.129,0,2022,5
P. SUR,2022 - I,19/05/2022,2352,21,0.07,0,2022,5
P. SUR,2022 - I,20/05/2022,218,9.5,0.036,0.004,2022,5
P. SUR,2022 - I,21/05/2022,808,10.9,0.042,0.025,2022,5
P. SUR,2022 - I,22/05/2022,328,6.5,0.06,0.001,2022,5
P. SUR,2022 - I,23/05/2022,939,15.4,0.061,0,2022,5
P. SUR,2022 - I,24/05/2022,335,18.5,0.044,0,2022,5
P. SUR,2022 - I,25/05/2022,1433,13,0.098,0,2022,5
P. SUR,2022 - I,26/05/2022,2073,15.7,0.051,0,2022,5
P. SUR,2022 - I,27/05/2022,399,15.1,0.11,0,2022,5
P. SUR,2022 - I,28/05/2022,2316,16.2,0.15,0,2022,5
P. SUR,2022 - I,29/05/2022,1482,16.5,0.215,0.001,2022,5
P. SUR,2022 - I,30/05/2022,1113,17.5,0.495,0,2022,5
P. SUR,2022 - I,31/05/2022,656,12.8,0.25,0,2022,5
P. SUR,2022 - I,01/06/2022,592,13.3,0.147,0.001,2022,6
P. SUR,2022 - I,02/06/2022,329,16.9,0.552,0,2022,6
P. SUR,2022 - I,07/06/2022,1059,11.9,0.439,0,2022,6
P. SUR,2022 - I,08/06/2022,1774,12.7,0.572,0.008,2022,6
P. SUR,2022 - II,23/11/2022,1439,17.7,0.187,0,2022,11
P. SUR,2022 - II,25/11/2022,1262,11.8,0.115,0,2022,11
P. SUR,2022 - II,26/11/2022,1098,10.7,0.014,0.001,2022,11
P. SUR,2022 - II,27/11/2022,781,9.8,0.22,0.001,2022,11
P. SUR,2022 - II,30/11/2022,891,15,0.049,0.009,2022,11
P. SUR,2022 - II,07/12/2022,93,8.8,0.504,0.082,2022,12
P. SUR,2022 - II,08/12/2022,1522,10.9,0.063,0.06,2022,12
P. SUR,2022 - II,09/12/2022,68,6.9,0.082,0,2022,12
P. SUR,2022 - II,12/12/2022,1092,12.5,0.117,0.018,2022,12
P. SUR,2022 - II,15/12/2022,181,10,0.18,0.041,2022,12
P. SUR,2022 - II,16/12/2022,320,10.8,0.201,0.054,2022,12
P. SUR,2022 - II,17/12/2022,326,10,0.069,0.013,2022,12
P. SUR,2022 - II,18/12/2022,1027,8.2,0.305,0.003,2022,12
P. SUR,2022 - II,19/12/2022,113,11,0.159,0,2022,12
P. SUR,2022 - II,20/12/2022,413,6.7,0.288,0,2022,12
P. SUR,2022 - II,02/01/2023,1046,13.2,0.417,0,2023,1
P. SUR,2022 - II,04/01/2023,341,7.7,0.097,0,2023,1
P. SUR,2022 - II,05/01/2023,192,9.4,0.04,0,2023,1
P. SUR,2022 - II,06/01/2023,2040,16.8,0.229,0,2023,1
P. SUR,2022 - II,07/01/2023,2331,12.7,0.213,0,2023,1
P. SUR,2022 - II,08/01/2023,1978,13.1,0.604,0.059,2023,1
P. SUR,2022 - II,09/01/2023,2555,13.5,0.566,0.014,2023,1
P. SUR,2022 - II,11/01/2023,638,16.6,0.459,0.038,2023,1
P. SUR,2022 - II,12/01/2023,270,9.9,0.545,0.013,2023,1
P. SUR,2022 - II,13/01/2023,409,9.7,0.598,0,2023,1
P. SUR,2022 - II,14/01/2023,471,16.4,0.185,0.043,2023,1
P. SUR,2022 - II,15/01/2023,224,12.3,0.763,0.03,2023,1
P. SUR,2022 - II,16/01/2023,325,11.4,0.413,0.006,2023,1
P. SUR,2023 - II,02/11/2023,630,19.4,0.075,0,2023,11
P. SUR,2023 - II,04/11/2023,1007,30.4,0.189,0,2023,11
P. SUR,2023 - II,09/11/2023,1067,35.9,0.135,0,2023,11
P. SUR,2023 - II,16/11/2023,280,8.2,0.922,0,2023,11
P. SUR,2023 - II,22/11/2023,647,8.5,0.614,0,2023,11
P. SUR,2023 - II,28/11/2023,1622,16.6,0.742,0,2023,11
P. SUR,2023 - II,29/11/2023,391,9.1,0.876,0,2023,11
P. SUR,2023 - II,30/11/2023,1327,15.6,0.861,0.029,2023,11
P. SUR,2023 - II,05/12/2023,2176,14.4,0.667,0,2023,12
P. SUR,2023 - II,11/12/2023,676,12.8,0.569,0.087,2023,12
P. SUR,2023 - II,12/12/2023,781,12.6,0.277,0.001,2023,12
P. SUR,2023 - II,16/12/2023,1140,7.9,0.58,0,2023,12
P. SUR,2023 - II,17/12/2023,1819,13,0.661,0,2023,12
P. SUR,2023 - II,18/12/2023,359,12.5,0.825,0.003,2023,12
P. SUR,2023 - II,29/12/2023,598,10.1,0.625,0,2023,12
P. SUR,2023 - II,30/12/2023,2153,14.2,0.834,0.002,2023,12
P. SUR,2023 - II,31/12/2023,639,11.9,0.745,0.006,2023,12
P. SUR,2023 - II,04/01/2024,1480,13.6,0.719,0.011,2024,1
P. SUR,2023 - II,09/01/2024,754,20.3,0.469,0.001,2024,1
P. SUR,2023 - II,10/01/2024,919,18,0.837,0,2024,1
P. SUR,2023 - II,11/01/2024,598,12.1,0.642,0,2024,1
P. SUR,2024 - I,18/04/2024,535,18.6,0.911,0,2024,4
P. SUR,2024 - I,19/04/2024,743,16.7,0.834,0.017,2024,4
P. SUR,2024 - I,20/04/2024,549,12.9,0.612,0.045,2024,4
P. SUR,2024 - I,21/04/2024,676,13,0.519,0.003,2024,4
P. SUR,2024 - I,22/04/2024,117,14.3,0.877,0.087,2024,4
P. SUR,2024 - I,26/04/2024,1296,11.4,0.945,0.025,2024,4
P. SUR,2024 - I,27/04/2024,961,10.5,0.869,0.06,2024,4
P. SUR,2024 - I,28/04/2024,1553,11.7,0.146,0.001,2024,4
P. SUR,2024 - I,29/04/2024,1935,14.8,0.35,0.01,2024,4
P. SUR,2024 - I,30/04/2024,1777,14.4,0.291,0.021,2024,4
P. SUR,2024 - I,01/05/2024,2093,13.8,0.247,0.009,2024,5
P. SUR,2024 - I,02/05/2024,1468,16.1,0.405,0.016,2024,5
P. SUR,2024 - I,03/05/2024,1725,16,0.287,0.011,2024,5
P. SUR,2024 - I,04/05/2024,1874,21.1,0.795,0.033,2024,5
P. SUR,2024 - I,05/05/2024,446,19.5,0.88,0.037,2024,5
P. SUR,2024 - I,07/05/2024,1770,15.3,0.764,0.048,2024,5
P. SUR,2024 - I,08/05/2024,1610,14.4,0.446,0.01,2024,5
P. SUR,2024 - I,09/05/2024,1768,12.5,0.763,0.009,2024,5
P. SUR,2024 - I,10/05/2024,1129,10.3,0.553,0.004,2024,5
P. SUR,2024 - I,11/05/2024,217,9.6,0.945,0.007,2024,5
P. SUR,2024 - I,16/05/2024,576,8.8,0.874,0.111,2024,5
P. SUR,2024 - I,17/05/2024,1908,10.5,0.833,0.008,2024,5
P. SUR,2024 - II,01/11/2024,749,10.2,0.465,0.005,2024,11
P. SUR,2024 - II,02/11/2024,1754,10.7,0.927,0.038,2024,11
P. SUR,2024 - II,03/11/2024,1179,12.2,0.487,0.024,2024,11
P. SUR,2024 - II,04/11/2024,1718,16,0.364,0.026,2024,11
P. SUR,2024 - II,12/11/2024,482,13.1,0.857,0.009,2024,11
P. SUR,2024 - II,13/11/2024,1078,22.6,0.121,0.007,2024,11
P. SUR,2024 - II,17/11/2024,701,34.7,0.351,0.023,2024,11
P. SUR,2024 - II,20/11/2024,1430,11.2,0.61,0.015,2024,11
P. SUR,2024 - II,21/11/2024,1125,14.6,0.744,0.038,2024,11
P. SUR,2024 - II,22/11/2024,1888,12.1,0.548,0.018,2024,11
P. SUR,2024 - II,23/11/2024,981,10.1,0.333,0.007,2024,11
P. SUR,2024 - II,24/11/2024,1664,12.1,0.374,0.037,2024,11
P. SUR,2024 - II,25/11/2024,1204,14.7,0.35,0.026,2024,11
P. SUR,2024 - II,27/11/2024,2684,11.8,0.222,0.004,2024,11
P. SUR,2024 - II,28/11/2024,1686,12.8,0.448,0.025,2024,11
P. SUR,2024 - II,29/11/2024,1706,14.8,0.563,0.049,2024,11
P. SUR,2024 - II,30/11/2024,864,13.2,0.21,0.027,2024,11
P. SUR,2024 - II,01/12/2024,2135,20.4,0.361,0.013,2024,12
P. SUR,2024 - II,02/12/2024,2178,14,0.563,0.031,2024,12
P. SUR,2024 - II,03/12/2024,1320,12,0.16,0.018,2024,12
P. SUR,2024 - II,04/12/2024,1519,18.9,0.393,0.007,2024,12
P. SUR,2024 - II,05/12/2024,678,8.6,0.417,0.043,2024,12
P. SUR,2024 - II,06/12/2024,504,11.5,0.331,0.018,2024,12
P. SUR,2024 - II,13/12/2024,1444,16.6,0.642,0.081,2024,12
P. SUR,2024 - II,02/01/2025,698,14.5,0.237,0.036,2025,1
P. SUR,2024 - II,03/01/2025,1268,10.6,0.387,0.003,2025,1
P. SUR,2024 - II,04/01/2025,2020,9.1,0.178,0.006,2025,1
P. SUR,2024 - II,19/01/2025,1986,13.4,0.599,0.052,2025,1
P. SUR,2024 - II,20/01/2025,2140,13.5,0.55,0.009,2025,1
P. SUR,2024 - II,21/01/2025,1753,22.1,0.331,0.008,2025,1
P. SUR,2024 - II,22/01/2025,208,14.4,0.524,0.002,2025,1
P. SUR,2025 - I,22/04/2025,389,7.8,0.465,0.037,2025,4
P. SUR,2025 - I,23/04/2025,2136,14.1,0.354,0.011,2025,4
P. SUR,2025 - I,24/04/2025,1725,14.3,0.386,0.024,2025,4
P. SUR,2025 - I,25/04/2025,1638,9.6,0.031,0.002,2025,4
P. SUR,2025 - I,26/04/2025,1643,16.6,0.217,0.094,2025,4
P. SUR,2025 - I,27/04/2025,1262,12.5,0.34,0.018,2025,4
P. SUR,2025 - I,28/04/2025,1946,15.2,0.498,0.077,2025,4
P. SUR,2025 - I,29/04/2025,1307,16.9,0.416,0.013,2025,4
P. SUR,2025 - I,30/04/2025,2998,16.7,0.375,0.074,2025,4
P. SUR,2025 - I,01/05/2025,1550,12.6,0.243,0,2025,5
P. SUR,2025 - I,02/05/2025,2120,19.9,0.299,0.151,2025,5
P. SUR,2025 - I,03/05/2025,1157,12.8,0.054,0.004,2025,5
P. SUR,2025 - I,04/05/2025,2008,14,0.516,0.123,2025,5
P. SUR,2025 - I,05/05/2025,2290,18.9,0.465,0.051,2025,5
P. SUR,2025 - I,06/05/2025,1911,14.3,0.572,0.017,2025,5
P. SUR,2025 - I,07/05/2025,1849,20.8,0.798,0.266,2025,5
P. SUR,2025 - I,08/05/2025,587,16.5,0.258,0.026,2025,5
P. SUR,2025 - I,09/05/2025,1687,12.7,0.571,0.133,2025,5
P. SUR,2025 - I,10/05/2025,2053,12.1,0.381,0.008,2025,5
P. SUR,2025 - I,11/05/2025,1088,9.7,0.459,0.117,2025,5
P. SUR,2025 - I,12/05/2025,2137,14.9,0.418,0.133,2025,5
P. SUR,2025 - I,13/05/2025,579,11.1,0.115,0.022,2025,5
P. SUR,2025 - I,14/05/2025,1088,12.4,0.416,0.004,2025,5
P. SUR,2025 - I,15/05/2025,397,16.1,0.197,0,2025,5
P. SUR,2025 - I,16/05/2025,1705,15.7,0.355,0.323,2025,5
P. SUR,2025 - I,17/05/2025,1870,12.4,0.277,0,2025,5
P. SUR,2025 - I,18/05/2025,2179,16.8,0.709,0.009,2025,5
P. SUR,2025 - I,19/05/2025,2155,13,0.244,0.053,2025,5
P. SUR,2025 - I,20/05/2025,2082,12.7,0.213,0,2025,5
P. SUR,2025 - I,21/05/2025,2342,16,0.24,0,2025,5
P. SUR,2025 - I,22/05/2025,808,17.5,0.255,0.017,2025,5
P. SUR,2025 - I,23/05/2025,3283,26.3,0.213,0.023,2025,5
P. SUR,2025 - I,24/05/2025,386,14.3,0.495,0,2025,5
P. SUR,2025 - I,25/05/2025,1038,17.9,0.434,0,2025,5
P. SUR,2025 - I,26/05/2025,2358,16.2,0.039,0,2025,5
P. SUR,2025 - I,27/05/2025,1088,10.7,0.192,0.001,2025,5
P. SUR,2025 - I,28/05/2025,1060,11,0.17,0,2025,5
P. SUR,2025 - I,30/05/2025,2275,16.3,0.035,0,2025,5
P. SUR,2025 - I,31/05/2025,2790,13,0.079,0,2025,5
P. SUR,2025 - I,01/06/2025,2586,15.3,0.207,0.041,2025,6
P. SUR,2025 - I,02/06/2025,2528,15.4,0.387,0.008,2025,6
P. SUR,2025 - I,03/06/2025,2479,18.7,0.202,0.009,2025,6
P. SUR,2025 - I,04/06/2025,2520,15.2,0.239,0.006,2025,6
P. SUR,2025 - I,05/06/2025,2102,12.3,0.158,0.001,2025,6
P. SUR,2025 - I,06/06/2025,899,18.9,0.31,0.008,2025,6
P. SUR,2025 - I,07/06/2025,1239,18.4,0.143,0.001,2025,6
P. SUR,2025 - I,08/06/2025,2166,27.8,0.271,0.082,2025,6
P. SUR,2025 - I,09/06/2025,759,19.4,0.273,0.045,2025,6
P. SUR,2025 - I,10/06/2025,1678,22.8,0.345,0.021,2025,6
P. SUR,2025 - I,11/06/2025,2343,35.9,0.599,0.006,2025,6
P. SUR,2025 - I,12/06/2025,1796,27.2,0.424,0.029,2025,6
P. SUR,2025 - I,13/06/2025,1722,27.9,0.542,0.004,2025,6
P. SUR,2025 - I,14/06/2025,1079,33.2,0.321,0.001,2025,6
P. SUR,2025 - I,16/06/2025,774,14.9,0.412,0.048,2025,6
P. SUR,2025 - I,17/06/2025,1802,17.7,0.368,0.006,2025,6
P. SUR,2025 - I,18/06/2025,450,10.4,0.279,0.017,2025,6
P. SUR,2025 - I,19/06/2025,1529,19.5,0.602,0.002,2025,6
P. SUR,2025 - I,20/06/2025,2553,18.3,0.621,0.03,2025,6
P. SUR,2025 - I,21/06/2025,1317,22.4,0.59,0.008,2025,6
P. SUR,2025 - I,22/06/2025,900,16.8,0.342,0.001,2025,6
P. SUR,2025 - I,23/06/2025,728,14.5,0.623,0.001,2025,6
P. SUR,2025 - I,24/06/2025,1763,20.3,0.603,0,2025,6
P. SUR,2025 - I,25/06/2025,2160,34.9,0.599,0,2025,6
P. SUR,2025 - I,26/06/2025,679,38.1,0.583,0,2025,6
P. SUR,2025 - I,01/07/2025,2497,13.6,0.794,0.174,2025,7
P. SUR,2025 - I,02/07/2025,2314,20.4,0.779,0.011,2025,7
P. SUR,2025 - I,03/07/2025,1905,25.3,0.381,0.037,2025,7
P. SUR,2025 - I,04/07/2025,1462,21.3,0.403,0,2025,7
P. SUR,2025 - I,05/07/2025,1599,26.1,0.314,0.043,2025,7
P. SUR,2025 - I,06/07/2025,915,17.9,0.705,0.004,2025,7
P. SUR,2025 - I,07/07/2025,789,19.6,0.774,0.005,2025,7
P. SUR,2025 - I,08/07/2025,2069,16.6,0.608,0,2025,7
P. SUR,2025 - I,09/07/2025,894,23,0.554,0.084,2025,7
P. SUR,2025 - I,10/07/2025,35,8.7,0.583,0,2025,7
P. SUR,2025 - I,11/07/2025,190,12.4,0.485,0.003,2025,7
P. SUR,2025 - II,07/11/2025,931,14.7,0.263,0.009,2025,11
P. SUR,2025 - II,08/11/2025,1210,16,0.736,0.015,2025,11
P. SUR,2025 - II,09/11/2025,2567,17.4,0.573,0.058,2025,11
P. SUR,2025 - II,10/11/2025,1557,33.8,0.617,0.035,2025,11
P. SUR,2025 - II,11/11/2025,1237,20.5,0.683,0.2,2025,11
P. SUR,2025 - II,12/11/2025,353,24.6,0.716,0.128,2025,11
P. SUR,2025 - II,13/11/2025,464,22.6,0.724,0.059,2025,11
P. SUR,2025 - II,14/11/2025,309,15.8,0.711,0.094,2025,11
P. SUR,2025 - II,03/12/2025,334,18.3,0.07,0.174,2025,12
P. SUR,2025 - II,04/12/2025,596,12.6,0.753,0.063,2025,12
P. SUR,2025 - II,07/12/2025,1136,15.1,0.734,0.046,2025,12
P. SUR,2025 - II,13/12/2025,1079,18.4,0.666,0.155,2025,12
P. SUR,2025 - II,14/12/2025,784,13.8,0.366,0.117,2025,12
P. SUR,2025 - II,15/12/2025,1626,14,0.401,0.018,2025,12
P. SUR,2025 - II,16/12/2025,2147,10,0.644,0.001,2025,12
P. SUR,2025 - II,17/12/2025,1451,12,0.489,0.033,2025,12
P. SUR,2025 - II,18/12/2025,70,23.1,0.281,0.275,2025,12
P. SUR,2025 - II,19/12/2025,783,15.5,0.672,0.019,2025,12
P. SUR,2025 - II,20/12/2025,1324,17.1,0.443,0.001,2025,12
P. SUR,2025 - II,21/12/2025,868,12.9,0.713,0.021,2025,12
P. SUR,2025 - II,22/12/2025,2298,18.6,0.63,0.174,2025,12
P. SUR,2025 - II,27/12/2025,984,13.7,0.683,0.039,2025,12
P. SUR,2025 - II,28/12/2025,167,11,0.678,0.076,2025,12
P. SUR,2025 - II,29/12/2025,1253,12.4,0.778,0.094,2025,12
P. SUR,2025 - II,30/12/2025,557,24,0.809,0.189,2025,12
P. SUR,2026 - I,09/04/2026,2546,17.6,0.286,0.026,2026,4
P. SUR,2026 - I,10/04/2026,1354,15.2,0.455,0.038,2026,4
P. SUR,2026 - I,11/04/2026,2285,13.3,0.551,0.029,2026,4
P. SUR,2026 - I,12/04/2026,2134,12.6,0.74,0.05,2026,4
P. SUR,2026 - I,13/04/2026,1441,17.2,0.64,0.096,2026,4
P. SUR,2026 - I,14/04/2026,702,12.3,0.439,0.054,2026,4
P. SUR,2026 - I,15/04/2026,1618,20.4,0.48,0.082,2026,4
P. SUR,2026 - I,16/04/2026,1729,22,0.355,0.056,2026,4
P. SUR,2026 - I,17/04/2026,1621,22.7,0.359,0.033,2026,4
P. SUR,2026 - I,18/04/2026,1239,27,0.801,0.07,2026,4
P. SUR,2026 - I,19/04/2026,2720,27,0.719,0.091,2026,4
P. SUR,2026 - I,22/04/2026,866,33.9,0.296,0,2026,4
P. SUR,2026 - I,23/04/2026,580,26.2,0.377,0.1,2026,4
P. SUR,2026 - I,24/04/2026,417,26.1,0.5,0.015,2026,4
SAMANCO,2020 - II,13/11/2020,390,16.3,0,0,2020,11
SAMANCO,2020 - II,22/11/2020,296,12.7,0.049,0,2020,11
SAMANCO,2020 - II,27/11/2020,509,33.9,0,0,2020,11
SAMANCO,2020 - II,28/11/2020,911,27.5,0,0,2020,11
SAMANCO,2020 - II,29/11/2020,1140,20.2,0.012,0,2020,11
SAMANCO,2020 - II,30/11/2020,778,18.4,0.021,0,2020,11
SAMANCO,2020 - II,01/12/2020,594,18.2,0,0,2020,12
SAMANCO,2020 - II,02/12/2020,720,19.3,0.021,0.003,2020,12
SAMANCO,2020 - II,03/12/2020,512,11.5,0.086,0,2020,12
SAMANCO,2020 - II,04/12/2020,817,12,0.021,0,2020,12
SAMANCO,2020 - II,05/12/2020,613,22.4,0.005,0.001,2020,12
SAMANCO,2020 - II,09/12/2020,1403,30.7,0,0,2020,12
SAMANCO,2020 - II,11/12/2020,983,25.4,0,0,2020,12
SAMANCO,2020 - II,12/12/2020,967,33.7,0.01,0.031,2020,12
SAMANCO,2020 - II,13/12/2020,938,31,0.005,0,2020,12
SAMANCO,2020 - II,14/12/2020,608,36.5,0.019,0,2020,12
SAMANCO,2020 - II,15/12/2020,1118,27.7,0,0,2020,12
SAMANCO,2020 - II,16/12/2020,1026,35.5,0,0.011,2020,12
SAMANCO,2020 - II,18/12/2020,1114,38.9,0,0,2020,12
SAMANCO,2020 - II,19/12/2020,1225,37.3,0,0,2020,12
SAMANCO,2020 - II,20/12/2020,651,30.4,0.01,0.024,2020,12
SAMANCO,2020 - II,21/12/2020,1029,33.7,0.019,0.015,2020,12
SAMANCO,2020 - II,22/12/2020,1137,19.2,0.006,0.013,2020,12
SAMANCO,2020 - II,23/12/2020,852,21.2,0,0.021,2020,12
SAMANCO,2020 - II,24/12/2020,750,32.3,0,0.076,2020,12
SAMANCO,2020 - II,26/12/2020,1244,21.2,0,0.013,2020,12
SAMANCO,2020 - II,27/12/2020,774,15.1,0,0,2020,12
SAMANCO,2020 - II,28/12/2020,792,19.4,0,0.03,2020,12
SAMANCO,2020 - II,29/12/2020,988,16.4,0.076,0.01,2020,12
SAMANCO,2020 - II,30/12/2020,1139,19.2,0.041,0.073,2020,12
SAMANCO,2020 - II,31/12/2020,455,38.1,0.022,0.042,2020,12
SAMANCO,2020 - II,01/01/2021,628,16.7,0.03,0.082,2021,1
SAMANCO,2020 - II,03/01/2021,1455,25.4,0.025,0.003,2021,1
SAMANCO,2020 - II,04/01/2021,1176,35.6,0.052,0.012,2021,1
SAMANCO,2020 - II,06/01/2021,1084,52.6,0.018,0.009,2021,1
SAMANCO,2020 - II,07/01/2021,570,23,0,0.04,2021,1
SAMANCO,2020 - II,08/01/2021,351,18.6,0.008,0.008,2021,1
SAMANCO,2020 - II,09/01/2021,436,12.6,0.283,0.029,2021,1
SAMANCO,2020 - II,11/01/2021,849,22.8,0,0,2021,1
SAMANCO,2020 - II,13/01/2021,541,22,0,0.001,2021,1
SAMANCO,2020 - II,15/01/2021,448,22.3,0,0.108,2021,1
SAMANCO,2020 - II,16/01/2021,669,17,0,0.026,2021,1
SAMANCO,2020 - II,18/01/2021,103,30.3,0.005,0.199,2021,1
SAMANCO,2020 - II,19/01/2021,250,10.3,0,0.008,2021,1
SAMANCO,2020 - II,20/01/2021,332,9,0.226,0.082,2021,1
SAMANCO,2021 - I,26/04/2021,134,11.6,0,0,2021,4
SAMANCO,2021 - I,27/04/2021,605,19.7,0.03,0,2021,4
SAMANCO,2021 - I,28/04/2021,411,19.9,0.021,0,2021,4
SAMANCO,2021 - I,29/04/2021,1095,16,0.122,0,2021,4
SAMANCO,2021 - I,01/05/2021,619,31.9,0.078,0.005,2021,5
SAMANCO,2021 - I,02/05/2021,1163,19,0.005,0.059,2021,5
SAMANCO,2021 - I,03/05/2021,947,16,0,0,2021,5
SAMANCO,2021 - I,04/05/2021,861,15.6,0,0,2021,5
SAMANCO,2021 - I,05/05/2021,725,14.5,0,0.01,2021,5
SAMANCO,2021 - I,06/05/2021,805,21.1,0,0.035,2021,5
SAMANCO,2021 - I,07/05/2021,766,24.9,0.088,0.002,2021,5
SAMANCO,2021 - I,08/05/2021,451,27.5,0.045,0,2021,5
SAMANCO,2021 - I,09/05/2021,1253,20.1,0,0,2021,5
SAMANCO,2021 - I,10/05/2021,1129,12.4,0.014,0,2021,5
SAMANCO,2021 - I,11/05/2021,1318,20.9,0.028,0.002,2021,5
SAMANCO,2021 - I,13/05/2021,1102,25,0.001,0.023,2021,5
SAMANCO,2021 - I,14/05/2021,1109,21.3,0.004,0.009,2021,5
SAMANCO,2021 - I,17/05/2021,985,31.3,0,0.04,2021,5
SAMANCO,2021 - I,19/05/2021,721,19.3,0.22,0,2021,5
SAMANCO,2021 - I,20/05/2021,139,32,0,0,2021,5
SAMANCO,2021 - I,23/05/2021,1340,18.7,0.022,0.004,2021,5
SAMANCO,2021 - I,24/05/2021,518,14.3,0.019,0.009,2021,5
SAMANCO,2021 - I,25/05/2021,885,13.7,0.005,0.001,2021,5
SAMANCO,2021 - I,26/05/2021,759,15.3,0.066,0.001,2021,5
SAMANCO,2021 - I,27/05/2021,918,9.7,0.028,0,2021,5
SAMANCO,2021 - I,28/05/2021,1413,25.7,0.085,0,2021,5
SAMANCO,2021 - I,29/05/2021,614,24.8,0.204,0,2021,5
SAMANCO,2021 - I,30/05/2021,1581,29,0.347,0,2021,5
SAMANCO,2021 - I,09/06/2021,321,27.3,0.021,0,2021,6
SAMANCO,2021 - I,11/06/2021,1473,42.4,0.077,0,2021,6
SAMANCO,2021 - I,15/06/2021,1309,48.7,0.235,0,2021,6
SAMANCO,2021 - I,17/06/2021,1207,31.8,0.11,0.005,2021,6
SAMANCO,2021 - I,18/06/2021,698,25.3,0.224,0,2021,6
SAMANCO,2021 - I,23/06/2021,394,28.3,0.096,0,2021,6
SAMANCO,2021 - I,25/06/2021,1047,25.2,0.024,0.024,2021,6
SAMANCO,2021 - I,27/06/2021,607,29.6,0.041,0.005,2021,6
SAMANCO,2021 - I,28/06/2021,449,16.4,0.14,0.022,2021,6
SAMANCO,2021 - I,29/06/2021,203,10.9,0.016,0.005,2021,6
SAMANCO,2021 - I,30/06/2021,882,15.1,0,0.003,2021,6
SAMANCO,2021 - I,01/07/2021,1093,20.2,0.001,0.012,2021,7
SAMANCO,2021 - I,02/07/2021,1023,29.3,0.083,0.031,2021,7
SAMANCO,2021 - I,03/07/2021,1150,35.2,0.039,0.006,2021,7
SAMANCO,2021 - I,05/07/2021,1113,19.6,0,0,2021,7
SAMANCO,2021 - I,09/07/2021,47,18.3,0.021,0,2021,7
SAMANCO,2021 - I,10/07/2021,29,8.8,0.065,0,2021,7
SAMANCO,2021 - II,15/11/2021,803,12.4,0.019,0,2021,11
SAMANCO,2021 - II,16/11/2021,694,16.7,0.076,0,2021,11
SAMANCO,2021 - II,17/11/2021,831,12.6,0.027,0.001,2021,11
SAMANCO,2021 - II,18/11/2021,1045,12.7,0.037,0,2021,11
SAMANCO,2021 - II,19/11/2021,1068,10.7,0.013,0,2021,11
SAMANCO,2021 - II,20/11/2021,1009,17.2,0.009,0,2021,11
SAMANCO,2021 - II,21/11/2021,909,12.2,0.024,0,2021,11
SAMANCO,2021 - II,22/11/2021,1288,17,0.015,0,2021,11
SAMANCO,2021 - II,23/11/2021,678,12.4,0.003,0,2021,11
SAMANCO,2021 - II,24/11/2021,893,11.4,0.04,0,2021,11
SAMANCO,2021 - II,25/11/2021,222,12.6,0,0,2021,11
SAMANCO,2021 - II,26/11/2021,609,13.3,0,0,2021,11
SAMANCO,2021 - II,29/11/2021,1108,12.9,0.054,0,2021,11
SAMANCO,2021 - II,30/11/2021,994,10.3,0.04,0,2021,11
SAMANCO,2021 - II,01/12/2021,1102,12.3,0.031,0,2021,12
SAMANCO,2021 - II,02/12/2021,1206,15.1,0.011,0,2021,12
SAMANCO,2021 - II,03/12/2021,1015,12.5,0.012,0,2021,12
SAMANCO,2021 - II,04/12/2021,621,12.7,0,0,2021,12
SAMANCO,2021 - II,05/12/2021,1014,10,0,0,2021,12
SAMANCO,2021 - II,06/12/2021,774,27.2,0.01,0,2021,12
SAMANCO,2022 - I,06/05/2022,1014,20.3,0.309,0.003,2022,5
SAMANCO,2022 - I,07/05/2022,507,21.4,0.289,0.15,2022,5
SAMANCO,2022 - I,12/05/2022,529,18.7,0.427,0.075,2022,5
SAMANCO,2022 - I,13/05/2022,683,32.7,0.357,0.058,2022,5
SAMANCO,2022 - I,14/05/2022,1261,19.1,0.549,0.013,2022,5
SAMANCO,2022 - I,15/05/2022,1029,14.3,0.091,0.012,2022,5
SAMANCO,2022 - I,16/05/2022,1191,19.2,0.027,0,2022,5
SAMANCO,2022 - I,19/05/2022,907,14.1,0.37,0,2022,5
SAMANCO,2022 - I,20/05/2022,383,24.2,0.393,0,2022,5
SAMANCO,2022 - I,23/05/2022,103,14.4,0,0.09,2022,5
SAMANCO,2022 - I,24/05/2022,319,26,0,0.058,2022,5
SAMANCO,2022 - I,26/05/2022,1197,12,0.437,0,2022,5
SAMANCO,2022 - I,27/05/2022,562,13.6,0.021,0.078,2022,5
SAMANCO,2022 - I,28/05/2022,1377,11.9,0.243,0.024,2022,5
SAMANCO,2022 - I,29/05/2022,1147,15.6,0.325,0.061,2022,5
SAMANCO,2022 - I,30/05/2022,813,13.2,0.118,0.147,2022,5
SAMANCO,2022 - I,31/05/2022,902,17.1,0.24,0.025,2022,5
SAMANCO,2022 - I,01/06/2022,828,13.6,0.287,0,2022,6
SAMANCO,2022 - I,02/06/2022,429,13,0.421,0,2022,6
SAMANCO,2022 - I,03/06/2022,1370,13.6,0.207,0.019,2022,6
SAMANCO,2022 - I,04/06/2022,1156,14.7,0.063,0.053,2022,6
SAMANCO,2022 - I,05/06/2022,748,15.8,0.131,0.038,2022,6
SAMANCO,2022 - I,06/06/2022,894,12.9,0.006,0.197,2022,6
SAMANCO,2022 - I,08/06/2022,1692,24.3,0.304,0,2022,6
SAMANCO,2022 - I,09/06/2022,369,18.4,0,0,2022,6
SAMANCO,2022 - I,10/06/2022,309,10,0,0.013,2022,6
SAMANCO,2022 - I,11/06/2022,1309,10.7,0.119,0.156,2022,6
SAMANCO,2022 - I,12/06/2022,1313,14.5,0.26,0.075,2022,6
SAMANCO,2022 - I,13/06/2022,1184,16.4,0.35,0.084,2022,6
SAMANCO,2022 - I,14/06/2022,889,20.7,0.116,0.022,2022,6
SAMANCO,2022 - I,15/06/2022,1129,18.8,0.181,0,2022,6
SAMANCO,2022 - I,16/06/2022,342,9.7,0.03,0.088,2022,6
SAMANCO,2022 - I,17/06/2022,1160,16.4,0.214,0.033,2022,6
SAMANCO,2022 - I,18/06/2022,1225,17.1,0.625,0.022,2022,6
SAMANCO,2022 - I,19/06/2022,466,17.5,0.129,0.019,2022,6
SAMANCO,2022 - I,20/06/2022,592,19.9,0.427,0,2022,6
SAMANCO,2022 - I,21/06/2022,1182,20.2,0.11,0,2022,6
SAMANCO,2022 - I,25/06/2022,202,12.5,0,0,2022,6
SAMANCO,2022 - I,02/07/2022,206,10.2,0.669,0,2022,7
SAMANCO,2022 - I,05/07/2022,810,23.1,0.103,0.053,2022,7
SAMANCO,2022 - I,06/07/2022,746,12.9,0.067,0.128,2022,7
SAMANCO,2022 - I,07/07/2022,753,12.1,0.046,0.113,2022,7
SAMANCO,2022 - I,08/07/2022,1018,18.4,0.093,0.025,2022,7
SAMANCO,2022 - I,09/07/2022,1134,14.9,0.128,0.028,2022,7
SAMANCO,2022 - I,10/07/2022,1044,26.5,0.136,0.014,2022,7
SAMANCO,2022 - I,11/07/2022,355,8.2,0.427,0.096,2022,7
SAMANCO,2022 - I,15/07/2022,323,6,0.642,0.202,2022,7
SAMANCO,2022 - II,23/11/2022,898,11.6,0.303,0.043,2022,11
SAMANCO,2022 - II,24/11/2022,894,10.5,0.262,0.01,2022,11
SAMANCO,2022 - II,25/11/2022,827,6.5,0.076,0,2022,11
SAMANCO,2022 - II,26/11/2022,852,18.6,0.06,0.02,2022,11
SAMANCO,2022 - II,27/11/2022,1095,10.6,0.044,0.012,2022,11
SAMANCO,2022 - II,28/11/2022,1157,12,0.205,0,2022,11
SAMANCO,2022 - II,29/11/2022,362,10.8,0.129,0.157,2022,11
SAMANCO,2022 - II,30/11/2022,189,15.2,0.037,0,2022,11
SAMANCO,2022 - II,01/12/2022,997,17.1,0.199,0,2022,12
SAMANCO,2022 - II,02/12/2022,207,19.3,0.151,0,2022,12
SAMANCO,2022 - II,04/12/2022,1347,18.1,0.009,0.004,2022,12
SAMANCO,2022 - II,06/12/2022,1027,17.4,0.003,0.012,2022,12
SAMANCO,2022 - II,08/12/2022,1152,11.6,0.206,0.179,2022,12
SAMANCO,2022 - II,09/12/2022,788,13.1,0.173,0.015,2022,12
SAMANCO,2022 - II,10/12/2022,498,11,0.248,0.158,2022,12
SAMANCO,2022 - II,11/12/2022,1116,34.1,0.406,0.018,2022,12
SAMANCO,2022 - II,12/12/2022,934,28.7,0.21,0.01,2022,12
SAMANCO,2022 - II,13/12/2022,108,5.6,0.133,0.034,2022,12
SAMANCO,2022 - II,14/12/2022,977,25.6,0.209,0,2022,12
SAMANCO,2022 - II,15/12/2022,1354,22.9,0.147,0,2022,12
SAMANCO,2022 - II,17/12/2022,599,12.9,0.037,0,2022,12
SAMANCO,2022 - II,18/12/2022,655,14.1,0.016,0,2022,12
SAMANCO,2022 - II,19/12/2022,346,12.4,0.007,0,2022,12
SAMANCO,2022 - II,20/12/2022,776,11,0.24,0.008,2022,12
SAMANCO,2022 - II,21/12/2022,249,14.9,0.538,0.001,2022,12
SAMANCO,2022 - II,27/12/2022,287,9,0.173,0.161,2022,12
SAMANCO,2022 - II,01/01/2023,212,12.8,0.218,0,2023,1
SAMANCO,2022 - II,07/01/2023,41,10.4,0.472,0,2023,1
SAMANCO,2022 - II,13/01/2023,123,41.9,0.107,0,2023,1
SAMANCO,2023 - II,25/10/2023,331,10.4,0.308,0,2023,10
SAMANCO,2023 - II,28/10/2023,316,11.8,0.109,0,2023,10
SAMANCO,2023 - II,29/10/2023,109,12.3,0.077,0,2023,10
SAMANCO,2023 - II,31/10/2023,291,21.8,0.688,0,2023,10
SAMANCO,2023 - II,01/11/2023,408,21.5,0.805,0,2023,11
SAMANCO,2023 - II,03/11/2023,867,23.5,0.418,0,2023,11
SAMANCO,2023 - II,06/11/2023,609,22.8,0.336,0,2023,11
SAMANCO,2023 - II,11/11/2023,312,17.6,0.37,0,2023,11
SAMANCO,2023 - II,13/11/2023,1138,14.3,0.415,0,2023,11
SAMANCO,2023 - II,14/11/2023,593,22,0.277,0,2023,11
SAMANCO,2023 - II,16/11/2023,55,10,0.033,0,2023,11
SAMANCO,2024 - I,16/04/2024,1110,16.7,0.321,0,2024,4
SAMANCO,2024 - I,17/04/2024,1074,15.2,0.475,0,2024,4
SAMANCO,2024 - I,18/04/2024,494,18.1,0.35,0.004,2024,4
SAMANCO,2024 - I,19/04/2024,846,20.5,0.239,0,2024,4
SAMANCO,2024 - I,21/04/2024,1132,16,0.315,0,2024,4
SAMANCO,2024 - I,22/04/2024,699,15.3,0.354,0,2024,4
SAMANCO,2024 - I,23/04/2024,1156,19.9,0.358,0,2024,4
SAMANCO,2024 - I,24/04/2024,987,17.5,0.699,0,2024,4
SAMANCO,2024 - I,25/04/2024,1013,14.6,0.496,0,2024,4
SAMANCO,2024 - I,26/04/2024,702,19.8,0.884,0,2024,4
SAMANCO,2024 - I,28/04/2024,542,26.4,0.551,0.006,2024,4
SAMANCO,2024 - I,29/04/2024,685,12.4,0.764,0.006,2024,4
SAMANCO,2024 - I,01/05/2024,1062,14.3,0.245,0,2024,5
SAMANCO,2024 - I,02/05/2024,497,15.1,0.33,0,2024,5
SAMANCO,2024 - I,03/05/2024,229,14.4,0.315,0,2024,5
SAMANCO,2024 - I,04/05/2024,517,30.7,0.666,0,2024,5
SAMANCO,2024 - I,07/05/2024,895,21.4,0.177,0.002,2024,5
SAMANCO,2024 - I,08/05/2024,1264,25.4,0.326,0,2024,5
SAMANCO,2024 - I,10/05/2024,784,26,0.387,0.014,2024,5
SAMANCO,2024 - I,11/05/2024,1091,21.1,0.162,0,2024,5
SAMANCO,2024 - I,12/05/2024,282,28.3,0.472,0.023,2024,5
SAMANCO,2024 - I,14/05/2024,415,20,0.038,0,2024,5
SAMANCO,2024 - I,15/05/2024,1055,13.4,0.109,0,2024,5
SAMANCO,2024 - I,16/05/2024,924,16.2,0.054,0,2024,5
SAMANCO,2024 - I,17/05/2024,739,7.8,0.171,0,2024,5
SAMANCO,2024 - I,19/05/2024,849,9.9,0.042,0,2024,5
SAMANCO,2024 - I,20/05/2024,1552,18,0.129,0,2024,5
SAMANCO,2024 - I,22/05/2024,1010,11.5,0.085,0,2024,5
SAMANCO,2024 - I,23/05/2024,1111,13.2,0.032,0,2024,5
SAMANCO,2024 - I,24/05/2024,1033,19.4,0.136,0,2024,5
SAMANCO,2024 - I,26/05/2024,1209,23.5,0.1,0,2024,5
SAMANCO,2024 - I,27/05/2024,1200,29.1,0.002,0,2024,5
SAMANCO,2024 - I,28/05/2024,638,12.7,0.211,0,2024,5
SAMANCO,2024 - I,29/05/2024,727,19.1,0.042,0,2024,5
SAMANCO,2024 - I,30/05/2024,993,14.6,0.096,0,2024,5
SAMANCO,2024 - I,31/05/2024,839,14.7,0.115,0,2024,5
SAMANCO,2024 - I,01/06/2024,864,11.5,0.05,0.013,2024,6
SAMANCO,2024 - I,02/06/2024,1071,14.2,0.058,0,2024,6
SAMANCO,2024 - I,03/06/2024,1276,14.5,0.075,0.001,2024,6
SAMANCO,2024 - I,04/06/2024,931,15.8,0.061,0,2024,6
SAMANCO,2024 - I,05/06/2024,1145,16.9,0.031,0,2024,6
SAMANCO,2024 - I,06/06/2024,600,14.3,0.032,0,2024,6
SAMANCO,2024 - II,05/11/2024,1169,11.8,0.005,0,2024,11
SAMANCO,2024 - II,06/11/2024,192,16.3,0.153,0,2024,11
SAMANCO,2024 - II,07/11/2024,356,20.6,0,0,2024,11
SAMANCO,2024 - II,08/11/2024,1168,11.9,0.001,0,2024,11
SAMANCO,2024 - II,09/11/2024,496,11.2,0.022,0,2024,11
SAMANCO,2024 - II,10/11/2024,1160,11.4,0.032,0,2024,11
SAMANCO,2024 - II,11/11/2024,1122,13.7,0.047,0,2024,11
SAMANCO,2024 - II,12/11/2024,446,18.1,0.038,0,2024,11
SAMANCO,2024 - II,13/11/2024,460,12.3,0.006,0,2024,11
SAMANCO,2024 - II,14/11/2024,276,15,0.004,0,2024,11
SAMANCO,2024 - II,15/11/2024,338,14.8,0,0,2024,11
SAMANCO,2024 - II,16/11/2024,234,11.8,0.038,0,2024,11
SAMANCO,2024 - II,17/11/2024,1183,12.9,0.003,0,2024,11
SAMANCO,2024 - II,18/11/2024,393,20.2,0.035,0,2024,11
SAMANCO,2024 - II,19/11/2024,200,16.3,0.071,0.034,2024,11
SAMANCO,2024 - II,20/11/2024,495,14,0.267,0.106,2024,11
SAMANCO,2024 - II,21/11/2024,1020,13.3,0.052,0.027,2024,11
SAMANCO,2024 - II,22/11/2024,1057,16.6,0.222,0.027,2024,11
SAMANCO,2024 - II,23/11/2024,796,23.5,0.116,0.032,2024,11
SAMANCO,2024 - II,24/11/2024,606,11.6,0.017,0.015,2024,11
SAMANCO,2024 - II,26/11/2024,737,25.1,0.121,0.015,2024,11
SAMANCO,2024 - II,27/11/2024,497,19,0.208,0.052,2024,11
SAMANCO,2024 - II,03/12/2024,1014,15.4,0.3,0.071,2024,12
SAMANCO,2024 - II,04/12/2024,508,12.4,0.024,0.012,2024,12
SAMANCO,2024 - II,07/12/2024,532,13.7,0.081,0.023,2024,12
SAMANCO,2024 - II,08/12/2024,587,24.5,0.025,0.034,2024,12
SAMANCO,2024 - II,09/12/2024,745,23.6,0.058,0.003,2024,12
SAMANCO,2024 - II,12/12/2024,1116,13.6,0.233,0.034,2024,12
SAMANCO,2024 - II,13/12/2024,1144,22.8,0.021,0.045,2024,12
SAMANCO,2024 - II,14/12/2024,873,10.8,0,0,2024,12
SAMANCO,2024 - II,16/12/2024,755,13.7,0.015,0,2024,12
SAMANCO,2024 - II,17/12/2024,550,27.7,0.124,0.026,2024,12
SAMANCO,2024 - II,19/12/2024,510,14.2,0,0.044,2024,12
SAMANCO,2024 - II,20/12/2024,1038,16,0.058,0.168,2024,12
SAMANCO,2024 - II,21/12/2024,891,11.5,0.009,0.017,2024,12
SAMANCO,2024 - II,22/12/2024,1247,12.6,0.306,0.036,2024,12
SAMANCO,2024 - II,23/12/2024,1408,18.8,0.14,0.017,2024,12
SAMANCO,2024 - II,26/12/2024,720,12.7,0.25,0.061,2024,12
SAMANCO,2024 - II,27/12/2024,564,17.8,0.394,0.018,2024,12
SAMANCO,2024 - II,30/12/2024,347,12.5,0,0.012,2024,12
SAMANCO,2024 - II,01/01/2025,694,11.3,0.289,0.035,2025,1
SAMANCO,2024 - II,02/01/2025,486,13.2,0.328,0.019,2025,1
SAMANCO,2024 - II,03/01/2025,162,12.6,0.613,0.072,2025,1
SAMANCO,2024 - II,05/01/2025,411,13.3,0.013,0.038,2025,1
SAMANCO,2024 - II,06/01/2025,708,12,0.553,0,2025,1
SAMANCO,2024 - II,07/01/2025,836,12.3,0.715,0.068,2025,1
SAMANCO,2024 - II,08/01/2025,280,26.9,0.545,0.166,2025,1
SAMANCO,2024 - II,09/01/2025,731,25.3,0.65,0.114,2025,1
SAMANCO,2024 - II,11/01/2025,905,26.4,0.634,0,2025,1
SAMANCO,2024 - II,12/01/2025,363,11.4,0.35,0.089,2025,1
SAMANCO,2024 - II,13/01/2025,974,16.1,0.092,0.348,2025,1
SAMANCO,2025 - I,23/04/2025,902,11.2,0.132,0.011,2025,4
SAMANCO,2025 - I,24/04/2025,1041,14.8,0.73,0.01,2025,4
SAMANCO,2025 - I,25/04/2025,485,11.3,0.23,0,2025,4
SAMANCO,2025 - I,27/04/2025,329,8.1,0.387,0.002,2025,4
SAMANCO,2025 - I,28/04/2025,355,12.4,0.21,0.04,2025,4
SAMANCO,2025 - I,29/04/2025,1007,19.3,0.419,0,2025,4
SAMANCO,2025 - I,30/04/2025,526,10.3,0.795,0.033,2025,4
SAMANCO,2025 - I,01/05/2025,869,9.7,0.462,0.035,2025,5
SAMANCO,2025 - I,02/05/2025,1194,10.6,0.32,0.032,2025,5
SAMANCO,2025 - I,03/05/2025,607,14.6,0.485,0.144,2025,5
SAMANCO,2025 - I,04/05/2025,1187,13.3,0.619,0.021,2025,5
SAMANCO,2025 - I,05/05/2025,1055,20.1,0.496,0.014,2025,5
SAMANCO,2025 - I,06/05/2025,983,12.5,0.266,0,2025,5
SAMANCO,2025 - I,07/05/2025,1247,16.6,0.292,0.015,2025,5
SAMANCO,2025 - I,09/05/2025,1101,11.9,0.304,0,2025,5
SAMANCO,2025 - I,10/05/2025,1144,10.2,0.273,0,2025,5
SAMANCO,2025 - I,11/05/2025,1070,14.6,0.16,0,2025,5
SAMANCO,2025 - I,12/05/2025,909,12.7,0.233,0.028,2025,5
SAMANCO,2025 - I,13/05/2025,636,8.9,0.3,0.043,2025,5
SAMANCO,2025 - I,14/05/2025,1228,21.4,0.316,0.012,2025,5
SAMANCO,2025 - I,15/05/2025,214,7.3,0.106,0,2025,5
SAMANCO,2025 - I,17/05/2025,1157,15.1,0.293,0.006,2025,5
SAMANCO,2025 - I,18/05/2025,494,23.8,0.234,0.123,2025,5
SAMANCO,2025 - I,19/05/2025,812,12.5,0.216,0.021,2025,5
SAMANCO,2025 - I,20/05/2025,743,15.4,0.199,0.004,2025,5
SAMANCO,2025 - I,24/05/2025,328,37.3,0.634,0.004,2025,5
SAMANCO,2025 - I,27/05/2025,848,8.6,0.412,0.022,2025,5
SAMANCO,2025 - I,30/05/2025,500,10.1,0.48,0.061,2025,5
SAMANCO,2025 - I,31/05/2025,769,13.8,0.623,0.111,2025,5
SAMANCO,2025 - I,01/06/2025,766,11.1,0.586,0.044,2025,6
SAMANCO,2025 - I,02/06/2025,511,15.1,0.711,0.225,2025,6
SAMANCO,2025 - I,03/06/2025,1026,14.5,0.751,0.161,2025,6
SAMANCO,2025 - I,24/06/2025,469,13.8,0.632,0.034,2025,6
SAMANCO,2025 - I,25/06/2025,314,8.1,0.594,0.008,2025,6
SUPE,2020 - II,13/11/2020,335,11.1,0.021,0.002,2020,11
SUPE,2020 - II,14/11/2020,1619,15.1,0.023,0.028,2020,11
SUPE,2020 - II,15/11/2020,706,12.3,0,0,2020,11
SUPE,2020 - II,16/11/2020,1506,19.3,0.068,0.004,2020,11
SUPE,2020 - II,17/11/2020,549,12.4,0.092,0.077,2020,11
SUPE,2020 - II,18/11/2020,853,11.6,0.258,0.061,2020,11
SUPE,2020 - II,19/11/2020,717,23.2,0.164,0.079,2020,11
SUPE,2020 - II,22/11/2020,820,16.5,0.01,0,2020,11
SUPE,2020 - II,23/11/2020,572,15.7,0.002,0.01,2020,11
SUPE,2020 - II,24/11/2020,874,13.2,0.026,0.066,2020,11
SUPE,2020 - II,25/11/2020,825,13.3,0,0,2020,11
SUPE,2020 - II,26/11/2020,1392,16.6,0,0.001,2020,11
SUPE,2020 - II,28/11/2020,75,8.7,0.565,0,2020,11
SUPE,2020 - II,29/11/2020,1051,29.4,0.012,0.006,2020,11
SUPE,2020 - II,30/11/2020,907,29.4,0.036,0.013,2020,11
SUPE,2020 - II,01/12/2020,427,13.9,0.021,0.008,2020,12
SUPE,2020 - II,02/12/2020,1091,25.7,0.072,0,2020,12
SUPE,2020 - II,03/12/2020,449,13.9,0.261,0,2020,12
SUPE,2020 - II,04/12/2020,939,25.8,0.015,0.001,2020,12
SUPE,2020 - II,05/12/2020,34,8.9,0.604,0,2020,12
SUPE,2020 - II,06/12/2020,939,29.4,0.02,0,2020,12
SUPE,2020 - II,07/12/2020,844,12.6,0.221,0.069,2020,12
SUPE,2020 - II,09/12/2020,609,14.3,0,0.063,2020,12
SUPE,2020 - II,10/12/2020,806,12.7,0.003,0,2020,12
SUPE,2020 - II,11/12/2020,866,13.2,0,0,2020,12
SUPE,2020 - II,12/12/2020,952,15.3,0,0,2020,12
SUPE,2020 - II,13/12/2020,1401,18.3,0.014,0.001,2020,12
SUPE,2020 - II,14/12/2020,874,14.6,0.018,0.012,2020,12
SUPE,2020 - II,15/12/2020,806,11.1,0.021,0.07,2020,12
SUPE,2020 - II,16/12/2020,981,13.9,0.038,0.014,2020,12
SUPE,2020 - II,17/12/2020,1290,28,0.015,0.016,2020,12
SUPE,2020 - II,18/12/2020,529,11.5,0,0.025,2020,12
SUPE,2020 - II,19/12/2020,1351,9.9,0.148,0.032,2020,12
SUPE,2020 - II,21/12/2020,753,28.9,0,0,2020,12
SUPE,2020 - II,22/12/2020,1274,26.8,0,0.022,2020,12
SUPE,2020 - II,23/12/2020,562,42.6,0.022,0.128,2020,12
SUPE,2020 - II,26/12/2020,1158,30.1,0,0.044,2020,12
SUPE,2020 - II,27/12/2020,1199,21.8,0,0.026,2020,12
SUPE,2020 - II,29/12/2020,234,13.3,0.026,0,2020,12
SUPE,2020 - II,30/12/2020,587,34.7,0.007,0.041,2020,12
SUPE,2020 - II,31/12/2020,874,41.8,0,0,2020,12
SUPE,2020 - II,04/01/2021,696,33.9,0,0.017,2021,1
SUPE,2020 - II,05/01/2021,570,18.1,0,0.017,2021,1
SUPE,2020 - II,07/01/2021,734,16.5,0.176,0.017,2021,1
SUPE,2020 - II,08/01/2021,658,15.1,0.071,0.021,2021,1
SUPE,2020 - II,10/01/2021,689,11.4,0.111,0.033,2021,1
SUPE,2020 - II,11/01/2021,1011,8.5,0.164,0.038,2021,1
SUPE,2020 - II,12/01/2021,1651,10.6,0.135,0.085,2021,1
SUPE,2020 - II,13/01/2021,1208,11.3,0.242,0.042,2021,1
SUPE,2020 - II,15/01/2021,594,9.1,0.316,0.037,2021,1
SUPE,2020 - II,16/01/2021,601,10.3,0.292,0.046,2021,1
SUPE,2021 - I,30/04/2021,660,14.3,0.022,0.025,2021,4
SUPE,2021 - I,01/05/2021,793,16.2,0.115,0.076,2021,5
SUPE,2021 - I,03/05/2021,426,10.7,0.42,0.014,2021,5
SUPE,2021 - I,04/05/2021,1285,12.3,0.154,0.001,2021,5
SUPE,2021 - I,05/05/2021,1534,14.8,0.079,0,2021,5
SUPE,2021 - I,06/05/2021,1119,12.8,0.095,0,2021,5
SUPE,2021 - I,07/05/2021,1723,18.7,0.208,0,2021,5
SUPE,2021 - I,08/05/2021,817,21.8,0.258,0.008,2021,5
SUPE,2021 - I,09/05/2021,932,11.4,0.158,0,2021,5
SUPE,2021 - I,10/05/2021,279,26.8,0,0,2021,5
SUPE,2021 - I,11/05/2021,1162,21.3,0.127,0,2021,5
SUPE,2021 - I,14/05/2021,836,18,0.008,0,2021,5
SUPE,2021 - I,23/05/2021,1302,20.9,0.017,0.005,2021,5
SUPE,2021 - I,24/05/2021,1078,29.2,0.129,0.002,2021,5
SUPE,2021 - I,25/05/2021,749,19.7,0,0,2021,5
SUPE,2021 - I,30/05/2021,1232,36.1,0.366,0,2021,5
SUPE,2021 - I,03/06/2021,1145,14.9,0.192,0,2021,6
SUPE,2021 - I,04/06/2021,352,9.1,0.151,0.001,2021,6
SUPE,2021 - II,15/11/2021,474,12,0,0,2021,11
SUPE,2021 - II,16/11/2021,956,15.5,0.113,0.078,2021,11
SUPE,2021 - II,17/11/2021,1036,13.1,0,0.001,2021,11
SUPE,2021 - II,18/11/2021,1109,12,0.07,0,2021,11
SUPE,2021 - II,19/11/2021,1642,13.5,0.029,0.001,2021,11
SUPE,2021 - II,20/11/2021,1742,13.6,0.035,0.002,2021,11
SUPE,2021 - II,21/11/2021,1320,15,0.027,0.002,2021,11
SUPE,2021 - II,22/11/2021,927,6.5,0,0.012,2021,11
SUPE,2021 - II,23/11/2021,1491,12.8,0.017,0.035,2021,11
SUPE,2021 - II,24/11/2021,1191,10.3,0.041,0.033,2021,11
SUPE,2021 - II,25/11/2021,1563,15.5,0.003,0,2021,11
SUPE,2021 - II,26/11/2021,1552,16.1,0,0,2021,11
SUPE,2021 - II,27/11/2021,1354,14.1,0.003,0,2021,11
SUPE,2021 - II,28/11/2021,1750,13,0.011,0,2021,11
SUPE,2021 - II,29/11/2021,1741,14.4,0.034,0.002,2021,11
SUPE,2021 - II,30/11/2021,210,13,0.016,0,2021,11
SUPE,2021 - II,01/12/2021,1660,13.7,0,0,2021,12
SUPE,2021 - II,02/12/2021,1689,19.7,0.039,0,2021,12
SUPE,2021 - II,03/12/2021,1748,24.1,0.023,0,2021,12
SUPE,2021 - II,04/12/2021,1520,12.2,0.02,0,2021,12
SUPE,2021 - II,05/12/2021,869,25.2,0.113,0,2021,12
SUPE,2021 - II,06/12/2021,1784,14.1,0.036,0,2021,12
SUPE,2021 - II,07/12/2021,1253,14,0.041,0,2021,12
SUPE,2021 - II,08/12/2021,1031,16.5,0.148,0.073,2021,12
SUPE,2021 - II,09/12/2021,722,16.3,0.138,0.048,2021,12
SUPE,2021 - II,10/12/2021,811,12.3,0.058,0.093,2021,12
SUPE,2021 - II,11/12/2021,1012,12.9,0.041,0.095,2021,12
SUPE,2021 - II,12/12/2021,509,8.6,0.068,0.014,2021,12
SUPE,2021 - II,13/12/2021,728,11.6,0.072,0.08,2021,12
SUPE,2021 - II,15/12/2021,855,12.2,0.046,0.023,2021,12
SUPE,2021 - II,16/12/2021,1619,12.7,0.443,0.117,2021,12
SUPE,2021 - II,17/12/2021,613,11,0.274,0.084,2021,12
SUPE,2022 - I,05/05/2022,1653,14,0.609,0.031,2022,5
SUPE,2022 - I,06/05/2022,1488,13.8,0.515,0.013,2022,5
SUPE,2022 - I,07/05/2022,1601,13.8,0.147,0.038,2022,5
SUPE,2022 - I,08/05/2022,1675,19.8,0.464,0.052,2022,5
SUPE,2022 - I,11/05/2022,1123,32.9,0.22,0,2022,5
SUPE,2022 - I,12/05/2022,1813,12.7,0.361,0.056,2022,5
SUPE,2022 - I,13/05/2022,1665,14.4,0.563,0.11,2022,5
SUPE,2022 - I,14/05/2022,2270,16.4,0.468,0.009,2022,5
SUPE,2022 - I,16/05/2022,1830,28.4,0.077,0.008,2022,5
SUPE,2022 - I,17/05/2022,76,31.3,0.064,0.006,2022,5
SUPE,2022 - I,19/05/2022,1920,17.1,0.102,0.001,2022,5
SUPE,2022 - I,21/05/2022,1488,16.5,0.098,0,2022,5
SUPE,2022 - I,22/05/2022,1478,12.6,0.145,0,2022,5
SUPE,2022 - I,23/05/2022,653,15.4,0.214,0,2022,5
SUPE,2022 - I,24/05/2022,484,11.3,0.3,0,2022,5
SUPE,2022 - I,26/05/2022,1095,19.6,0.398,0,2022,5
SUPE,2022 - I,27/05/2022,621,11.1,0.131,0,2022,5
SUPE,2022 - I,28/05/2022,1684,26.8,0.275,0.011,2022,5
SUPE,2022 - I,29/05/2022,427,14.3,0.219,0.001,2022,5
SUPE,2022 - I,30/05/2022,990,21.9,0.203,0.004,2022,5
SUPE,2022 - I,31/05/2022,1163,14.7,0.102,0.001,2022,5
SUPE,2022 - I,01/06/2022,961,20.5,0.126,0,2022,6
SUPE,2022 - I,02/06/2022,1440,28,0.152,0,2022,6
SUPE,2022 - I,03/06/2022,1274,16.3,0.286,0.061,2022,6
SUPE,2022 - I,09/06/2022,237,7.7,0.008,0,2022,6
SUPE,2022 - I,10/06/2022,454,12.9,0.152,0,2022,6
SUPE,2022 - I,11/06/2022,1930,22.3,0.111,0.061,2022,6
SUPE,2022 - I,12/06/2022,1094,16.2,0.111,0.054,2022,6
SUPE,2022 - I,13/06/2022,1008,17.7,0.306,0.228,2022,6
SUPE,2022 - I,15/06/2022,1128,20,0.201,0.019,2022,6
SUPE,2022 - I,16/06/2022,1191,10.6,0.256,0.018,2022,6
SUPE,2022 - I,17/06/2022,744,19.9,0.332,0.153,2022,6
SUPE,2022 - I,18/06/2022,1580,26.4,0.319,0.027,2022,6
SUPE,2022 - I,19/06/2022,1155,16.3,0.674,0.034,2022,6
SUPE,2022 - I,20/06/2022,1260,10.3,0.192,0.004,2022,6
SUPE,2022 - I,21/06/2022,1928,15.6,0.105,0.005,2022,6
SUPE,2022 - I,22/06/2022,1519,18.7,0.074,0,2022,6
SUPE,2022 - I,02/07/2022,852,9.3,0.362,0,2022,7
SUPE,2022 - I,03/07/2022,1289,22.4,0.036,0.021,2022,7
SUPE,2022 - I,05/07/2022,930,12.2,0.274,0.023,2022,7
SUPE,2022 - I,06/07/2022,1127,5.8,0.54,0.035,2022,7
SUPE,2022 - I,07/07/2022,683,10.7,0.484,0.106,2022,7
SUPE,2022 - I,09/07/2022,904,32.8,0,0,2022,7
SUPE,2022 - I,11/07/2022,314,15.8,0.488,0.074,2022,7
SUPE,2022 - II,23/11/2022,1413,13.3,0.198,0.007,2022,11
SUPE,2022 - II,26/11/2022,777,32,0.043,0.001,2022,11
SUPE,2022 - II,28/11/2022,1671,22.7,0.215,0.031,2022,11
SUPE,2022 - II,30/11/2022,808,14.1,0.052,0,2022,11
SUPE,2022 - II,04/12/2022,1112,8.6,0.591,0.047,2022,12
SUPE,2022 - II,05/12/2022,687,13.3,0.005,0,2022,12
SUPE,2022 - II,06/12/2022,762,11.4,0.043,0,2022,12
SUPE,2022 - II,08/12/2022,344,33.2,0.044,0.044,2022,12
SUPE,2022 - II,09/12/2022,579,10,0.529,0.038,2022,12
SUPE,2022 - II,10/12/2022,356,7.2,0.528,0.01,2022,12
SUPE,2022 - II,12/12/2022,960,37.9,0.118,0.004,2022,12
SUPE,2022 - II,14/12/2022,1747,15.5,0.053,0,2022,12
SUPE,2022 - II,15/12/2022,858,12.3,0.131,0.003,2022,12
SUPE,2022 - II,16/12/2022,832,11.7,0.062,0,2022,12
SUPE,2022 - II,17/12/2022,1497,17.4,0.16,0.009,2022,12
SUPE,2022 - II,18/12/2022,1260,13.5,0.004,0,2022,12
SUPE,2022 - II,19/12/2022,1427,13.7,0.025,0,2022,12
SUPE,2022 - II,20/12/2022,1723,16.7,0.175,0.002,2022,12
SUPE,2022 - II,21/12/2022,1310,19.9,0.404,0.01,2022,12
SUPE,2022 - II,22/12/2022,103,13.2,0.269,0.018,2022,12
SUPE,2022 - II,27/12/2022,597,15.6,0.238,0.027,2022,12
SUPE,2022 - II,29/12/2022,1113,16.7,0.028,0,2022,12
SUPE,2022 - II,30/12/2022,592,11.4,0.208,0.011,2022,12
SUPE,2022 - II,02/01/2023,428,7.4,0.544,0.005,2023,1
SUPE,2022 - II,14/01/2023,570,10.7,0.719,0.057,2023,1
SUPE,2023 - II,21/10/2023,1702,11.4,0.651,0,2023,10
SUPE,2023 - II,22/10/2023,1331,12.5,0.866,0,2023,10
SUPE,2023 - II,25/10/2023,584,12.8,0.848,0,2023,10
SUPE,2023 - II,26/10/2023,979,14.6,0.519,0,2023,10
SUPE,2023 - II,31/10/2023,1644,11.1,0.655,0,2023,10
SUPE,2023 - II,01/11/2023,1746,20.4,0.841,0,2023,11
SUPE,2023 - II,02/11/2023,1188,14.3,0.375,0,2023,11
SUPE,2023 - II,03/11/2023,1921,22.3,0.196,0,2023,11
SUPE,2023 - II,05/11/2023,1765,16.4,0.674,0.054,2023,11
SUPE,2023 - II,06/11/2023,1702,14.1,0.312,0,2023,11
SUPE,2023 - II,07/11/2023,1161,22.1,0.398,0,2023,11
SUPE,2023 - II,08/11/2023,1678,19,0.122,0,2023,11
SUPE,2023 - II,09/11/2023,1699,20.8,0.325,0,2023,11
SUPE,2023 - II,11/11/2023,1769,12.7,0.489,0.002,2023,11
SUPE,2023 - II,12/11/2023,831,12,0.651,0,2023,11
SUPE,2023 - II,13/11/2023,982,17.6,0.411,0,2023,11
SUPE,2023 - II,14/11/2023,407,16.6,0.448,0,2023,11
SUPE,2023 - II,15/11/2023,604,29.2,0.447,0,2023,11
SUPE,2023 - II,21/11/2023,1518,23.2,0.348,0,2023,11
SUPE,2023 - II,22/11/2023,568,15.8,0.202,0,2023,11
SUPE,2023 - II,23/11/2023,776,13.1,0.252,0,2023,11
SUPE,2023 - II,28/11/2023,298,9.7,0.078,0,2023,11
SUPE,2023 - II,30/11/2023,94,10,0.36,0,2023,11
SUPE,2023 - II,01/12/2023,177,9.3,0.298,0,2023,12
SUPE,2024 - I,17/04/2024,1761,21.1,0.797,0.009,2024,4
SUPE,2024 - I,19/04/2024,311,10.7,0.163,0,2024,4
SUPE,2024 - I,24/04/2024,664,10,0.577,0.005,2024,4
SUPE,2024 - I,25/04/2024,1686,30.1,0.704,0,2024,4
SUPE,2024 - I,27/04/2024,1006,17.5,0.619,0,2024,4
SUPE,2024 - I,28/04/2024,499,11.1,0.639,0.034,2024,4
SUPE,2024 - I,29/04/2024,1238,12.8,0.666,0.04,2024,4
SUPE,2024 - I,30/04/2024,1754,29.1,0.612,0.001,2024,4
SUPE,2024 - I,01/05/2024,1345,14.8,0.749,0.043,2024,5
SUPE,2024 - I,02/05/2024,1692,12.5,0.406,0,2024,5
SUPE,2024 - I,03/05/2024,1438,16,0.703,0.029,2024,5
SUPE,2024 - I,04/05/2024,298,9.1,0.318,0.01,2024,5
SUPE,2024 - I,05/05/2024,1494,20.1,0.666,0.098,2024,5
SUPE,2024 - I,06/05/2024,470,10.6,0.223,0.001,2024,5
SUPE,2024 - I,07/05/2024,521,17.9,0.301,0.02,2024,5
SUPE,2024 - I,08/05/2024,1664,14,0.28,0.003,2024,5
SUPE,2024 - I,09/05/2024,885,12.9,0.047,0,2024,5
SUPE,2024 - I,10/05/2024,1986,11.3,0.029,0,2024,5
SUPE,2024 - I,11/05/2024,1291,15.2,0.232,0.003,2024,5
SUPE,2024 - I,12/05/2024,358,13.9,0.943,0.369,2024,5
SUPE,2024 - I,14/05/2024,872,9.6,0.55,0.015,2024,5
SUPE,2024 - I,15/05/2024,926,12,0.272,0.007,2024,5
SUPE,2024 - I,19/05/2024,747,12.1,0.066,0.001,2024,5
SUPE,2024 - I,20/05/2024,810,12.5,0.121,0,2024,5
SUPE,2024 - I,21/05/2024,1242,16.6,0.026,0,2024,5
SUPE,2024 - I,22/05/2024,863,10.4,0.221,0,2024,5
SUPE,2024 - I,23/05/2024,1637,13.5,0.305,0,2024,5
SUPE,2024 - I,24/05/2024,891,15,0.138,0.007,2024,5
SUPE,2024 - I,25/05/2024,740,11.2,0.527,0.018,2024,5
SUPE,2024 - I,26/05/2024,1094,22.1,0.571,0.135,2024,5
SUPE,2024 - I,27/05/2024,643,21.4,0.327,0.031,2024,5
SUPE,2024 - I,28/05/2024,879,12.2,0.147,0,2024,5
SUPE,2024 - I,29/05/2024,485,10.6,0.191,0,2024,5
SUPE,2024 - I,30/05/2024,862,11.6,0.212,0.041,2024,5
SUPE,2024 - I,31/05/2024,255,11.6,0.649,0.061,2024,5
SUPE,2024 - I,04/06/2024,1609,26.9,0.04,0.001,2024,6
SUPE,2024 - II,01/11/2024,1514,13.7,0.054,0.002,2024,11
SUPE,2024 - II,02/11/2024,1061,14.5,0.015,0.007,2024,11
SUPE,2024 - II,03/11/2024,1396,13.9,0.065,0.058,2024,11
SUPE,2024 - II,04/11/2024,1310,18.7,0.046,0.011,2024,11
SUPE,2024 - II,05/11/2024,1300,13.1,0.064,0,2024,11
SUPE,2024 - II,08/11/2024,339,23.3,0.177,0,2024,11
SUPE,2024 - II,10/11/2024,1619,15,0.069,0.041,2024,11
SUPE,2024 - II,11/11/2024,1400,20.5,0.251,0.008,2024,11
SUPE,2024 - II,12/11/2024,592,16.7,0.049,0,2024,11
SUPE,2024 - II,13/11/2024,1447,18.6,0.055,0.008,2024,11
SUPE,2024 - II,14/11/2024,1460,12.9,0.035,0.015,2024,11
SUPE,2024 - II,15/11/2024,1425,20.4,0.043,0,2024,11
SUPE,2024 - II,16/11/2024,496,11.5,0.34,0.002,2024,11
SUPE,2024 - II,17/11/2024,408,10.5,0.057,0.07,2024,11
SUPE,2024 - II,23/11/2024,897,12.6,0.283,0.172,2024,11
SUPE,2024 - II,24/11/2024,1410,9.3,0.371,0.016,2024,11
SUPE,2024 - II,09/12/2024,554,14.2,0.096,0.028,2024,12
SUPE,2024 - II,13/12/2024,1537,24.6,0,0.006,2024,12
SUPE,2024 - II,15/12/2024,590,17.4,0.323,0.211,2024,12
SUPE,2024 - II,17/12/2024,1288,16.9,0.267,0.02,2024,12
SUPE,2024 - II,18/12/2024,228,13.8,0.011,0.222,2024,12
SUPE,2024 - II,23/12/2024,1901,25.3,0.081,0.009,2024,12
SUPE,2024 - II,27/12/2024,1435,16.5,0.427,0.119,2024,12
SUPE,2024 - II,30/12/2024,1769,14.8,0.047,0.147,2024,12
SUPE,2024 - II,31/12/2024,449,6.8,0.051,0.094,2024,12
SUPE,2024 - II,05/01/2025,1503,13.9,0.157,0.044,2025,1
SUPE,2024 - II,06/01/2025,895,16.3,0.194,0.087,2025,1
SUPE,2024 - II,07/01/2025,1607,12.1,0.002,0.1,2025,1
SUPE,2024 - II,08/01/2025,438,8.8,0.019,0.156,2025,1
SUPE,2024 - II,09/01/2025,904,12.4,0.057,0.073,2025,1
SUPE,2024 - II,10/01/2025,400,8.8,0.168,0.23,2025,1
SUPE,2024 - II,11/01/2025,17,9.5,0,0.45,2025,1
SUPE,2024 - II,12/01/2025,990,15.6,0.066,0.019,2025,1
SUPE,2024 - II,13/01/2025,1471,20.5,0.078,0.141,2025,1
SUPE,2024 - II,14/01/2025,33,6,0.033,0.055,2025,1
SUPE,2024 - II,15/01/2025,229,6.5,0.085,0.053,2025,1
SUPE,2024 - II,16/01/2025,298,6.1,0.094,0.012,2025,1
SUPE,2024 - II,17/01/2025,376,11,0.25,0.02,2025,1
SUPE,2025 - I,22/04/2025,1814,14.2,0.371,0.002,2025,4
SUPE,2025 - I,23/04/2025,1022,9.2,0.429,0.004,2025,4
SUPE,2025 - I,24/04/2025,1526,13.6,0.34,0.051,2025,4
SUPE,2025 - I,25/04/2025,1397,11.5,0.429,0.019,2025,4
SUPE,2025 - I,26/04/2025,151,10.2,0.137,0.066,2025,4
SUPE,2025 - I,27/04/2025,1120,17.5,0.255,0.024,2025,4
SUPE,2025 - I,28/04/2025,844,13.8,0.489,0.053,2025,4
SUPE,2025 - I,29/04/2025,1633,9.2,0.319,0.007,2025,4
SUPE,2025 - I,30/04/2025,1690,12,0.523,0,2025,4
SUPE,2025 - I,01/05/2025,1424,13.1,0.619,0.018,2025,5
SUPE,2025 - I,02/05/2025,1697,13.8,0.147,0.058,2025,5
SUPE,2025 - I,03/05/2025,730,17.9,0.594,0.145,2025,5
SUPE,2025 - I,04/05/2025,1595,19.9,0.46,0.098,2025,5
SUPE,2025 - I,05/05/2025,1281,12.2,0.197,0,2025,5
SUPE,2025 - I,06/05/2025,1615,23.4,0.276,0.07,2025,5
SUPE,2025 - I,07/05/2025,1040,17.1,0.21,0,2025,5
SUPE,2025 - I,09/05/2025,1198,16.4,0.304,0.056,2025,5
SUPE,2025 - I,10/05/2025,1753,17.5,0.242,0.034,2025,5
SUPE,2025 - I,11/05/2025,1215,12.4,0.067,0.014,2025,5
SUPE,2025 - I,12/05/2025,1217,12.1,0.153,0.074,2025,5
SUPE,2025 - I,13/05/2025,1498,14.7,0.15,0,2025,5
SUPE,2025 - I,14/05/2025,1797,14.1,0.28,0.012,2025,5
SUPE,2025 - I,15/05/2025,1401,15.7,0.381,0.001,2025,5
SUPE,2025 - I,16/05/2025,1034,11.1,0.347,0,2025,5
SUPE,2025 - I,17/05/2025,1343,14.3,0.368,0.002,2025,5
SUPE,2025 - I,18/05/2025,1489,11.8,0.173,0.003,2025,5
SUPE,2025 - I,19/05/2025,1738,18.5,0.232,0.007,2025,5
SUPE,2025 - I,20/05/2025,1412,15.5,0.241,0.006,2025,5
SUPE,2025 - I,21/05/2025,593,15.2,0.254,0,2025,5
SUPE,2025 - I,22/05/2025,727,21,0.332,0,2025,5
SUPE,2025 - I,23/05/2025,1045,18,0.67,0,2025,5
SUPE,2025 - I,27/05/2025,506,12.9,0.319,0,2025,5
SUPE,2025 - I,28/05/2025,81,25.7,0.47,0.05,2025,5
SUPE,2025 - I,03/06/2025,873,12.6,0.44,0.043,2025,6
SUPE,2025 - I,04/06/2025,187,6.6,0.062,0.008,2025,6
SUPE,2025 - I,05/06/2025,1506,22.4,0.212,0,2025,6
SUPE,2025 - I,09/06/2025,277,6.7,0.242,0.063,2025,6
SUPE,2025 - I,10/06/2025,380,10.2,0.505,0.199,2025,6
SUPE,2025 - I,16/06/2025,12,7.9,0.016,0,2025,6
SUPE,2025 - I,17/06/2025,310,11.7,0.22,0.082,2025,6
SUPE,2025 - I,18/06/2025,172,6.8,0.253,0.179,2025,6
SUPE,2025 - I,19/06/2025,447,10.7,0.132,0.06,2025,6
SUPE,2025 - I,10/07/2025,349,9.4,0.532,0.064,2025,7
SUPE,2025 - II,14/11/2025,204,17.8,0.747,0,2025,11
SUPE,2026 - I,10/04/2026,710,10.4,0.361,0,2026,4
SUPE,2026 - I,11/04/2026,477,12.3,0.497,0.023,2026,4
SUPE,2026 - I,12/04/2026,942,9.6,0.38,0,2026,4
SUPE,2026 - I,13/04/2026,177,7.4,0.53,0,2026,4
SUPE,2026 - I,21/04/2026,892,19.1,0.498,0.069,2026,4
SUPE,2026 - I,22/04/2026,1682,17.6,0.528,0,2026,4
SUPE,2026 - I,23/04/2026,1471,16.1,0.685,0.027,2026,4
SUPE,2026 - I,24/04/2026,694,26.1,0.625,0.006,2026,4
VEGUETA,2020 - II,12/11/2020,446,9.2,0.013,0.001,2020,11
VEGUETA,2020 - II,13/11/2020,1322,10.7,0.007,0.001,2020,11
VEGUETA,2020 - II,14/11/2020,2498,16.3,0.093,0,2020,11
VEGUETA,2020 - II,15/11/2020,591,10,0.015,0,2020,11
VEGUETA,2020 - II,16/11/2020,2457,22,0.194,0.006,2020,11
VEGUETA,2020 - II,17/11/2020,1591,16.2,0.161,0.034,2020,11
VEGUETA,2020 - II,18/11/2020,2462,12.9,0.268,0.043,2020,11
VEGUETA,2020 - II,19/11/2020,1478,17.4,0.212,0.023,2020,11
VEGUETA,2020 - II,20/11/2020,767,14.1,0.016,0.026,2020,11
VEGUETA,2020 - II,21/11/2020,613,10.6,0.014,0,2020,11
VEGUETA,2020 - II,22/11/2020,1999,18,0.001,0,2020,11
VEGUETA,2020 - II,23/11/2020,1299,10.5,0,0.001,2020,11
VEGUETA,2020 - II,24/11/2020,1288,12.5,0.024,0.005,2020,11
VEGUETA,2020 - II,25/11/2020,1519,12.1,0,0,2020,11
VEGUETA,2020 - II,26/11/2020,2275,15.6,0,0,2020,11
VEGUETA,2020 - II,27/11/2020,1212,14,0.068,0.043,2020,11
VEGUETA,2020 - II,30/11/2020,1956,30.7,0.04,0,2020,11
VEGUETA,2020 - II,02/12/2020,1414,31.1,0.011,0,2020,12
VEGUETA,2020 - II,03/12/2020,491,11.1,0.285,0,2020,12
VEGUETA,2020 - II,04/12/2020,1130,31.6,0.037,0,2020,12
VEGUETA,2020 - II,06/12/2020,1962,15.4,0.024,0.007,2020,12
VEGUETA,2020 - II,07/12/2020,1636,14.3,0.144,0.008,2020,12
VEGUETA,2020 - II,08/12/2020,1606,11.4,0.147,0.074,2020,12
VEGUETA,2020 - II,09/12/2020,752,10.9,0.066,0.006,2020,12
VEGUETA,2020 - II,12/12/2020,964,16.6,0.006,0.008,2020,12
VEGUETA,2020 - II,13/12/2020,1855,17.1,0,0,2020,12
VEGUETA,2020 - II,14/12/2020,1278,13.6,0.006,0.069,2020,12
VEGUETA,2020 - II,15/12/2020,1221,9.4,0.035,0.107,2020,12
VEGUETA,2020 - II,16/12/2020,1382,12.5,0,0.03,2020,12
VEGUETA,2020 - II,17/12/2020,2333,30.4,0.002,0.009,2020,12
VEGUETA,2020 - II,19/12/2020,2426,11.6,0.133,0.066,2020,12
VEGUETA,2020 - II,20/12/2020,197,6.9,0.045,0.112,2020,12
VEGUETA,2020 - II,21/12/2020,718,27.5,0,0.025,2020,12
VEGUETA,2020 - II,22/12/2020,966,28.3,0,0.036,2020,12
VEGUETA,2020 - II,23/12/2020,688,39.8,0,0.035,2020,12
VEGUETA,2020 - II,26/12/2020,558,27.9,0,0.004,2020,12
VEGUETA,2020 - II,27/12/2020,1520,24.7,0.008,0,2020,12
VEGUETA,2020 - II,28/12/2020,1042,36.2,0,0.003,2020,12
VEGUETA,2020 - II,31/12/2020,1408,41.2,0,0.037,2020,12
VEGUETA,2020 - II,06/01/2021,1129,7.7,0.286,0.008,2021,1
VEGUETA,2020 - II,09/01/2021,816,10.9,0.062,0.029,2021,1
VEGUETA,2020 - II,10/01/2021,994,13.2,0.185,0.016,2021,1
VEGUETA,2020 - II,11/01/2021,1450,10.6,0.07,0.015,2021,1
VEGUETA,2020 - II,12/01/2021,2278,13.6,0.212,0.048,2021,1
VEGUETA,2020 - II,13/01/2021,1490,13.1,0.245,0.029,2021,1
VEGUETA,2020 - II,15/01/2021,454,9.5,0.493,0.092,2021,1
VEGUETA,2020 - II,16/01/2021,896,13.3,0.266,0.012,2021,1
VEGUETA,2020 - II,18/01/2021,664,8.3,0.672,0.004,2021,1
VEGUETA,2020 - II,19/01/2021,1578,7.2,0.22,0.019,2021,1
VEGUETA,2020 - II,21/01/2021,698,8.4,0.314,0.043,2021,1
VEGUETA,2021 - I,30/04/2021,1741,11.9,0.29,0.008,2021,4
VEGUETA,2021 - I,01/05/2021,2643,14.5,0.159,0.03,2021,5
VEGUETA,2021 - I,02/05/2021,2973,13.5,0.077,0.003,2021,5
VEGUETA,2021 - I,03/05/2021,1188,10.6,0.258,0.009,2021,5
VEGUETA,2021 - I,04/05/2021,2656,12.9,0.152,0,2021,5
VEGUETA,2021 - I,05/05/2021,2533,14.2,0.178,0,2021,5
VEGUETA,2021 - I,06/05/2021,2586,13.8,0.129,0.006,2021,5
VEGUETA,2021 - I,07/05/2021,2693,14,0.114,0,2021,5
VEGUETA,2021 - I,08/05/2021,2048,13.8,0.366,0.001,2021,5
VEGUETA,2021 - I,09/05/2021,2410,15.6,0.335,0,2021,5
VEGUETA,2021 - I,10/05/2021,336,10.4,0.598,0,2021,5
VEGUETA,2021 - I,11/05/2021,524,13.2,0.181,0.001,2021,5
VEGUETA,2021 - I,12/05/2021,1817,13.3,0.309,0.014,2021,5
VEGUETA,2021 - I,13/05/2021,915,10.2,0.591,0,2021,5
VEGUETA,2021 - I,14/05/2021,711,10.1,0.227,0,2021,5
VEGUETA,2021 - I,15/05/2021,3261,25.2,0.07,0.007,2021,5
VEGUETA,2021 - I,16/05/2021,1832,11.1,0.366,0,2021,5
VEGUETA,2021 - I,18/05/2021,973,11.5,0.431,0.011,2021,5
VEGUETA,2021 - I,22/05/2021,1275,9.8,0.508,0,2021,5
VEGUETA,2021 - I,23/05/2021,4275,30,0.023,0,2021,5
VEGUETA,2021 - I,24/05/2021,794,16.7,0.084,0,2021,5
VEGUETA,2021 - I,28/05/2021,102,14.6,0.413,0,2021,5
VEGUETA,2021 - I,29/05/2021,1218,8.5,0.041,0,2021,5
VEGUETA,2021 - I,30/05/2021,3055,17.3,0.17,0,2021,5
VEGUETA,2021 - I,03/06/2021,1960,19,0.279,0,2021,6
VEGUETA,2021 - I,04/06/2021,726,10.6,0.223,0,2021,6
VEGUETA,2021 - I,05/06/2021,920,13.3,0.15,0,2021,6
VEGUETA,2021 - I,06/06/2021,538,14.3,0.174,0,2021,6
VEGUETA,2021 - I,07/06/2021,112,13.6,0.302,0,2021,6
VEGUETA,2021 - I,09/06/2021,399,12.7,0.125,0,2021,6
VEGUETA,2021 - I,10/06/2021,420,7,0.325,0,2021,6
VEGUETA,2021 - I,16/06/2021,284,7.2,0.248,0,2021,6
VEGUETA,2021 - I,17/06/2021,2356,11.7,0.218,0.004,2021,6
VEGUETA,2021 - I,18/06/2021,2705,15.9,0.274,0.017,2021,6
VEGUETA,2021 - I,19/06/2021,32,8,0.786,0.078,2021,6
VEGUETA,2021 - I,23/06/2021,1212,8.5,0.316,0,2021,6
VEGUETA,2021 - I,03/07/2021,283,19.6,0,0.002,2021,7
VEGUETA,2021 - I,05/07/2021,1659,36.7,0,0,2021,7
VEGUETA,2021 - II,15/11/2021,1279,16.4,0.03,0.103,2021,11
VEGUETA,2021 - II,17/11/2021,2605,14.6,0.248,0.03,2021,11
VEGUETA,2021 - II,18/11/2021,1983,16.7,0.093,0.017,2021,11
VEGUETA,2021 - II,19/11/2021,2914,19.6,0.054,0.004,2021,11
VEGUETA,2021 - II,20/11/2021,2532,16.5,0.051,0,2021,11
VEGUETA,2021 - II,21/11/2021,2723,14.9,0.034,0,2021,11
VEGUETA,2021 - II,22/11/2021,1178,18.4,0.109,0.005,2021,11
VEGUETA,2021 - II,23/11/2021,2759,14.4,0.064,0.001,2021,11
VEGUETA,2021 - II,24/11/2021,1741,12.9,0.157,0.015,2021,11
VEGUETA,2021 - II,25/11/2021,2026,16.1,0.005,0,2021,11
VEGUETA,2021 - II,26/11/2021,2817,20,0.032,0,2021,11
VEGUETA,2021 - II,27/11/2021,1758,15.4,0.058,0,2021,11
VEGUETA,2021 - II,28/11/2021,3002,13.8,0.022,0.011,2021,11
VEGUETA,2021 - II,29/11/2021,2881,16.2,0.066,0.018,2021,11
VEGUETA,2021 - II,30/11/2021,771,15.6,0.063,0.003,2021,11
VEGUETA,2021 - II,01/12/2021,2722,15.4,0.016,0.001,2021,12
VEGUETA,2021 - II,02/12/2021,2046,21.6,0.007,0,2021,12
VEGUETA,2021 - II,03/12/2021,640,17.8,0.024,0,2021,12
VEGUETA,2021 - II,04/12/2021,2422,12.3,0.074,0,2021,12
VEGUETA,2021 - II,05/12/2021,653,15.9,0.058,0.002,2021,12
VEGUETA,2021 - II,06/12/2021,3056,17.1,0.017,0.006,2021,12
VEGUETA,2021 - II,07/12/2021,2328,12.7,0.09,0.008,2021,12
VEGUETA,2021 - II,08/12/2021,2752,17.2,0.271,0.059,2021,12
VEGUETA,2021 - II,09/12/2021,577,10.4,0.038,0.064,2021,12
VEGUETA,2021 - II,10/12/2021,1630,12.9,0.026,0.045,2021,12
VEGUETA,2021 - II,11/12/2021,1358,10.6,0.051,0.042,2021,12
VEGUETA,2021 - II,12/12/2021,1013,9.2,0.061,0.009,2021,12
VEGUETA,2021 - II,13/12/2021,1568,11.5,0.084,0.038,2021,12
VEGUETA,2021 - II,14/12/2021,1081,8.6,0.067,0.025,2021,12
VEGUETA,2021 - II,15/12/2021,1902,12.9,0.046,0.034,2021,12
VEGUETA,2021 - II,16/12/2021,2358,11.9,0.311,0.023,2021,12
VEGUETA,2021 - II,17/12/2021,1070,8.4,0.382,0.011,2021,12
VEGUETA,2021 - II,18/12/2021,1202,9.7,0.164,0,2021,12
VEGUETA,2021 - II,19/12/2021,1139,10.7,0.269,0,2021,12
VEGUETA,2021 - II,20/12/2021,198,6,0.001,0,2021,12
VEGUETA,2022 - I,04/05/2022,1707,8.2,0.689,0.022,2022,5
VEGUETA,2022 - I,05/05/2022,2953,15.8,0.678,0.022,2022,5
VEGUETA,2022 - I,06/05/2022,2091,23.7,0.552,0.017,2022,5
VEGUETA,2022 - I,07/05/2022,586,12.9,0.445,0.001,2022,5
VEGUETA,2022 - I,08/05/2022,1392,18.1,0.241,0,2022,5
VEGUETA,2022 - I,10/05/2022,595,27,0.128,0,2022,5
VEGUETA,2022 - I,11/05/2022,2044,27.5,0.045,0.008,2022,5
VEGUETA,2022 - I,12/05/2022,2891,14.2,0.62,0.014,2022,5
VEGUETA,2022 - I,13/05/2022,3363,19.7,0.687,0.043,2022,5
VEGUETA,2022 - I,14/05/2022,2172,26.8,0.636,0.011,2022,5
VEGUETA,2022 - I,16/05/2022,2818,28.1,0.061,0,2022,5
VEGUETA,2022 - I,18/05/2022,1924,14.6,0.162,0,2022,5
VEGUETA,2022 - I,19/05/2022,2398,17.4,0.078,0,2022,5
VEGUETA,2022 - I,21/05/2022,1707,22.3,0.241,0,2022,5
VEGUETA,2022 - I,22/05/2022,3186,19.7,0.093,0,2022,5
VEGUETA,2022 - I,23/05/2022,889,18,0.064,0,2022,5
VEGUETA,2022 - I,24/05/2022,425,8.7,0.062,0,2022,5
VEGUETA,2022 - I,26/05/2022,1490,30.5,0.075,0.04,2022,5
VEGUETA,2022 - I,28/05/2022,2768,27.4,0.192,0.001,2022,5
VEGUETA,2022 - I,29/05/2022,938,11.6,0.492,0.019,2022,5
VEGUETA,2022 - I,30/05/2022,2052,23.4,0.318,0,2022,5
VEGUETA,2022 - I,31/05/2022,1743,16.9,0.236,0,2022,5
VEGUETA,2022 - I,01/06/2022,1703,21.8,0.106,0.007,2022,6
VEGUETA,2022 - I,02/06/2022,1627,26,0.232,0,2022,6
VEGUETA,2022 - I,03/06/2022,1934,24,0.359,0.016,2022,6
VEGUETA,2022 - I,10/06/2022,723,13.3,0.194,0,2022,6
VEGUETA,2022 - I,11/06/2022,2769,20.2,0.199,0.052,2022,6
VEGUETA,2022 - I,12/06/2022,2097,15.9,0.248,0.074,2022,6
VEGUETA,2022 - I,13/06/2022,1935,21.3,0.451,0.072,2022,6
VEGUETA,2022 - I,15/06/2022,712,13.5,0.024,0.022,2022,6
VEGUETA,2022 - I,16/06/2022,1928,10.8,0.077,0.003,2022,6
VEGUETA,2022 - I,18/06/2022,2050,29.9,0.271,0.043,2022,6
VEGUETA,2022 - I,19/06/2022,1579,22.4,0.587,0.026,2022,6
VEGUETA,2022 - I,20/06/2022,2094,12.9,0.402,0,2022,6
VEGUETA,2022 - I,21/06/2022,2933,15.6,0.207,0,2022,6
VEGUETA,2022 - I,22/06/2022,1996,16.6,0.171,0,2022,6
VEGUETA,2022 - I,02/07/2022,922,9.4,0.13,0,2022,7
VEGUETA,2022 - I,03/07/2022,2413,20.7,0.106,0.02,2022,7
VEGUETA,2022 - I,05/07/2022,1256,9.7,0.625,0.087,2022,7
VEGUETA,2022 - I,06/07/2022,1802,9.7,0.489,0.026,2022,7
VEGUETA,2022 - I,07/07/2022,984,10.3,0.549,0.038,2022,7
VEGUETA,2022 - I,11/07/2022,472,12.8,0.388,0.053,2022,7
VEGUETA,2022 - I,12/07/2022,765,20.4,0.514,0.044,2022,7
VEGUETA,2022 - I,13/07/2022,997,12.1,0.511,0.044,2022,7
VEGUETA,2022 - I,14/07/2022,1436,15,0.389,0,2022,7
VEGUETA,2022 - I,23/07/2022,932,9.6,0.794,0.033,2022,7
VEGUETA,2022 - II,23/11/2022,2083,13.7,0.311,0,2022,11
VEGUETA,2022 - II,24/11/2022,1123,17.8,0.23,0.007,2022,11
VEGUETA,2022 - II,27/11/2022,260,3.7,0.481,0.004,2022,11
VEGUETA,2022 - II,28/11/2022,2916,20.6,0.369,0.009,2022,11
VEGUETA,2022 - II,30/11/2022,1322,14.4,0.033,0.003,2022,11
VEGUETA,2022 - II,01/12/2022,616,12.3,0.122,0.023,2022,12
VEGUETA,2022 - II,02/12/2022,810,12.8,0.13,0.032,2022,12
VEGUETA,2022 - II,04/12/2022,1430,9.3,0.596,0.117,2022,12
VEGUETA,2022 - II,07/12/2022,850,24.7,0.045,0,2022,12
VEGUETA,2022 - II,08/12/2022,49,4,0.106,0.02,2022,12
VEGUETA,2022 - II,09/12/2022,1122,12.3,0.58,0.009,2022,12
VEGUETA,2022 - II,10/12/2022,869,7.2,0.406,0.009,2022,12
VEGUETA,2022 - II,11/12/2022,426,6.1,0.6,0.043,2022,12
VEGUETA,2022 - II,12/12/2022,739,27.1,0.554,0.005,2022,12
VEGUETA,2022 - II,13/12/2022,1098,11.6,0.108,0.008,2022,12
VEGUETA,2022 - II,14/12/2022,2605,14.4,0.032,0,2022,12
VEGUETA,2022 - II,15/12/2022,1078,14.2,0.043,0,2022,12
VEGUETA,2022 - II,16/12/2022,1178,17.6,0.027,0.002,2022,12
VEGUETA,2022 - II,18/12/2022,2826,21,0.003,0,2022,12
VEGUETA,2022 - II,19/12/2022,1860,25.2,0.004,0,2022,12
VEGUETA,2022 - II,20/12/2022,349,11.1,0.358,0.001,2022,12
VEGUETA,2022 - II,21/12/2022,2517,11.1,0.534,0.026,2022,12
VEGUETA,2022 - II,29/12/2022,1156,14.5,0.023,0.011,2022,12
VEGUETA,2022 - II,30/12/2022,440,10.1,0,0.003,2022,12
VEGUETA,2022 - II,03/01/2023,1371,6.2,0.325,0.016,2023,1
VEGUETA,2022 - II,04/01/2023,253,9.2,0.717,0.079,2023,1
VEGUETA,2022 - II,07/01/2023,440,9.8,0.108,0.048,2023,1
VEGUETA,2022 - II,10/01/2023,89,5.9,0.675,0.01,2023,1
VEGUETA,2022 - II,14/01/2023,683,13,0.47,0.092,2023,1
VEGUETA,2023 - I,07/08/2023,1058,24,0.83,0.005,2023,8
VEGUETA,2023 - I,08/08/2023,676,38.7,0.66,0,2023,8
VEGUETA,2023 - I,09/08/2023,282,7.4,0.839,0.008,2023,8
VEGUETA,2023 - I,10/08/2023,272,8.6,0.748,0.019,2023,8
VEGUETA,2023 - II,21/10/2023,2723,12.2,0.653,0,2023,10
VEGUETA,2023 - II,22/10/2023,2032,12.9,0.405,0,2023,10
VEGUETA,2023 - II,23/10/2023,903,10.9,0.729,0,2023,10
VEGUETA,2023 - II,24/10/2023,858,12.1,0.756,0,2023,10
VEGUETA,2023 - II,25/10/2023,839,12,0.585,0,2023,10
VEGUETA,2023 - II,26/10/2023,1281,12.9,0.482,0,2023,10
VEGUETA,2023 - II,27/10/2023,965,13.4,0,0,2023,10
VEGUETA,2023 - II,28/10/2023,872,36.3,0.234,0,2023,10
VEGUETA,2023 - II,31/10/2023,2426,12.3,0.57,0,2023,10
VEGUETA,2023 - II,01/11/2023,2538,20.3,0.719,0,2023,11
VEGUETA,2023 - II,02/11/2023,988,14.2,0.323,0,2023,11
VEGUETA,2023 - II,03/11/2023,1552,15.4,0.249,0,2023,11
VEGUETA,2023 - II,04/11/2023,1758,12.8,0.417,0,2023,11
VEGUETA,2023 - II,05/11/2023,2640,17.3,0.675,0.062,2023,11
VEGUETA,2023 - II,06/11/2023,1956,15.6,0.443,0,2023,11
VEGUETA,2023 - II,07/11/2023,1345,15.7,0.506,0,2023,11
VEGUETA,2023 - II,08/11/2023,2307,16.7,0.32,0,2023,11
VEGUETA,2023 - II,09/11/2023,1242,15.3,0.182,0,2023,11
VEGUETA,2023 - II,10/11/2023,1635,11.3,0.612,0.003,2023,11
VEGUETA,2023 - II,12/11/2023,2015,13.9,0.362,0,2023,11
VEGUETA,2023 - II,13/11/2023,2242,18.5,0.356,0,2023,11
VEGUETA,2023 - II,19/11/2023,945,10.4,0.26,0,2023,11
VEGUETA,2023 - II,20/11/2023,400,12,0.415,0,2023,11
VEGUETA,2023 - II,21/11/2023,2109,21.4,0.31,0,2023,11
VEGUETA,2023 - II,22/11/2023,1514,14.6,0.284,0,2023,11
VEGUETA,2023 - II,23/11/2023,973,16.9,0.21,0,2023,11
VEGUETA,2023 - II,26/11/2023,1159,11,0.361,0,2023,11
VEGUETA,2023 - II,03/12/2023,405,19.2,0.328,0,2023,12
VEGUETA,2023 - II,07/12/2023,416,10.3,0.168,0,2023,12
VEGUETA,2023 - II,08/12/2023,705,9,0.023,0,2023,12
VEGUETA,2023 - II,09/12/2023,377,6.6,0.003,0,2023,12
VEGUETA,2023 - II,10/12/2023,227,11.8,0.097,0,2023,12
VEGUETA,2023 - II,11/12/2023,156,6.7,0.016,0.002,2023,12
VEGUETA,2024 - I,16/04/2024,249,9.7,0.253,0.011,2024,4
VEGUETA,2024 - I,17/04/2024,2187,21.2,0.496,0.019,2024,4
VEGUETA,2024 - I,18/04/2024,1678,14.4,0.524,0.001,2024,4
VEGUETA,2024 - I,19/04/2024,2416,17,0.42,0,2024,4
VEGUETA,2024 - I,20/04/2024,1991,12.3,0.443,0.01,2024,4
VEGUETA,2024 - I,21/04/2024,2043,19.1,0.849,0,2024,4
VEGUETA,2024 - I,22/04/2024,2243,23.4,0.844,0.001,2024,4
VEGUETA,2024 - I,24/04/2024,627,12.2,0.554,0.029,2024,4
VEGUETA,2024 - I,25/04/2024,2037,11.3,0.259,0,2024,4
VEGUETA,2024 - I,26/04/2024,2332,23.8,0.614,0.042,2024,4
VEGUETA,2024 - I,27/04/2024,1438,9,0.235,0,2024,4
VEGUETA,2024 - I,28/04/2024,1386,10.8,0.587,0.044,2024,4
VEGUETA,2024 - I,29/04/2024,2058,11.3,0.468,0.017,2024,4
VEGUETA,2024 - I,30/04/2024,2302,13.8,0.384,0.006,2024,4
VEGUETA,2024 - I,01/05/2024,2483,15.2,0.659,0.035,2024,5
VEGUETA,2024 - I,02/05/2024,2446,11.9,0.31,0.001,2024,5
VEGUETA,2024 - I,03/05/2024,2571,14.3,0.764,0.032,2024,5
VEGUETA,2024 - I,04/05/2024,625,8,0.639,0.011,2024,5
VEGUETA,2024 - I,05/05/2024,2259,16.7,0.466,0.068,2024,5
VEGUETA,2024 - I,06/05/2024,700,9.8,0.217,0.005,2024,5
VEGUETA,2024 - I,07/05/2024,1351,14.7,0.32,0.009,2024,5
VEGUETA,2024 - I,08/05/2024,1999,17.4,0.307,0.007,2024,5
VEGUETA,2024 - I,09/05/2024,1574,13.4,0.105,0,2024,5
VEGUETA,2024 - I,10/05/2024,2363,12.6,0.03,0,2024,5
VEGUETA,2024 - I,11/05/2024,233,6.4,0.078,0,2024,5
VEGUETA,2024 - I,12/05/2024,1987,13.2,0.723,0.066,2024,5
VEGUETA,2024 - I,13/05/2024,1483,13.4,0.442,0.033,2024,5
VEGUETA,2024 - I,14/05/2024,1517,11.2,0.526,0.05,2024,5
VEGUETA,2024 - I,15/05/2024,1173,10.3,0.148,0.024,2024,5
VEGUETA,2024 - I,16/05/2024,788,12.1,0.283,0,2024,5
VEGUETA,2024 - I,17/05/2024,486,8.1,0.221,0.002,2024,5
VEGUETA,2024 - I,18/05/2024,827,8,0.17,0.002,2024,5
VEGUETA,2024 - I,19/05/2024,1179,12.4,0.04,0,2024,5
VEGUETA,2024 - I,20/05/2024,491,10.1,0.028,0,2024,5
VEGUETA,2024 - I,21/05/2024,1399,13.7,0.047,0.001,2024,5
VEGUETA,2024 - I,22/05/2024,1129,12.4,0.237,0.015,2024,5
VEGUETA,2024 - I,23/05/2024,2265,13.1,0.244,0.004,2024,5
VEGUETA,2024 - I,24/05/2024,971,11.4,0.104,0.001,2024,5
VEGUETA,2024 - I,25/05/2024,1814,8.9,0.2,0.02,2024,5
VEGUETA,2024 - I,26/05/2024,1038,12,0.523,0.215,2024,5
VEGUETA,2024 - I,27/05/2024,738,10.7,0.642,0.18,2024,5
VEGUETA,2024 - I,28/05/2024,747,13.1,0.146,0,2024,5
VEGUETA,2024 - II,01/11/2024,1923,12.7,0.001,0.004,2024,11
VEGUETA,2024 - II,02/11/2024,1808,12.9,0.012,0.007,2024,11
VEGUETA,2024 - II,03/11/2024,1849,12.6,0.013,0.044,2024,11
VEGUETA,2024 - II,04/11/2024,1632,15.7,0.015,0.013,2024,11
VEGUETA,2024 - II,05/11/2024,492,7.8,0,0,2024,11
VEGUETA,2024 - II,08/11/2024,896,9.3,0.092,0.015,2024,11
VEGUETA,2024 - II,09/11/2024,635,10.6,0.01,0.067,2024,11
VEGUETA,2024 - II,11/11/2024,1797,11.2,0.028,0.003,2024,11
VEGUETA,2024 - II,12/11/2024,1042,10.2,0.024,0,2024,11
VEGUETA,2024 - II,13/11/2024,1880,12.8,0.004,0.004,2024,11
VEGUETA,2024 - II,14/11/2024,2827,16,0.01,0.005,2024,11
VEGUETA,2024 - II,15/11/2024,2274,21.2,0.007,0.001,2024,11
VEGUETA,2024 - II,16/11/2024,829,11,0.034,0.004,2024,11
VEGUETA,2024 - II,17/11/2024,916,9.6,0.018,0.023,2024,11
VEGUETA,2024 - II,18/11/2024,1516,12.3,0.014,0.034,2024,11
VEGUETA,2024 - II,19/11/2024,606,8.9,0.001,0.003,2024,11
VEGUETA,2024 - II,20/11/2024,444,11.6,0.02,0.01,2024,11
VEGUETA,2024 - II,21/11/2024,914,11.5,0.028,0.07,2024,11
VEGUETA,2024 - II,22/11/2024,915,14.9,0.289,0.108,2024,11
VEGUETA,2024 - II,23/11/2024,1560,8.3,0.115,0.016,2024,11
VEGUETA,2024 - II,24/11/2024,2223,10.9,0.123,0.009,2024,11
VEGUETA,2024 - II,25/11/2024,549,13.3,0.108,0.007,2024,11
VEGUETA,2024 - II,28/11/2024,191,11,0.286,0.016,2024,11
VEGUETA,2024 - II,29/11/2024,203,11.9,0.236,0.04,2024,11
VEGUETA,2024 - II,03/12/2024,492,9.6,0.026,0.094,2024,12
VEGUETA,2024 - II,04/12/2024,984,31.9,0.06,0.081,2024,12
VEGUETA,2024 - II,13/12/2024,1369,32.9,0.015,0.039,2024,12
VEGUETA,2024 - II,14/12/2024,244,11.2,0.45,0.02,2024,12
VEGUETA,2024 - II,15/12/2024,812,16.4,0.161,0.042,2024,12
VEGUETA,2025 - I,22/04/2025,2822,15.4,0.257,0.007,2025,4
VEGUETA,2025 - I,23/04/2025,972,17.2,0.328,0.001,2025,4
VEGUETA,2025 - I,24/04/2025,303,9.1,0.327,0.034,2025,4
VEGUETA,2025 - I,25/04/2025,1775,16,0.126,0.055,2025,4
VEGUETA,2025 - I,27/04/2025,1818,16.6,0.408,0.057,2025,4
VEGUETA,2025 - I,28/04/2025,1304,14.9,0.298,0.108,2025,4
VEGUETA,2025 - I,29/04/2025,1566,8.8,0.348,0.031,2025,4
VEGUETA,2025 - I,30/04/2025,2621,14.4,0.454,0.009,2025,4
VEGUETA,2025 - I,01/05/2025,2524,13.3,0.419,0.09,2025,5
VEGUETA,2025 - I,02/05/2025,3129,14.2,0.273,0.073,2025,5
VEGUETA,2025 - I,03/05/2025,1399,16.1,0.426,0.103,2025,5
VEGUETA,2025 - I,04/05/2025,2598,12.3,0.627,0.138,2025,5
VEGUETA,2025 - I,05/05/2025,1903,10,0.108,0.012,2025,5
VEGUETA,2025 - I,06/05/2025,1483,13.5,0.233,0.058,2025,5
VEGUETA,2025 - I,07/05/2025,2561,16.9,0.625,0.102,2025,5
VEGUETA,2025 - I,08/05/2025,2268,13.4,0.43,0.034,2025,5
VEGUETA,2025 - I,09/05/2025,2568,20.8,0.434,0.158,2025,5
VEGUETA,2025 - I,10/05/2025,2644,11.7,0.096,0.001,2025,5
VEGUETA,2025 - I,11/05/2025,3309,14.4,0.176,0,2025,5
VEGUETA,2025 - I,12/05/2025,2314,12,0.151,0.011,2025,5
VEGUETA,2025 - I,13/05/2025,1216,15.5,0.161,0.042,2025,5
VEGUETA,2025 - I,14/05/2025,2074,13.6,0.19,0.01,2025,5
VEGUETA,2025 - I,16/05/2025,1423,14.5,0.135,0.002,2025,5
VEGUETA,2025 - I,17/05/2025,2902,15.1,0.238,0.062,2025,5
VEGUETA,2025 - I,18/05/2025,2003,11.9,0.371,0.042,2025,5
VEGUETA,2025 - I,19/05/2025,2772,16.6,0.318,0.008,2025,5
VEGUETA,2025 - I,20/05/2025,3041,14.5,0.259,0.013,2025,5
VEGUETA,2025 - I,21/05/2025,274,8.7,0.244,0,2025,5
VEGUETA,2025 - I,30/05/2025,638,10.2,0.278,0,2025,5
VEGUETA,2025 - I,31/05/2025,830,18.5,0.619,0.323,2025,5
VEGUETA,2025 - I,02/06/2025,1293,14.4,0.413,0.006,2025,6
VEGUETA,2025 - I,03/06/2025,1198,12.2,0.289,0.07,2025,6
VEGUETA,2025 - I,04/06/2025,1299,28.4,0.313,0.013,2025,6
VEGUETA,2025 - I,05/06/2025,2349,19.7,0.369,0.022,2025,6
VEGUETA,2025 - I,11/06/2025,616,13.6,0.717,0.011,2025,6
VEGUETA,2025 - I,12/06/2025,196,10.9,0.406,0.019,2025,6
VEGUETA,2025 - I,20/06/2025,862,10.6,0.451,0.063,2025,6
VEGUETA,2025 - I,21/06/2025,827,6.3,0.422,0.02,2025,6
VEGUETA,2025 - I,22/06/2025,1334,9.1,0.553,0.045,2025,6
VEGUETA,2025 - I,23/06/2025,260,5.8,0.636,0.018,2025,6
VEGUETA,2025 - I,24/06/2025,261,5.4,0.422,0.031,2025,6
VEGUETA,2025 - I,25/06/2025,385,12.3,0.253,0.13,2025,6
VEGUETA,2025 - I,26/06/2025,79,5.2,0.514,0.06,2025,6
VEGUETA,2025 - I,02/07/2025,118,14.4,0.909,0.01,2025,7
VEGUETA,2025 - II,11/11/2025,679,10.3,0.531,0.077,2025,11
VEGUETA,2025 - II,14/11/2025,1264,19.8,0.051,0,2025,11
VEGUETA,2025 - II,19/11/2025,1415,29.9,0.077,0,2025,11
VEGUETA,2025 - II,20/11/2025,931,21.3,0.067,0.004,2025,11
VEGUETA,2025 - II,23/11/2025,317,13.7,0.15,0.008,2025,11
VEGUETA,2025 - II,24/11/2025,2619,15.7,0.102,0.012,2025,11
VEGUETA,2025 - II,25/11/2025,273,11.9,0.041,0.012,2025,11
VEGUETA,2025 - II,26/11/2025,918,14.1,0.071,0,2025,11
VEGUETA,2025 - II,27/11/2025,293,12.6,0.064,0.005,2025,11
VEGUETA,2025 - II,28/11/2025,274,14.9,0.025,0.002,2025,11
VEGUETA,2025 - II,29/11/2025,2854,15.7,0.034,0,2025,11
VEGUETA,2025 - II,30/11/2025,2743,12.4,0.026,0,2025,11
VEGUETA,2025 - II,01/12/2025,1052,10.2,0.015,0.018,2025,12
VEGUETA,2025 - II,02/12/2025,428,12.3,0.023,0.029,2025,12
VEGUETA,2025 - II,04/12/2025,1521,17.7,0.041,0.018,2025,12
VEGUETA,2025 - II,05/12/2025,3087,22.7,0.014,0,2025,12
VEGUETA,2025 - II,06/12/2025,2722,24.7,0.039,0.001,2025,12
VEGUETA,2025 - II,07/12/2025,3176,19.1,0.033,0,2025,12
VEGUETA,2025 - II,08/12/2025,1835,16,0.023,0.007,2025,12
VEGUETA,2025 - II,09/12/2025,150,7.2,0.017,0.006,2025,12
VEGUETA,2025 - II,10/12/2025,1741,12.2,0.008,0,2025,12
VEGUETA,2025 - II,11/12/2025,1760,13.3,0.023,0.014,2025,12
VEGUETA,2025 - II,16/12/2025,936,27.3,0.008,0,2025,12
VEGUETA,2025 - II,19/12/2025,1898,15.9,0.053,0,2025,12
VEGUETA,2025 - II,20/12/2025,2479,13.8,0.037,0.001,2025,12
VEGUETA,2025 - II,21/12/2025,133,24.6,0.025,0,2025,12
VEGUETA,2025 - II,27/12/2025,868,7.3,0.032,0.053,2025,12
VEGUETA,2025 - II,28/12/2025,385,27.3,0.464,0.038,2025,12
VEGUETA,2025 - II,10/01/2026,1081,23.2,0.07,0.011,2026,1
VEGUETA,2026 - I,09/04/2026,2829,16.4,0.206,0.081,2026,4
VEGUETA,2026 - I,10/04/2026,2336,13.5,0.209,0.031,2026,4
VEGUETA,2026 - I,11/04/2026,1185,10.5,0.383,0.024,2026,4
VEGUETA,2026 - I,12/04/2026,596,8.2,0.076,0.002,2026,4
VEGUETA,2026 - I,13/04/2026,510,8.7,0.624,0.013,2026,4
VEGUETA,2026 - I,14/04/2026,947,11.2,0.135,0.025,2026,4
VEGUETA,2026 - I,17/04/2026,224,5.2,0.519,0.002,2026,4
VEGUETA,2026 - I,18/04/2026,290,9.1,0.93,0.017,2026,4
VEGUETA,2026 - I,19/04/2026,352,10.5,0.875,0.003,2026,4
VEGUETA,2026 - I,20/04/2026,465,11.7,0.49,0.08,2026,4
VEGUETA,2026 - I,21/04/2026,1030,14.1,0.497,0.077,2026,4
VEGUETA,2026 - I,22/04/2026,3327,21,0.334,0,2026,4
VEGUETA,2026 - I,23/04/2026,2977,21.1,0.386,0.097,2026,4
VEGUETA,2026 - I,24/04/2026,2023,22.4,0.588,0.003,2026,4
VEGUETA,2026 - I,07/05/2026,32,10.5,0.816,0.051,2026,5
