PLANTA,TEMPORADA,DESCARG,TDC_POND,JUVX2,Munida_pond,ANO,MES,Fecha,%SP+P,%SP+P ANTERIOR,ORIGEN
CALLAO,2020 - II,574,12.8,0.125,0.065,2020,11,12/11/2020,,,solo calidadmp
CALLAO,2020 - II,2891,13.9,0.156,0.019,2020,11,13/11/2020,,,solo calidadmp
CALLAO,2020 - II,3484,12,0.092,0.042,2020,11,14/11/2020,,,solo calidadmp
CALLAO,2020 - II,3333,15.1,0.101,0.048,2020,11,15/11/2020,,,solo calidadmp
CALLAO,2020 - II,4296,15.3,0.247,0.009,2020,11,16/11/2020,,,solo calidadmp
CALLAO,2020 - II,396,10,0.197,0.075,2020,11,17/11/2020,,,solo calidadmp
CALLAO,2020 - II,1889,10.2,0.119,0.059,2020,11,18/11/2020,,,solo calidadmp
CALLAO,2020 - II,2554,19.5,0.072,0.012,2020,11,19/11/2020,,,solo calidadmp
CALLAO,2020 - II,1124,8.9,0.035,0.004,2020,11,20/11/2020,,,solo calidadmp
CALLAO,2020 - II,1002,10,0.039,0.071,2020,11,21/11/2020,,,solo calidadmp
CALLAO,2020 - II,548,16.4,0.072,0.012,2020,11,24/11/2020,,,solo calidadmp
CALLAO,2020 - II,1632,15.9,0.059,0.025,2020,11,25/11/2020,,,solo calidadmp
CALLAO,2020 - II,608,14.1,0.013,0.031,2020,11,26/11/2020,,,solo calidadmp
CALLAO,2020 - II,917,28.7,0.058,0.131,2020,11,27/11/2020,,,solo calidadmp
CALLAO,2020 - II,1080,25.5,0.048,0.017,2020,12,03/12/2020,,,solo calidadmp
CALLAO,2020 - II,705,13.7,0.166,0.027,2020,12,04/12/2020,,,solo calidadmp
CALLAO,2020 - II,3395,15.7,0.155,0.029,2020,12,06/12/2020,,,solo calidadmp
CALLAO,2020 - II,2312,11.7,0.026,0.045,2020,12,07/12/2020,,,solo calidadmp
CALLAO,2020 - II,3763,14.5,0.092,0.045,2020,12,08/12/2020,,,solo calidadmp
CALLAO,2020 - II,2251,10.3,0.095,0.012,2020,12,09/12/2020,,,solo calidadmp
CALLAO,2020 - II,2929,13,0.216,0.012,2020,12,10/12/2020,,,solo calidadmp
CALLAO,2020 - II,1276,12.6,0.109,0.058,2020,12,11/12/2020,,,solo calidadmp
CALLAO,2020 - II,904,8.2,0.071,0.066,2020,12,12/12/2020,,,solo calidadmp
CALLAO,2020 - II,351,10.2,0.149,0.052,2020,12,13/12/2020,,,solo calidadmp
CALLAO,2020 - II,468,11.3,0.003,0,2020,12,15/12/2020,,,solo calidadmp
CALLAO,2020 - II,697,12.1,0.032,0.084,2020,12,16/12/2020,,,solo calidadmp
CALLAO,2020 - II,1097,9.5,0.037,0.004,2020,12,17/12/2020,,,solo calidadmp
CALLAO,2020 - II,2035,12.3,0.065,0.029,2020,12,18/12/2020,,,solo calidadmp
CALLAO,2020 - II,349,8.3,0.029,0.075,2020,12,20/12/2020,,,solo calidadmp
CALLAO,2020 - II,1209,12,0.049,0.001,2020,12,21/12/2020,,,solo calidadmp
CALLAO,2020 - II,2248,34.9,0.002,0.004,2020,12,27/12/2020,,,solo calidadmp
CALLAO,2020 - II,548,8,0.163,0.001,2021,1,05/01/2021,,,solo calidadmp
CALLAO,2020 - II,244,5.8,0.011,0.03,2021,1,14/01/2021,,,solo calidadmp
CALLAO,2020 - II,370,11.6,0.162,0.003,2021,1,15/01/2021,,,solo calidadmp
CALLAO,2020 - II,905,10.5,0.247,0.003,2021,1,16/01/2021,,,solo calidadmp
CALLAO,2020 - II,276,5.8,0.038,0,2021,1,17/01/2021,,,solo calidadmp
CALLAO,2020 - II,431,7.5,0.145,0,2021,1,18/01/2021,,,solo calidadmp
CALLAO,2020 - II,3719,20.3,0.22,0.02,2021,1,20/01/2021,,,solo calidadmp
CALLAO,2020 - II,852,6.3,0.606,0.002,2021,1,21/01/2021,,,solo calidadmp
CALLAO,2020 - II,43,14.6,0.446,0.014,2021,1,22/01/2021,,,solo calidadmp
CALLAO,2021 - I,36,3.7,0.854,0,2021,4,23/04/2021,,,solo calidadmp
CALLAO,2021 - I,1084,11.1,0.247,0,2021,4,24/04/2021,0.4,,ambas
CALLAO,2021 - I,3563,12.2,0.544,0,2021,4,25/04/2021,0.06,0.4,ambas
CALLAO,2021 - I,1637,16.7,0.812,0,2021,4,26/04/2021,0,0.06,ambas
CALLAO,2021 - I,2304,17.7,0.201,0.004,2021,4,27/04/2021,0.78,0,ambas
CALLAO,2021 - I,4071,18.9,0.195,0.014,2021,4,28/04/2021,0.56,0.78,ambas
CALLAO,2021 - I,4579,21.5,0.183,0.009,2021,4,29/04/2021,0.42,0.56,ambas
CALLAO,2021 - I,1631,21.6,0.347,0.023,2021,4,30/04/2021,0.26,0.42,ambas
CALLAO,2021 - I,2780,25.6,0.124,0.005,2021,5,01/05/2021,0.55,0.26,ambas
CALLAO,2021 - I,3291,27.6,0.039,0,2021,5,02/05/2021,0.46,0.55,ambas
CALLAO,2021 - I,2988,27.6,0.123,0,2021,5,03/05/2021,0.65,0.46,ambas
CALLAO,2021 - I,2348,22.7,0.349,0,2021,5,04/05/2021,0.03,0.65,ambas
CALLAO,2021 - I,661,27.6,0.614,0,2021,5,05/05/2021,0.29,0.03,ambas
CALLAO,2021 - I,708,23.7,0.178,0.019,2021,5,06/05/2021,0,0.29,ambas
CALLAO,2021 - I,677,15,0.049,0,2021,5,10/05/2021,0.32,,ambas
CALLAO,2021 - I,4563,12.6,0.1,0,2021,5,11/05/2021,0.3,0.32,ambas
CALLAO,2021 - I,3391,17.1,0.172,0,2021,5,12/05/2021,0.36,0.3,ambas
CALLAO,2021 - I,2993,11.6,0.197,0,2021,5,13/05/2021,0.39,0.36,ambas
CALLAO,2021 - I,3764,17.6,0.251,0,2021,5,14/05/2021,0.55,0.39,ambas
CALLAO,2021 - I,3542,13.7,0.224,0,2021,5,15/05/2021,0.4,0.55,ambas
CALLAO,2021 - I,2214,21.7,0.166,0,2021,5,16/05/2021,0,0.4,ambas
CALLAO,2021 - I,603,11.5,0.264,0,2021,5,17/05/2021,0,0,ambas
CALLAO,2021 - I,197,8.8,0.632,0.001,2021,5,18/05/2021,0,0,ambas
CALLAO,2021 - I,163,27.2,0.41,0,2021,5,19/05/2021,,,solo calidadmp
CALLAO,2021 - I,420,10.7,0.132,0,2021,5,21/05/2021,0.3,,ambas
CALLAO,2021 - I,776,12.9,0.165,0,2021,5,22/05/2021,0.61,0.3,ambas
CALLAO,2021 - I,832,9.8,0.264,0.003,2021,5,23/05/2021,0.69,0.61,ambas
CALLAO,2021 - I,4432,15.5,0.081,0,2021,5,24/05/2021,0.7,0.69,ambas
CALLAO,2021 - I,1589,12.6,0.196,0,2021,5,25/05/2021,0.32,0.7,ambas
CALLAO,2021 - I,25,5.5,0.357,0.067,2021,5,26/05/2021,1,0.32,ambas
CALLAO,2021 - I,233,14.5,0.13,0,2021,5,28/05/2021,0,,ambas
CALLAO,2021 - I,228,12.9,0.126,0,2021,5,29/05/2021,1,0,ambas
CALLAO,2021 - I,602,9.7,0.07,0,2021,5,30/05/2021,1,1,ambas
CALLAO,2021 - I,2493,26.8,0.228,0,2021,6,01/06/2021,0,,ambas
CALLAO,2021 - I,1408,8.2,0.124,0,2021,6,02/06/2021,1,0,ambas
CALLAO,2021 - I,4087,14.2,0.279,0,2021,6,03/06/2021,0.87,1,ambas
CALLAO,2021 - I,3352,14,0.216,0,2021,6,04/06/2021,0.43,0.87,ambas
CALLAO,2021 - I,3191,13.6,0.181,0,2021,6,05/06/2021,0.66,0.43,ambas
CALLAO,2021 - I,2325,12,0.099,0,2021,6,06/06/2021,0.85,0.66,ambas
CALLAO,2021 - I,1106,11.6,0.327,0.001,2021,6,07/06/2021,0.5,0.85,ambas
CALLAO,2021 - I,1681,12.8,0.103,0,2021,6,08/06/2021,0.72,0.5,ambas
CALLAO,2021 - I,3718,15.7,0.252,0,2021,6,09/06/2021,0.53,0.72,ambas
CALLAO,2021 - I,293,6.5,0.183,0,2021,6,10/06/2021,0,0.53,ambas
CALLAO,2021 - I,1579,12.1,0.313,0,2021,6,11/06/2021,1,0,ambas
CALLAO,2021 - I,490,7.2,0.263,0.003,2021,6,12/06/2021,0.76,1,ambas
CALLAO,2021 - I,1004,12.2,0.445,0,2021,6,13/06/2021,1,0.76,ambas
CALLAO,2021 - I,736,7.7,0.535,0.034,2021,6,15/06/2021,0.61,,ambas
CALLAO,2021 - I,798,13.2,0.647,0.022,2021,6,19/06/2021,0.73,,ambas
CALLAO,2021 - I,1067,11.2,0.373,0,2021,6,22/06/2021,1,,ambas
CALLAO,2021 - II,3591,16.3,0.091,0.067,2021,11,15/11/2021,0.07,,ambas
CALLAO,2021 - II,3197,14.2,0.123,0.025,2021,11,16/11/2021,0.36,0.07,ambas
CALLAO,2021 - II,3106,11.3,0.307,0.017,2021,11,17/11/2021,0.23,0.36,ambas
CALLAO,2021 - II,3087,14.2,0.267,0.017,2021,11,18/11/2021,0.47,0.23,ambas
CALLAO,2021 - II,4304,12.7,0.142,0.008,2021,11,19/11/2021,0.55,0.47,ambas
CALLAO,2021 - II,2120,11.9,0.02,0,2021,11,20/11/2021,0.89,0.55,ambas
CALLAO,2021 - II,3814,13.2,0.106,0.003,2021,11,21/11/2021,0.95,0.89,ambas
CALLAO,2021 - II,3144,13.7,0.051,0.005,2021,11,22/11/2021,0.81,0.95,ambas
CALLAO,2021 - II,1422,14.6,0.006,0.018,2021,11,23/11/2021,0.9,0.81,ambas
CALLAO,2021 - II,1060,26,0.027,0.01,2021,11,24/11/2021,0.85,0.9,ambas
CALLAO,2021 - II,1078,39,0.006,0.001,2021,11,27/11/2021,0.92,,ambas
CALLAO,2021 - II,4097,11.8,0.035,0.029,2021,11,28/11/2021,0.97,0.92,ambas
CALLAO,2021 - II,4155,11.2,0.057,0.019,2021,11,29/11/2021,0.83,0.97,ambas
CALLAO,2021 - II,2163,10.7,0.015,0.001,2021,11,30/11/2021,1,0.83,ambas
CALLAO,2021 - II,3524,22,0,0,2021,12,01/12/2021,0.86,1,ambas
CALLAO,2021 - II,656,28.1,0,0,2021,12,03/12/2021,0.69,,ambas
CALLAO,2021 - II,5109,27.6,0.007,0,2021,12,04/12/2021,0.93,0.69,ambas
CALLAO,2021 - II,4285,12.8,0.007,0.003,2021,12,06/12/2021,0.77,,ambas
CALLAO,2021 - II,3557,10.8,0.064,0.017,2021,12,07/12/2021,0.89,0.77,ambas
CALLAO,2021 - II,4120,14.3,0.215,0.014,2021,12,08/12/2021,0.83,0.89,ambas
CALLAO,2021 - II,3155,12,0.181,0.002,2021,12,09/12/2021,0.99,0.83,ambas
CALLAO,2021 - II,3063,18,0.167,0.001,2021,12,10/12/2021,1,0.99,ambas
CALLAO,2021 - II,4138,19.4,0.178,0,2021,12,11/12/2021,0.79,1,ambas
CALLAO,2021 - II,1895,14.8,0.236,0.001,2021,12,12/12/2021,0.04,0.79,ambas
CALLAO,2021 - II,925,40.4,0.377,0,2021,12,13/12/2021,0.88,0.04,ambas
CALLAO,2021 - II,4119,15.6,0.151,0,2021,12,14/12/2021,0.84,0.88,ambas
CALLAO,2021 - II,2624,20.9,0.096,0,2021,12,15/12/2021,0.79,0.84,ambas
CALLAO,2021 - II,2449,20.1,0.278,0.037,2021,12,16/12/2021,0.97,0.79,ambas
CALLAO,2021 - II,2003,19.6,0.096,0,2021,12,17/12/2021,0.78,0.97,ambas
CALLAO,2021 - II,3903,22.8,0.121,0.002,2021,12,18/12/2021,0.88,0.78,ambas
CALLAO,2021 - II,1998,21.2,0.099,0.024,2021,12,19/12/2021,1,0.88,ambas
CALLAO,2021 - II,1624,29.4,0.17,0.011,2021,12,20/12/2021,0.54,1,ambas
CALLAO,2021 - II,3323,16.9,0.223,0.003,2021,12,21/12/2021,0.67,0.54,ambas
CALLAO,2021 - II,1122,16.4,0.093,0.003,2021,12,22/12/2021,1,0.67,ambas
CALLAO,2021 - II,2596,23.9,0.209,0.008,2021,12,23/12/2021,0.91,1,ambas
CALLAO,2021 - II,2979,16,0.152,0,2021,12,25/12/2021,0.48,,ambas
CALLAO,2021 - II,1690,11,0.097,0,2021,12,26/12/2021,0.55,0.48,ambas
CALLAO,2021 - II,633,11.7,0.142,0.02,2021,12,27/12/2021,1,0.55,ambas
CALLAO,2021 - II,860,8.4,0.149,0,2021,12,28/12/2021,0.62,1,ambas
CALLAO,2021 - II,2362,13.6,0.63,0.001,2021,12,29/12/2021,0.78,0.62,ambas
CALLAO,2021 - II,2826,17.9,0.146,0,2021,12,31/12/2021,0.73,,ambas
CALLAO,2021 - II,865,19.3,0.125,0,2022,1,01/01/2022,0.49,0.73,ambas
CALLAO,2021 - II,2250,31.1,0.134,0.048,2022,1,02/01/2022,0.66,0.49,ambas
CALLAO,2021 - II,249,14.7,0,0,2022,1,03/01/2022,0,0.66,ambas
CALLAO,2022 - I,2163,9.6,0.18,0.001,2022,5,04/05/2022,0.63,,ambas
CALLAO,2022 - I,3783,13.8,0.453,0.001,2022,5,05/05/2022,0.72,0.63,ambas
CALLAO,2022 - I,4006,12,0.395,0.007,2022,5,06/05/2022,0.86,0.72,ambas
CALLAO,2022 - I,4162,10.6,0.268,0.01,2022,5,07/05/2022,0.72,0.86,ambas
CALLAO,2022 - I,4085,14.1,0.16,0.002,2022,5,08/05/2022,0.49,0.72,ambas
CALLAO,2022 - I,3028,20.3,0.086,0.016,2022,5,09/05/2022,0.83,0.49,ambas
CALLAO,2022 - I,3186,16.5,0.162,0.003,2022,5,10/05/2022,0.42,0.83,ambas
CALLAO,2022 - I,2719,12.5,0.079,0,2022,5,11/05/2022,0.57,0.42,ambas
CALLAO,2022 - I,4896,19,0.288,0.021,2022,5,12/05/2022,0.03,0.57,ambas
CALLAO,2022 - I,329,21.4,0.028,0,2022,5,18/05/2022,0.12,,ambas
CALLAO,2022 - I,1760,22.5,0.158,0,2022,5,19/05/2022,0.59,0.12,ambas
CALLAO,2022 - I,970,14.3,0.07,0,2022,5,20/05/2022,0,0.59,ambas
CALLAO,2022 - I,1012,20.9,0.033,0,2022,5,21/05/2022,1,0,ambas
CALLAO,2022 - I,3311,16.9,0.131,0,2022,5,22/05/2022,0.46,1,ambas
CALLAO,2022 - I,3631,16.9,0.173,0.001,2022,5,23/05/2022,0.18,0.46,ambas
CALLAO,2022 - I,1306,17.3,0.199,0,2022,5,24/05/2022,0,0.18,ambas
CALLAO,2022 - I,422,13.5,0.05,0,2022,5,25/05/2022,0,0,ambas
CALLAO,2022 - I,3078,24.9,0.051,0,2022,5,26/05/2022,0,0,ambas
CALLAO,2022 - I,706,9.3,0.112,0.08,2022,5,27/05/2022,0,0,ambas
CALLAO,2022 - I,4204,17.6,0.153,0,2022,5,28/05/2022,0.4,0,ambas
CALLAO,2022 - I,929,13.5,0.199,0,2022,5,29/05/2022,0.25,0.4,ambas
CALLAO,2022 - I,1569,13,0.372,0.003,2022,5,30/05/2022,0.65,0.25,ambas
CALLAO,2022 - I,2512,17.2,0.38,0.006,2022,5,31/05/2022,0.57,0.65,ambas
CALLAO,2022 - I,2147,23.7,0.161,0,2022,6,01/06/2022,0.71,0.57,ambas
CALLAO,2022 - I,33,13.2,0.043,0,2022,6,02/06/2022,0.52,0.71,ambas
CALLAO,2022 - I,207,10.2,0.313,0.018,2022,6,09/06/2022,0.45,,ambas
CALLAO,2022 - I,529,9.9,0.134,0.022,2022,6,10/06/2022,0.78,0.45,ambas
CALLAO,2022 - I,3308,11.5,0.23,0.016,2022,6,11/06/2022,0.81,0.78,ambas
CALLAO,2022 - I,2370,10,0.1,0.01,2022,6,12/06/2022,0.92,0.81,ambas
CALLAO,2022 - I,2690,11.6,0.083,0.025,2022,6,13/06/2022,0.78,0.92,ambas
CALLAO,2022 - I,7175,22.8,0.212,0.005,2022,6,14/06/2022,0.41,0.78,ambas
CALLAO,2022 - I,198,9.8,0.146,0.001,2022,6,16/06/2022,0.02,,ambas
CALLAO,2022 - I,1488,22,0.3,0,2022,6,20/06/2022,0.89,,ambas
CALLAO,2022 - I,3720,23.7,0.112,0,2022,6,21/06/2022,0.75,0.89,ambas
CALLAO,2022 - I,1084,25.7,0.057,0,2022,6,22/06/2022,0.85,0.75,ambas
CALLAO,2022 - I,405,6.5,0.056,0.015,2022,7,01/07/2022,1,,ambas
CALLAO,2022 - I,3507,16.7,0.096,0.006,2022,7,02/07/2022,0.79,1,ambas
CALLAO,2022 - I,3615,14.7,0.123,0.025,2022,7,03/07/2022,0.66,0.79,ambas
CALLAO,2022 - I,2479,13.8,0.204,0.001,2022,7,04/07/2022,0.91,0.66,ambas
CALLAO,2022 - I,1262,10.2,0.252,0.03,2022,7,05/07/2022,0.54,0.91,ambas
CALLAO,2022 - I,2585,24.9,0.485,0.035,2022,7,12/07/2022,0.54,,ambas
CALLAO,2022 - I,2306,14.4,0.155,0.008,2022,7,13/07/2022,0.58,0.54,ambas
CALLAO,2022 - I,3648,15.4,0.2,0.003,2022,7,14/07/2022,0.83,0.58,ambas
CALLAO,2022 - I,1203,10.3,0.236,0.02,2022,7,19/07/2022,0.68,,ambas
CALLAO,2022 - I,4005,13.3,0.062,0,2022,7,20/07/2022,0.5,0.68,ambas
CALLAO,2022 - I,1338,9.5,0.117,0.028,2022,7,21/07/2022,0.87,0.5,ambas
CALLAO,2022 - I,2234,12,0.073,0.009,2022,7,22/07/2022,0.86,0.87,ambas
CALLAO,2022 - I,1750,12,0.083,0.002,2022,7,23/07/2022,0.83,0.86,ambas
CALLAO,2022 - II,3749,10.1,0.341,0,2022,11,23/11/2022,1,,ambas
CALLAO,2022 - II,3773,11,0.077,0.001,2022,11,24/11/2022,0.66,1,ambas
CALLAO,2022 - II,560,8.3,0.089,0.021,2022,11,25/11/2022,1,0.66,ambas
CALLAO,2022 - II,1526,11.6,0.057,0,2022,11,26/11/2022,0.71,1,ambas
CALLAO,2022 - II,626,6.1,0,0.084,2022,11,27/11/2022,0.37,0.71,ambas
CALLAO,2022 - II,4055,11.6,0.117,0.009,2022,11,28/11/2022,0.54,0.37,ambas
CALLAO,2022 - II,2914,11.4,0.085,0.003,2022,11,29/11/2022,0.6,0.54,ambas
CALLAO,2022 - II,3377,11.5,0.123,0,2022,11,30/11/2022,0.5,0.6,ambas
CALLAO,2022 - II,2969,10.3,0.088,0.006,2022,12,01/12/2022,1,0.5,ambas
CALLAO,2022 - II,3143,12.7,0.071,0.011,2022,12,02/12/2022,0.83,1,ambas
CALLAO,2022 - II,1412,10,0.078,0.019,2022,12,03/12/2022,0.63,0.83,ambas
CALLAO,2022 - II,1006,9.2,0.273,0.018,2022,12,04/12/2022,0.74,0.63,ambas
CALLAO,2022 - II,2927,10.4,0.155,0.014,2022,12,05/12/2022,0.51,0.74,ambas
CALLAO,2022 - II,2879,10.6,0.141,0.007,2022,12,06/12/2022,0.43,0.51,ambas
CALLAO,2022 - II,1268,13.9,0.177,0.021,2022,12,07/12/2022,0,0.43,ambas
CALLAO,2022 - II,806,5.4,0.322,0.02,2022,12,10/12/2022,0.02,,ambas
CALLAO,2022 - II,900,12.2,0.285,0.019,2022,12,11/12/2022,0.96,0.02,ambas
CALLAO,2022 - II,523,11.8,0.203,0.005,2022,12,13/12/2022,0.88,,ambas
CALLAO,2022 - II,2122,15.4,0.022,0,2022,12,14/12/2022,0.45,0.88,ambas
CALLAO,2022 - II,2889,19.2,0.025,0,2022,12,15/12/2022,0.43,0.45,ambas
CALLAO,2022 - II,580,18.4,0,0,2022,12,16/12/2022,0.4,0.43,ambas
CALLAO,2022 - II,1902,23.3,0.025,0,2022,12,17/12/2022,0.96,0.4,ambas
CALLAO,2022 - II,532,7.9,0.182,0.037,2022,12,18/12/2022,0,0.96,ambas
CALLAO,2022 - II,243,10.8,0.046,0.016,2022,12,19/12/2022,0,0,ambas
CALLAO,2022 - II,455,10.8,0.083,0.082,2022,12,20/12/2022,0.7,0,ambas
CALLAO,2022 - II,304,7.1,0.143,0.038,2022,12,21/12/2022,0.59,0.7,ambas
CALLAO,2022 - II,992,9.4,0.191,0.14,2022,12,22/12/2022,0.09,0.59,ambas
CALLAO,2022 - II,141,6.1,0.773,0.062,2022,12,26/12/2022,0.25,,ambas
CALLAO,2022 - II,1955,10.1,0.018,0.005,2022,12,27/12/2022,0.78,0.25,ambas
CALLAO,2022 - II,3099,19.4,0.068,0.051,2022,12,28/12/2022,0.71,0.78,ambas
CALLAO,2022 - II,327,10,0.062,0.243,2022,12,29/12/2022,0,0.71,ambas
CALLAO,2022 - II,485,8.5,0.036,0.062,2022,12,30/12/2022,0,0,ambas
CALLAO,2022 - II,82,7.8,0,0,2022,12,31/12/2022,0,0,ambas
CALLAO,2022 - II,296,9.5,0.275,0.174,2023,1,01/01/2023,0,0,ambas
CALLAO,2022 - II,723,10.6,0.556,0.006,2023,1,02/01/2023,0.56,0,ambas
CALLAO,2022 - II,1148,8.5,0.283,0.061,2023,1,03/01/2023,0.89,0.56,ambas
CALLAO,2022 - II,317,8.3,0.298,0.118,2023,1,04/01/2023,0.44,0.89,ambas
CALLAO,2022 - II,2119,15.1,0.243,0.017,2023,1,06/01/2023,0.25,,ambas
CALLAO,2022 - II,383,10.7,0.17,0.029,2023,1,07/01/2023,0,0.25,ambas
CALLAO,2022 - II,1304,11.2,0.112,0.039,2023,1,08/01/2023,0.75,0,ambas
CALLAO,2022 - II,2942,13.2,0.327,0.007,2023,1,09/01/2023,0.84,0.75,ambas
CALLAO,2022 - II,2156,15,0.141,0.003,2023,1,10/01/2023,0.64,0.84,ambas
CALLAO,2022 - II,1711,10.9,0.249,0.044,2023,1,14/01/2023,0.04,,ambas
CALLAO,2022 - II,541,13.4,0.295,0.056,2023,1,15/01/2023,0.72,0.04,ambas
CALLAO,2022 - II,1733,18.2,0.285,0.197,2023,1,16/01/2023,0,0.72,ambas
CALLAO,2022 - II,473,10.2,0.149,0.047,2023,1,17/01/2023,0,0,ambas
CALLAO,2022 - II,33,5.9,0,0.176,2023,1,18/01/2023,0,0,ambas
CALLAO,2022 - II,2089,20.2,0.18,0.024,2023,1,19/01/2023,0,0,ambas
CALLAO,2022 - II,51,12.3,0.258,0.291,2023,1,21/01/2023,0,,ambas
CALLAO,2022 - II,609,8.1,0.044,0,2023,1,22/01/2023,0.34,0,ambas
CALLAO,2022 - II,644,10.7,0.3,0.025,2023,1,23/01/2023,0,0.34,ambas
CALLAO,2022 - II,1264,11,0.201,0.035,2023,1,24/01/2023,0.05,0,ambas
CALLAO,2022 - II,2748,11.4,0.216,0.024,2023,1,25/01/2023,0.56,0.05,ambas
CALLAO,2022 - II,1673,10.8,0.315,0.032,2023,1,27/01/2023,0.67,,ambas
CALLAO,2022 - II,62,2.9,0.312,0.02,2023,1,28/01/2023,0,0.67,ambas
CALLAO,2022 - II,798,24.1,0.564,0.038,2023,1,29/01/2023,0,0,ambas
CALLAO,2022 - II,799,11.4,0.51,0.068,2023,1,30/01/2023,0.63,0,ambas
CALLAO,2022 - II,276,6.1,0.343,0.019,2023,1,31/01/2023,0,0.63,ambas
CALLAO,2022 - II,1680,8.5,0.673,0.024,2023,2,01/02/2023,0.74,0,ambas
CALLAO,2023 - I,1267,9.7,0.841,0,2023,6,03/06/2023,0.16,,ambas
CALLAO,2023 - I,448,14.9,0.887,0.003,2023,6,04/06/2023,0,0.16,ambas
CALLAO,2023 - I,209,15.4,0.611,0,2023,8,05/08/2023,0,,ambas
CALLAO,2023 - II,3614,18,0.764,0,2023,10,21/10/2023,0.35,,ambas
CALLAO,2023 - II,1872,11.1,0.789,0,2023,10,23/10/2023,0.38,,ambas
CALLAO,2023 - II,3112,14.2,0.782,0,2023,10,24/10/2023,0.05,0.38,ambas
CALLAO,2023 - II,199,28.7,0.337,0,2023,10,25/10/2023,0,0.05,ambas
CALLAO,2023 - II,3028,16.6,0.558,0,2023,10,26/10/2023,0.8,0,ambas
CALLAO,2023 - II,2779,21,0.354,0,2023,10,27/10/2023,0.84,0.8,ambas
CALLAO,2023 - II,3234,18.4,0.467,0,2023,10,28/10/2023,0.52,0.84,ambas
CALLAO,2023 - II,2672,26.4,0.573,0,2023,10,29/10/2023,0.66,0.52,ambas
CALLAO,2023 - II,1137,17.3,0.562,0,2023,10,31/10/2023,0.82,,ambas
CALLAO,2023 - II,3979,15.5,0.726,0,2023,11,01/11/2023,0.36,0.82,ambas
CALLAO,2023 - II,2927,17.3,0.437,0,2023,11,02/11/2023,0.29,0.36,ambas
CALLAO,2023 - II,3621,18.5,0.297,0,2023,11,03/11/2023,0,0.29,ambas
CALLAO,2023 - II,1562,25.8,0.367,0,2023,11,04/11/2023,0.13,0,ambas
CALLAO,2023 - II,3333,21.1,0.726,0.019,2023,11,05/11/2023,0.18,0.13,ambas
CALLAO,2023 - II,1388,26.5,0.535,0.022,2023,11,06/11/2023,0.54,0.18,ambas
CALLAO,2023 - II,2223,16.8,0.678,0,2023,11,07/11/2023,0.47,0.54,ambas
CALLAO,2023 - II,3915,17.4,0.493,0,2023,11,08/11/2023,0.46,0.47,ambas
CALLAO,2023 - II,1564,17.5,0.68,0,2023,11,09/11/2023,0,0.46,ambas
CALLAO,2023 - II,3674,19.2,0.673,0.001,2023,11,11/11/2023,0.06,,ambas
CALLAO,2023 - II,2744,13.6,0.568,0,2023,11,12/11/2023,0.41,0.06,ambas
CALLAO,2023 - II,1570,7.7,0.609,0,2023,11,13/11/2023,0,0.41,ambas
CALLAO,2023 - II,1828,11.4,0.564,0,2023,11,14/11/2023,0.15,0,ambas
CALLAO,2023 - II,1757,9.3,0.646,0,2023,11,15/11/2023,0.46,0.15,ambas
CALLAO,2023 - II,603,7.9,0.681,0,2023,11,16/11/2023,0.09,0.46,ambas
CALLAO,2023 - II,1385,10.9,0.618,0.002,2023,11,17/11/2023,0.54,0.09,ambas
CALLAO,2023 - II,2079,12.9,0.525,0,2023,11,19/11/2023,0.63,,ambas
CALLAO,2023 - II,1397,10,0.525,0,2023,11,20/11/2023,0.41,0.63,ambas
CALLAO,2023 - II,3159,21.2,0.519,0.004,2023,11,21/11/2023,0.75,0.41,ambas
CALLAO,2023 - II,3290,12.8,0.456,0,2023,11,22/11/2023,0.68,0.75,ambas
CALLAO,2023 - II,3029,15.4,0.584,0,2023,11,23/11/2023,0.1,0.68,ambas
CALLAO,2023 - II,1495,12,0.526,0,2023,11,24/11/2023,0.16,0.1,ambas
CALLAO,2023 - II,3046,15.4,0.594,0,2023,11,25/11/2023,0.67,0.16,ambas
CALLAO,2023 - II,939,11.5,0.355,0,2023,11,26/11/2023,0.41,0.67,ambas
CALLAO,2023 - II,3795,18.3,0.486,0.001,2023,11,27/11/2023,0.27,0.41,ambas
CALLAO,2023 - II,342,14.6,0.781,0,2023,11,28/11/2023,0.43,0.27,ambas
CALLAO,2023 - II,2008,16.2,0.596,0.012,2023,11,29/11/2023,0.21,0.43,ambas
CALLAO,2023 - II,235,6.9,0.711,0,2023,11,30/11/2023,0.16,0.21,ambas
CALLAO,2023 - II,2086,9.5,0.702,0,2023,12,01/12/2023,0.72,0.16,ambas
CALLAO,2023 - II,689,8.9,0.525,0.006,2023,12,03/12/2023,0.79,,ambas
CALLAO,2023 - II,811,11,0.527,0,2023,12,04/12/2023,0.66,0.79,ambas
CALLAO,2023 - II,3225,15,0.649,0,2023,12,05/12/2023,0.33,0.66,ambas
CALLAO,2023 - II,921,26.2,0.526,0.001,2023,12,06/12/2023,0.28,0.33,ambas
CALLAO,2023 - II,1005,10.9,0.379,0,2023,12,10/12/2023,0.57,,ambas
CALLAO,2023 - II,61,8.3,0.606,0.014,2023,12,11/12/2023,0,0.57,ambas
CALLAO,2023 - II,110,6,0.808,0,2023,12,17/12/2023,0,,ambas
CALLAO,2023 - II,856,15.6,0.745,0,2023,12,18/12/2023,0,0,ambas
CALLAO,2023 - II,390,11.4,0.785,0,2023,12,19/12/2023,0,0,ambas
CALLAO,2023 - II,528,5.8,0.623,0.007,2023,12,29/12/2023,0.9,,ambas
CALLAO,2023 - II,578,8.1,0.21,0.001,2023,12,30/12/2023,0.96,0.9,ambas
CALLAO,2023 - II,2155,13.7,0.655,0,2023,12,31/12/2023,0.58,0.96,ambas
CALLAO,2023 - II,1422,10.3,0.388,0.011,2024,1,01/01/2024,0.08,0.58,ambas
CALLAO,2023 - II,469,11.1,0.739,0.032,2024,1,02/01/2024,0,0.08,ambas
CALLAO,2023 - II,1099,14.4,0.862,0,2024,1,03/01/2024,0,0,ambas
CALLAO,2023 - II,813,17.8,0.622,0.001,2024,1,05/01/2024,0,,ambas
CALLAO,2023 - II,365,10,0.678,0.002,2024,1,06/01/2024,0,0,ambas
CALLAO,2023 - II,134,12.6,0.698,0.011,2024,1,07/01/2024,0,0,ambas
CALLAO,2023 - II,2074,12.8,0.683,0.01,2024,1,08/01/2024,0.32,0,ambas
CALLAO,2023 - II,2204,11,0.686,0,2024,1,09/01/2024,0.59,0.32,ambas
CALLAO,2023 - II,1543,11.1,0.584,0.004,2024,1,10/01/2024,0.1,0.59,ambas
CALLAO,2023 - II,1002,13.4,0.707,0,2024,1,11/01/2024,0.17,0.1,ambas
CALLAO,2023 - II,390,15.4,0.779,0.003,2024,1,12/01/2024,0,0.17,ambas
CALLAO,2024 - I,2731,61.8,0.883,0.024,2024,4,16/04/2024,0,,ambas
CALLAO,2024 - I,3338,16.3,0.614,0.023,2024,4,17/04/2024,0,0,ambas
CALLAO,2024 - I,3165,21.6,0.709,0.015,2024,4,18/04/2024,0,0,ambas
CALLAO,2024 - I,3507,13.5,0.652,0.013,2024,4,20/04/2024,0.16,,ambas
CALLAO,2024 - I,2159,13,0.734,0.011,2024,4,21/04/2024,0.04,0.16,ambas
CALLAO,2024 - I,1295,17.2,0.871,0.02,2024,4,22/04/2024,0.09,0.04,ambas
CALLAO,2024 - I,2272,9.5,0.568,0.034,2024,4,23/04/2024,0.49,0.09,ambas
CALLAO,2024 - I,3274,12.1,0.471,0.03,2024,4,24/04/2024,0.46,0.49,ambas
CALLAO,2024 - I,1817,13.6,0.561,0.017,2024,4,25/04/2024,0.24,0.46,ambas
CALLAO,2024 - I,2890,14.9,0.85,0.072,2024,4,26/04/2024,0,0.24,ambas
CALLAO,2024 - I,1001,12.4,0.829,0.089,2024,4,27/04/2024,0.03,0,ambas
CALLAO,2024 - I,1820,14.2,0.396,0.028,2024,4,28/04/2024,0.67,0.03,ambas
CALLAO,2024 - I,3497,20.6,0.387,0.018,2024,4,29/04/2024,0,0.67,ambas
CALLAO,2024 - I,1835,16.6,0.477,0.077,2024,4,30/04/2024,0.35,0,ambas
CALLAO,2024 - I,3585,15.1,0.407,0.016,2024,5,01/05/2024,0.62,0.35,ambas
CALLAO,2024 - I,3671,17.7,0.36,0.009,2024,5,02/05/2024,0,0.62,ambas
CALLAO,2024 - I,4315,22.7,0.318,0.011,2024,5,03/05/2024,0,0,ambas
CALLAO,2024 - I,1112,18.6,0.494,0.014,2024,5,04/05/2024,,,solo calidadmp
CALLAO,2024 - I,556,17.1,0.802,0.016,2024,5,05/05/2024,,,solo calidadmp
CALLAO,2024 - I,2429,14.9,0.679,0.015,2024,5,06/05/2024,0.09,,ambas
CALLAO,2024 - I,4125,15.3,0.557,0.02,2024,5,07/05/2024,0,0.09,ambas
CALLAO,2024 - I,2357,13.7,0.486,0.041,2024,5,08/05/2024,0,0,ambas
CALLAO,2024 - I,3033,17.7,0.519,0.017,2024,5,09/05/2024,0,0,ambas
CALLAO,2024 - I,2081,13.9,0.363,0.006,2024,5,10/05/2024,0.1,0,ambas
CALLAO,2024 - I,2202,14.5,0.435,0.013,2024,5,11/05/2024,0.66,0.1,ambas
CALLAO,2024 - I,3248,17.5,0.679,0.082,2024,5,12/05/2024,0.23,0.66,ambas
CALLAO,2024 - I,1934,12.2,0.559,0.08,2024,5,13/05/2024,0,0.23,ambas
CALLAO,2024 - I,1410,12,0.621,0.055,2024,5,14/05/2024,0,0,ambas
CALLAO,2024 - I,837,13,0.31,0.039,2024,5,15/05/2024,0.52,0,ambas
CALLAO,2024 - I,542,17.6,0.88,0.006,2024,5,17/05/2024,0,,ambas
CALLAO,2024 - I,91,7.7,0.43,0.004,2024,5,18/05/2024,0.67,0,ambas
CALLAO,2024 - I,580,11,0.3,0.012,2024,5,25/05/2024,0.55,,ambas
CALLAO,2024 - I,452,13.4,0.686,0.197,2024,5,26/05/2024,0,0.55,ambas
CALLAO,2024 - I,1250,13.1,0.67,0.033,2024,5,30/05/2024,0,,ambas
CALLAO,2024 - I,884,12.6,0.613,0.009,2024,5,31/05/2024,0,0,ambas
CALLAO,2024 - I,2171,13.1,0.504,0.012,2024,6,01/06/2024,0.64,0,ambas
CALLAO,2024 - I,2521,13,0.187,0.01,2024,6,02/06/2024,0.6,0.64,ambas
CALLAO,2024 - I,1430,13.5,0.328,0.011,2024,6,03/06/2024,0,0.6,ambas
CALLAO,2024 - II,3204,13,0.032,0.032,2024,11,01/11/2024,0.82,,ambas
CALLAO,2024 - II,2858,14.9,0.031,0.013,2024,11,02/11/2024,0.87,0.82,ambas
CALLAO,2024 - II,1415,17.5,0,0.013,2024,11,03/11/2024,0.78,0.87,ambas
CALLAO,2024 - II,372,12.8,0.004,0.006,2024,11,04/11/2024,0.91,0.78,ambas
CALLAO,2024 - II,1972,16.8,0.183,0.033,2024,11,05/11/2024,0.98,0.91,ambas
CALLAO,2024 - II,1215,16.4,0.197,0.014,2024,11,06/11/2024,0.58,0.98,ambas
CALLAO,2024 - II,1154,19.1,0.442,0.04,2024,11,07/11/2024,0.85,0.58,ambas
CALLAO,2024 - II,2521,12.4,0.241,0.048,2024,11,08/11/2024,0.73,0.85,ambas
CALLAO,2024 - II,1917,14.4,0.057,0.118,2024,11,09/11/2024,0.95,0.73,ambas
CALLAO,2024 - II,2069,13.8,0.261,0.04,2024,11,10/11/2024,0.65,0.95,ambas
CALLAO,2024 - II,678,20.8,0.049,0.001,2024,11,11/11/2024,1,0.65,ambas
CALLAO,2024 - II,2122,15.9,0.036,0.006,2024,11,14/11/2024,0.8,,ambas
CALLAO,2024 - II,2762,18.4,0.025,0.026,2024,11,15/11/2024,0.7,0.8,ambas
CALLAO,2024 - II,2717,14.1,0.218,0.034,2024,11,16/11/2024,0.92,0.7,ambas
CALLAO,2024 - II,1199,17.4,0.227,0.025,2024,11,17/11/2024,0.89,0.92,ambas
CALLAO,2024 - II,2703,13.7,0.119,0.039,2024,11,18/11/2024,0.43,0.89,ambas
CALLAO,2024 - II,3249,14.9,0.17,0.047,2024,11,19/11/2024,0.52,0.43,ambas
CALLAO,2024 - II,1009,8.9,0.33,0.043,2024,11,20/11/2024,0.85,0.52,ambas
CALLAO,2024 - II,2612,17.3,0.719,0.032,2024,11,21/11/2024,0,0.85,ambas
CALLAO,2024 - II,641,18.5,0.315,0.04,2024,11,22/11/2024,0.14,0,ambas
CALLAO,2024 - II,515,16.7,0.495,0.043,2024,11,23/11/2024,0.11,0.14,ambas
CALLAO,2024 - II,1837,16.4,0.239,0.045,2024,11,25/11/2024,0.24,,ambas
CALLAO,2024 - II,528,16,0.246,0.052,2024,11,26/11/2024,0.75,0.24,ambas
CALLAO,2024 - II,1509,12.4,0.163,0.034,2024,11,27/11/2024,0.58,0.75,ambas
CALLAO,2024 - II,2144,14.8,0.256,0.034,2024,11,28/11/2024,0.48,0.58,ambas
CALLAO,2024 - II,592,13,0.414,0.046,2024,11,29/11/2024,0.07,0.48,ambas
CALLAO,2024 - II,1218,12.9,0.116,0.017,2024,11,30/11/2024,0.63,0.07,ambas
CALLAO,2024 - II,1651,12.7,0.432,0.063,2024,12,01/12/2024,0.33,0.63,ambas
CALLAO,2024 - II,1204,18.3,0.391,0.052,2024,12,02/12/2024,0.39,0.33,ambas
CALLAO,2024 - II,388,23.2,0.312,0.059,2024,12,03/12/2024,0,0.39,ambas
CALLAO,2024 - II,246,12.9,0.488,0.029,2024,12,05/12/2024,0,,ambas
CALLAO,2024 - II,642,9.9,0.245,0.011,2024,12,06/12/2024,0.92,0,ambas
CALLAO,2024 - II,673,6.1,0.658,0.01,2024,12,07/12/2024,0.97,0.92,ambas
CALLAO,2024 - II,1296,11.2,0.088,0.013,2024,12,08/12/2024,0.78,0.97,ambas
CALLAO,2024 - II,1128,9,0.091,0.016,2024,12,09/12/2024,0.93,0.78,ambas
CALLAO,2024 - II,978,11.2,0.675,0.052,2024,12,10/12/2024,0.37,0.93,ambas
CALLAO,2024 - II,1081,11.9,0.114,0.034,2024,12,11/12/2024,0.82,0.37,ambas
CALLAO,2024 - II,2261,12.9,0.449,0.007,2024,12,12/12/2024,0.8,0.82,ambas
CALLAO,2024 - II,2407,12,0.113,0.021,2024,12,16/12/2024,0.39,,ambas
CALLAO,2024 - II,3275,10.3,0.154,0.009,2024,12,17/12/2024,0.6,0.39,ambas
CALLAO,2024 - II,2976,13.2,0.118,0.012,2024,12,18/12/2024,0.71,0.6,ambas
CALLAO,2024 - II,1967,17.3,0.191,0.036,2024,12,19/12/2024,0.65,0.71,ambas
CALLAO,2024 - II,2820,15.7,0.204,0.012,2024,12,20/12/2024,0.49,0.65,ambas
CALLAO,2024 - II,1947,21.3,0.271,0.03,2024,12,21/12/2024,0.57,0.49,ambas
CALLAO,2024 - II,879,16.4,0.085,0.13,2024,12,22/12/2024,0.29,0.57,ambas
CALLAO,2024 - II,1905,17.3,0.034,0.044,2024,12,23/12/2024,0.72,0.29,ambas
CALLAO,2024 - II,899,11.2,0.014,0.062,2024,12,27/12/2024,0.19,,ambas
CALLAO,2024 - II,1067,16.8,0.058,0.086,2024,12,30/12/2024,0.24,,ambas
CALLAO,2024 - II,2059,25.6,0.065,0.102,2024,12,31/12/2024,0.63,0.24,ambas
CALLAO,2024 - II,1578,27.1,0.025,0.092,2025,1,01/01/2025,0.56,0.63,ambas
CALLAO,2024 - II,2025,14.2,0.278,0.079,2025,1,02/01/2025,0.24,0.56,ambas
CALLAO,2024 - II,2703,18.5,0.32,0.021,2025,1,03/01/2025,0.75,0.24,ambas
CALLAO,2024 - II,1702,15.2,0.031,0.001,2025,1,04/01/2025,0.8,0.75,ambas
CALLAO,2024 - II,496,18.6,0.043,0.064,2025,1,05/01/2025,0.81,0.8,ambas
CALLAO,2024 - II,2184,10.5,0.146,0.028,2025,1,18/01/2025,0.74,,ambas
CALLAO,2024 - II,1381,28.6,0.046,0.05,2025,1,19/01/2025,0.54,0.74,ambas
CALLAO,2024 - II,2896,14.3,0.472,0.018,2025,1,20/01/2025,0.32,0.54,ambas
CALLAO,2025 - I,3809,14.3,0.318,0.074,2025,4,22/04/2025,0,,ambas
CALLAO,2025 - I,3777,16.1,0.316,0.03,2025,4,23/04/2025,0.06,0,ambas
CALLAO,2025 - I,3737,16.1,0.224,0.035,2025,4,24/04/2025,0.1,0.06,ambas
CALLAO,2025 - I,2283,16.7,0.228,0.024,2025,4,25/04/2025,0,0.1,ambas
CALLAO,2025 - I,1400,18.7,0.37,0.046,2025,4,26/04/2025,0.39,0,ambas
CALLAO,2025 - I,2816,10.2,0.569,0.026,2025,4,27/04/2025,0.63,0.39,ambas
CALLAO,2025 - I,3504,17.2,0.409,0.125,2025,4,28/04/2025,0.13,0.63,ambas
CALLAO,2025 - I,140,29.9,0.314,0.029,2025,4,29/04/2025,0.2,0.13,ambas
CALLAO,2025 - I,2811,18.5,0.364,0.035,2025,4,30/04/2025,0.5,0.2,ambas
CALLAO,2025 - I,4319,10.9,0.423,0.052,2025,5,01/05/2025,0.19,0.5,ambas
CALLAO,2025 - I,4324,16.4,0.279,0.051,2025,5,02/05/2025,0.5,0.19,ambas
CALLAO,2025 - I,2246,12.1,0.265,0.03,2025,5,03/05/2025,0.32,0.5,ambas
CALLAO,2025 - I,3178,15.4,0.316,0.1,2025,5,04/05/2025,0.07,0.32,ambas
CALLAO,2025 - I,2981,19,0.463,0.026,2025,5,05/05/2025,0.18,0.07,ambas
CALLAO,2025 - I,2636,15.1,0.269,0.131,2025,5,06/05/2025,0.22,0.18,ambas
CALLAO,2025 - I,4036,11.8,0.606,0.118,2025,5,07/05/2025,0,0.22,ambas
CALLAO,2025 - I,3930,12.8,0.391,0.061,2025,5,08/05/2025,0.37,0,ambas
CALLAO,2025 - I,2362,9.5,0.349,0.196,2025,5,09/05/2025,0.2,0.37,ambas
CALLAO,2025 - I,1706,13.4,0.275,0.108,2025,5,10/05/2025,0.41,0.2,ambas
CALLAO,2025 - I,4099,14.8,0.336,0.017,2025,5,11/05/2025,0.63,0.41,ambas
CALLAO,2025 - I,2066,14.3,0.14,0.064,2025,5,12/05/2025,0.7,0.63,ambas
CALLAO,2025 - I,805,8.1,0.337,0.141,2025,5,13/05/2025,0.2,0.7,ambas
CALLAO,2025 - I,1639,12.7,0.424,0.099,2025,5,14/05/2025,0.12,0.2,ambas
CALLAO,2025 - I,4188,12,0.212,0.12,2025,5,17/05/2025,0.5,,ambas
CALLAO,2025 - I,3895,10.6,0.38,0.106,2025,5,18/05/2025,0.34,0.5,ambas
CALLAO,2025 - I,2214,13.1,0.362,0.202,2025,5,19/05/2025,0.47,0.34,ambas
CALLAO,2025 - I,2935,15.7,0.34,0.149,2025,5,20/05/2025,0.48,0.47,ambas
CALLAO,2025 - I,2429,29.5,0.242,0.007,2025,5,21/05/2025,0.04,0.48,ambas
CALLAO,2025 - I,1120,21.9,0.13,0.054,2025,5,26/05/2025,0.74,,ambas
CALLAO,2025 - I,1941,12.7,0.38,0.025,2025,5,27/05/2025,0.14,0.74,ambas
CALLAO,2025 - I,4482,19.5,0.25,0.014,2025,5,30/05/2025,0.87,,ambas
CALLAO,2025 - I,2392,21.2,0.499,0.309,2025,5,31/05/2025,0.1,0.87,ambas
CALLAO,2025 - I,1168,15.7,0.275,0.034,2025,6,01/06/2025,0,0.1,ambas
CALLAO,2025 - I,3766,19.3,0.389,0.018,2025,6,02/06/2025,0.54,0,ambas
CALLAO,2025 - I,179,10.9,0.635,0.228,2025,6,03/06/2025,0,0.54,ambas
CALLAO,2025 - I,5515,23,0.404,0.024,2025,6,04/06/2025,0.47,0,ambas
CALLAO,2025 - I,3854,18.1,0.487,0.056,2025,6,05/06/2025,0.25,0.47,ambas
CALLAO,2025 - I,2027,14.8,0.46,0.012,2025,6,06/06/2025,0,0.25,ambas
CALLAO,2025 - I,376,17.7,0.242,0.043,2025,6,07/06/2025,0.09,0,ambas
CALLAO,2025 - I,1628,18,0.279,0.044,2025,6,08/06/2025,0.14,0.09,ambas
CALLAO,2025 - I,644,20.6,0.391,0.043,2025,6,09/06/2025,0.22,0.14,ambas
CALLAO,2025 - I,621,14.2,0.422,0.066,2025,6,10/06/2025,0,0.22,ambas
CALLAO,2025 - I,2653,18.8,0.731,0.408,2025,6,11/06/2025,0,0,ambas
CALLAO,2025 - I,680,13.3,0.659,0.235,2025,6,12/06/2025,0,0,ambas
CALLAO,2025 - I,441,26.1,0.609,0.099,2025,6,15/06/2025,0,,ambas
CALLAO,2025 - I,561,13.2,0.672,0.191,2025,6,16/06/2025,0,0,ambas
CALLAO,2025 - I,3280,13,0.477,0.05,2025,6,17/06/2025,0.66,0,ambas
CALLAO,2025 - I,586,9,0.626,0.107,2025,6,18/06/2025,0,0.66,ambas
CALLAO,2025 - I,240,3.9,0.401,0.167,2025,6,19/06/2025,0,0,ambas
CALLAO,2025 - I,1791,14.5,0.597,0.108,2025,6,20/06/2025,0,0,ambas
CALLAO,2025 - I,851,30.3,0.609,0.056,2025,6,21/06/2025,0.21,0,ambas
CALLAO,2025 - I,283,7.6,0.465,0.205,2025,6,22/06/2025,0.05,0.21,ambas
CALLAO,2025 - I,152,5,0.623,0.072,2025,6,23/06/2025,0,0.05,ambas
CALLAO,2025 - I,461,9.2,0.564,0.073,2025,6,24/06/2025,0.36,0,ambas
CALLAO,2025 - I,387,8.5,0.657,0.123,2025,6,25/06/2025,0.13,0.36,ambas
CALLAO,2025 - I,499,8.9,0.706,0.149,2025,7,01/07/2025,0.12,,ambas
CALLAO,2025 - I,2904,24.7,0.533,0.135,2025,7,02/07/2025,0.12,0.12,ambas
CALLAO,2025 - I,200,5.9,0.398,0.01,2025,7,03/07/2025,0.23,0.12,ambas
CALLAO,2025 - I,1883,19.1,0.537,0.025,2025,7,04/07/2025,0.54,0.23,ambas
CALLAO,2025 - I,532,11.5,0.744,0.075,2025,7,05/07/2025,0.08,0.54,ambas
CALLAO,2025 - I,452,8.2,0.708,0.03,2025,7,06/07/2025,0,0.08,ambas
CALLAO,2025 - I,239,9.4,0.776,0.023,2025,7,07/07/2025,0,0,ambas
CALLAO,2025 - I,988,18.2,0.494,0.004,2025,7,08/07/2025,0.02,0,ambas
CALLAO,2025 - I,380,8.2,0.442,0.02,2025,7,09/07/2025,0,0.02,ambas
CALLAO,2025 - I,943,14.6,0.747,0.123,2025,7,10/07/2025,0,0,ambas
CALLAO,2025 - I,1167,7.3,0.674,0.074,2025,7,11/07/2025,0,0,ambas
CALLAO,2025 - I,386,5.9,0.608,0.142,2025,7,12/07/2025,0,0,ambas
CALLAO,2025 - I,353,6.9,0.618,0.186,2025,7,13/07/2025,0,0,ambas
CALLAO,2025 - I,446,9.5,0.537,0.133,2025,7,14/07/2025,0,0,ambas
CALLAO,2025 - I,116,5.2,0.856,0.04,2025,7,18/07/2025,0,,ambas
CALLAO,2025 - I,201,7.7,0.679,0.012,2025,7,19/07/2025,0,0,ambas
CALLAO,2025 - I,422,11,0.618,0.007,2025,7,20/07/2025,0,0,ambas
CALLAO,2025 - I,327,7.7,0.482,0.001,2025,7,21/07/2025,0,0,ambas
CALLAO,2025 - I,37,5.4,0.763,0.269,2025,7,22/07/2025,0,0,ambas
CALLAO,2025 - I,545,17.8,0.713,0,2025,7,23/07/2025,0,0,ambas
CALLAO,2025 - II,1098,16.1,0.436,0.005,2025,11,07/11/2025,0.14,,ambas
CALLAO,2025 - II,2178,10.5,0.338,0.029,2025,11,08/11/2025,0.11,0.14,ambas
CALLAO,2025 - II,579,8.4,0.362,0.126,2025,11,09/11/2025,0.42,0.11,ambas
CALLAO,2025 - II,152,9.9,0.451,0.012,2025,11,10/11/2025,0,0.42,ambas
CALLAO,2025 - II,181,13.4,0.231,0.39,2025,11,11/11/2025,,,solo calidadmp
CALLAO,2025 - II,489,36.6,0.582,0.014,2025,11,12/11/2025,0,,ambas
CALLAO,2025 - II,525,17.8,0.002,0,2025,11,29/11/2025,0.43,,ambas
CALLAO,2025 - II,2534,22.6,0,0,2025,11,30/11/2025,0.58,0.43,ambas
CALLAO,2025 - II,1046,17.4,0.063,0.005,2025,12,01/12/2025,0.12,0.58,ambas
CALLAO,2025 - II,1888,12.4,0.144,0.021,2025,12,02/12/2025,0.63,0.12,ambas
CALLAO,2025 - II,762,12.7,0.261,0.05,2025,12,03/12/2025,0.82,0.63,ambas
CALLAO,2025 - II,1862,12.8,0.192,0.089,2025,12,04/12/2025,0.78,0.82,ambas
CALLAO,2025 - II,1720,10.8,0.281,0.105,2025,12,05/12/2025,0.76,0.78,ambas
CALLAO,2025 - II,3614,16,0.274,0.018,2025,12,06/12/2025,0.64,0.76,ambas
CALLAO,2025 - II,1880,20.4,0.119,0.061,2025,12,07/12/2025,0.86,0.64,ambas
CALLAO,2025 - II,1542,15.8,0.217,0.072,2025,12,08/12/2025,0.84,0.86,ambas
CALLAO,2025 - II,1110,9.8,0.189,0.042,2025,12,09/12/2025,0.72,0.84,ambas
CALLAO,2025 - II,369,20.1,0.085,0.064,2025,12,10/12/2025,0.13,0.72,ambas
CALLAO,2025 - II,1366,9.1,0.068,0.03,2025,12,11/12/2025,0.85,0.13,ambas
CALLAO,2025 - II,2039,10.4,0.128,0.051,2025,12,12/12/2025,0.72,0.85,ambas
CALLAO,2025 - II,1693,15.6,0.402,0.196,2025,12,13/12/2025,0.13,0.72,ambas
CALLAO,2025 - II,323,9.6,0.153,0.074,2025,12,14/12/2025,0.11,0.13,ambas
CALLAO,2025 - II,1786,16.4,0.351,0.009,2025,12,15/12/2025,0.04,0.11,ambas
CALLAO,2025 - II,1698,12.5,0.499,0.031,2025,12,16/12/2025,0.89,0.04,ambas
CALLAO,2025 - II,1380,10.6,0.118,0.229,2025,12,17/12/2025,0.41,0.89,ambas
CALLAO,2025 - II,539,6.7,0.124,0.251,2025,12,18/12/2025,0.48,0.41,ambas
CALLAO,2025 - II,887,18.6,0.549,0.116,2025,12,19/12/2025,0,0.48,ambas
CALLAO,2025 - II,3151,25.1,0.219,0.023,2025,12,20/12/2025,0.53,0,ambas
CALLAO,2025 - II,1263,15.5,0.16,0.045,2025,12,21/12/2025,0.48,0.53,ambas
CALLAO,2025 - II,3966,22.6,0.305,0.116,2025,12,22/12/2025,0.31,0.48,ambas
CALLAO,2025 - II,1860,28.9,0.248,0.162,2025,12,23/12/2025,0,0.31,ambas
CALLAO,2025 - II,751,9.2,0.231,0.121,2025,12,27/12/2025,0.26,,ambas
CALLAO,2025 - II,694,14,0.295,0.17,2025,12,28/12/2025,0,0.26,ambas
CALLAO,2025 - II,651,21.2,0.705,0.245,2025,12,29/12/2025,0,0,ambas
CALLAO,2025 - II,66,10.7,0.36,0.273,2025,12,30/12/2025,0,0,ambas
CALLAO,2025 - II,250,14.4,0.15,0,2025,12,31/12/2025,0.15,0,ambas
CALLAO,2025 - II,35,24.8,0.054,0.051,2026,1,01/01/2026,0,0.15,ambas
CALLAO,2025 - II,51,44.3,0.037,0,2026,1,05/01/2026,0,,ambas
CALLAO,2025 - II,5,7.6,0.743,0.2,2026,1,09/01/2026,,,solo calidadmp
CALLAO,2026 - I,3496,15.8,0.089,0.022,2026,4,09/04/2026,0.07,,ambas
CALLAO,2026 - I,861,11.2,0.316,0.182,2026,4,10/04/2026,0,0.07,ambas
CALLAO,2026 - I,3889,18,0.514,0.058,2026,4,11/04/2026,0.18,0,ambas
CALLAO,2026 - I,2456,21.1,0.646,0.143,2026,4,12/04/2026,0,0.18,ambas
CALLAO,2026 - I,1098,16.2,0.54,0.197,2026,4,13/04/2026,0,0,ambas
CALLAO,2026 - I,3073,19.8,0.362,0.068,2026,4,14/04/2026,0,0,ambas
CALLAO,2026 - I,2575,18,0.478,0.041,2026,4,15/04/2026,0,0,ambas
CALLAO,2026 - I,2702,23.6,0.438,0.084,2026,4,16/04/2026,0.02,0,ambas
CALLAO,2026 - I,3546,19.2,0.379,0.048,2026,4,17/04/2026,0.05,0.02,ambas
CALLAO,2026 - I,1985,18.9,0.569,0.064,2026,4,18/04/2026,0,0.05,ambas
CALLAO,2026 - I,3080,19.3,0.644,0.042,2026,4,19/04/2026,0,0,ambas
CALLAO,2026 - I,1012,22.5,0.552,0.035,2026,4,20/04/2026,0,0,ambas
CALLAO,2026 - I,2519,11,0.307,0.017,2026,4,21/04/2026,0.03,0,ambas
CALLAO,2026 - I,5536,16.5,0.346,0,2026,4,22/04/2026,0.22,0.03,ambas
CALLAO,2026 - I,3835,20.8,0.305,0.161,2026,4,23/04/2026,0,0.22,ambas
CALLAO,2026 - I,104,12.6,0.508,0,2026,4,25/04/2026,0,,ambas
CALLAO,2026 - I,56,14.2,0.776,0.327,2026,5,07/05/2026,,,solo calidadmp
CALLAO,2026 - I,98,14.7,0.252,0.084,2026,5,08/05/2026,,,solo calidadmp
CHIMBOTE,2020 - II,423,11,0,0,2020,11,12/11/2020,,,solo calidadmp
CHIMBOTE,2020 - II,1115,12.4,0,0.001,2020,11,13/11/2020,,,solo calidadmp
CHIMBOTE,2020 - II,1050,14.3,0,0,2020,11,14/11/2020,,,solo calidadmp
CHIMBOTE,2020 - II,958,28.2,0.191,0.021,2020,11,17/11/2020,,,solo calidadmp
CHIMBOTE,2020 - II,320,12.2,0,0,2020,11,18/11/2020,,,solo calidadmp
CHIMBOTE,2020 - II,631,11.6,0,0.003,2020,11,19/11/2020,,,solo calidadmp
CHIMBOTE,2020 - II,478,23.5,0.019,0.006,2020,11,20/11/2020,,,solo calidadmp
CHIMBOTE,2020 - II,851,17.4,0.004,0.006,2020,11,21/11/2020,,,solo calidadmp
CHIMBOTE,2020 - II,1647,29.1,0.029,0,2020,11,22/11/2020,,,solo calidadmp
CHIMBOTE,2020 - II,1603,33.5,0,0,2020,11,26/11/2020,,,solo calidadmp
CHIMBOTE,2020 - II,1571,37.8,0,0.021,2020,11,27/11/2020,,,solo calidadmp
CHIMBOTE,2020 - II,3099,20,0.001,0,2020,11,28/11/2020,,,solo calidadmp
CHIMBOTE,2020 - II,3590,19.4,0.023,0.001,2020,11,29/11/2020,,,solo calidadmp
CHIMBOTE,2020 - II,1705,20.4,0.008,0.004,2020,11,30/11/2020,,,solo calidadmp
CHIMBOTE,2020 - II,1420,11.7,0.014,0,2020,12,01/12/2020,,,solo calidadmp
CHIMBOTE,2020 - II,2810,15.9,0.022,0.012,2020,12,02/12/2020,,,solo calidadmp
CHIMBOTE,2020 - II,1853,13.7,0.009,0.003,2020,12,03/12/2020,,,solo calidadmp
CHIMBOTE,2020 - II,2643,16.8,0.028,0.001,2020,12,04/12/2020,,,solo calidadmp
CHIMBOTE,2020 - II,1739,21.2,0.013,0.007,2020,12,05/12/2020,,,solo calidadmp
CHIMBOTE,2020 - II,1239,11.5,0.019,0.06,2020,12,06/12/2020,,,solo calidadmp
CHIMBOTE,2020 - II,1929,20.1,0,0.004,2020,12,07/12/2020,,,solo calidadmp
CHIMBOTE,2020 - II,1135,20.9,0,0.006,2020,12,08/12/2020,,,solo calidadmp
CHIMBOTE,2020 - II,2986,22.2,0,0.011,2020,12,09/12/2020,,,solo calidadmp
CHIMBOTE,2020 - II,1334,19.5,0.049,0,2020,12,10/12/2020,,,solo calidadmp
CHIMBOTE,2020 - II,4771,32,0,0.004,2020,12,11/12/2020,,,solo calidadmp
CHIMBOTE,2020 - II,818,19.6,0,0,2020,12,12/12/2020,,,solo calidadmp
CHIMBOTE,2020 - II,3362,31.1,0.002,0,2020,12,13/12/2020,,,solo calidadmp
CHIMBOTE,2020 - II,1616,20.9,0.003,0.002,2020,12,14/12/2020,,,solo calidadmp
CHIMBOTE,2020 - II,1851,22.2,0,0.004,2020,12,15/12/2020,,,solo calidadmp
CHIMBOTE,2020 - II,1826,15.8,0.008,0.014,2020,12,16/12/2020,,,solo calidadmp
CHIMBOTE,2020 - II,2700,22.1,0.012,0.012,2020,12,17/12/2020,,,solo calidadmp
CHIMBOTE,2020 - II,2467,27.9,0.002,0.001,2020,12,18/12/2020,,,solo calidadmp
CHIMBOTE,2020 - II,981,23.8,0.013,0.003,2020,12,19/12/2020,,,solo calidadmp
CHIMBOTE,2020 - II,1754,14.7,0.002,0.028,2020,12,20/12/2020,,,solo calidadmp
CHIMBOTE,2020 - II,3152,24.2,0.001,0.004,2020,12,21/12/2020,,,solo calidadmp
CHIMBOTE,2020 - II,3516,17.4,0.042,0.006,2020,12,22/12/2020,,,solo calidadmp
CHIMBOTE,2020 - II,2634,18.8,0.019,0.013,2020,12,23/12/2020,,,solo calidadmp
CHIMBOTE,2020 - II,2767,20.2,0.004,0.008,2020,12,24/12/2020,,,solo calidadmp
CHIMBOTE,2020 - II,434,8.8,0,0.016,2020,12,25/12/2020,,,solo calidadmp
CHIMBOTE,2020 - II,3875,19.5,0.007,0.013,2020,12,26/12/2020,,,solo calidadmp
CHIMBOTE,2020 - II,2178,14.8,0.018,0.003,2020,12,27/12/2020,,,solo calidadmp
CHIMBOTE,2020 - II,1840,15,0.017,0.049,2020,12,28/12/2020,,,solo calidadmp
CHIMBOTE,2020 - II,3304,14.8,0.025,0.017,2020,12,29/12/2020,,,solo calidadmp
CHIMBOTE,2020 - II,3756,16.9,0.033,0.078,2020,12,30/12/2020,,,solo calidadmp
CHIMBOTE,2020 - II,1411,31,0.007,0.048,2020,12,31/12/2020,,,solo calidadmp
CHIMBOTE,2020 - II,1797,16.1,0.017,0.016,2021,1,01/01/2021,,,solo calidadmp
CHIMBOTE,2020 - II,2890,38.3,0.001,0.012,2021,1,02/01/2021,,,solo calidadmp
CHIMBOTE,2020 - II,3172,17.7,0.009,0.006,2021,1,03/01/2021,,,solo calidadmp
CHIMBOTE,2020 - II,3841,28.3,0.011,0.022,2021,1,04/01/2021,,,solo calidadmp
CHIMBOTE,2020 - II,3575,23.6,0.021,0.024,2021,1,05/01/2021,,,solo calidadmp
CHIMBOTE,2020 - II,3103,16.4,0.013,0.044,2021,1,06/01/2021,,,solo calidadmp
CHIMBOTE,2020 - II,1857,18.4,0.088,0.039,2021,1,07/01/2021,,,solo calidadmp
CHIMBOTE,2020 - II,2369,22.9,0.01,0.016,2021,1,08/01/2021,,,solo calidadmp
CHIMBOTE,2020 - II,1920,21.8,0.012,0.013,2021,1,09/01/2021,,,solo calidadmp
CHIMBOTE,2020 - II,1272,11.1,0.05,0.038,2021,1,10/01/2021,,,solo calidadmp
CHIMBOTE,2020 - II,2393,36.3,0,0.028,2021,1,11/01/2021,,,solo calidadmp
CHIMBOTE,2020 - II,1951,32.5,0,0.005,2021,1,12/01/2021,,,solo calidadmp
CHIMBOTE,2020 - II,2169,32.5,0.005,0.006,2021,1,13/01/2021,,,solo calidadmp
CHIMBOTE,2020 - II,1320,34.4,0,0.013,2021,1,14/01/2021,,,solo calidadmp
CHIMBOTE,2020 - II,1300,26.5,0.032,0.063,2021,1,15/01/2021,,,solo calidadmp
CHIMBOTE,2020 - II,2149,15.1,0.046,0.062,2021,1,16/01/2021,,,solo calidadmp
CHIMBOTE,2020 - II,367,16,0.201,0.068,2021,1,17/01/2021,,,solo calidadmp
CHIMBOTE,2020 - II,1390,19,0.004,0,2021,1,18/01/2021,,,solo calidadmp
CHIMBOTE,2020 - II,1792,16.7,0.12,0.033,2021,1,20/01/2021,,,solo calidadmp
CHIMBOTE,2021 - I,557,13.3,0.105,0.004,2021,4,24/04/2021,0.69,,ambas
CHIMBOTE,2021 - I,2350,15.6,0.08,0.011,2021,4,25/04/2021,0.25,0.69,ambas
CHIMBOTE,2021 - I,1529,11.7,0.156,0.007,2021,4,26/04/2021,0.61,0.25,ambas
CHIMBOTE,2021 - I,2360,13.6,0.069,0.006,2021,4,27/04/2021,0.48,0.61,ambas
CHIMBOTE,2021 - I,1940,8.8,0.031,0.008,2021,4,28/04/2021,0.82,0.48,ambas
CHIMBOTE,2021 - I,3507,12.1,0.056,0.002,2021,4,29/04/2021,0.46,0.82,ambas
CHIMBOTE,2021 - I,3934,13.5,0.078,0.017,2021,4,30/04/2021,0.06,0.46,ambas
CHIMBOTE,2021 - I,2386,11.1,0.066,0.005,2021,5,01/05/2021,0.46,0.06,ambas
CHIMBOTE,2021 - I,3919,15.7,0.016,0.01,2021,5,02/05/2021,0.32,0.46,ambas
CHIMBOTE,2021 - I,2456,19.2,0.008,0.005,2021,5,03/05/2021,0.42,0.32,ambas
CHIMBOTE,2021 - I,2756,11.7,0.028,0.001,2021,5,04/05/2021,0.74,0.42,ambas
CHIMBOTE,2021 - I,2967,15.1,0.047,0.056,2021,5,05/05/2021,0.7,0.74,ambas
CHIMBOTE,2021 - I,2555,16.4,0.062,0.229,2021,5,06/05/2021,0.84,0.7,ambas
CHIMBOTE,2021 - I,3660,19,0.103,0.011,2021,5,07/05/2021,0.63,0.84,ambas
CHIMBOTE,2021 - I,3195,23.4,0.143,0.008,2021,5,08/05/2021,0.94,0.63,ambas
CHIMBOTE,2021 - I,2426,13.5,0.016,0,2021,5,09/05/2021,0.93,0.94,ambas
CHIMBOTE,2021 - I,4320,16.7,0.024,0,2021,5,10/05/2021,0.87,0.93,ambas
CHIMBOTE,2021 - I,3862,18.3,0.103,0,2021,5,11/05/2021,0.79,0.87,ambas
CHIMBOTE,2021 - I,2497,13.3,0.109,0,2021,5,12/05/2021,0.08,0.79,ambas
CHIMBOTE,2021 - I,2289,22.2,0.035,0.012,2021,5,13/05/2021,0.95,0.08,ambas
CHIMBOTE,2021 - I,4143,20.1,0,0.019,2021,5,14/05/2021,0.62,0.95,ambas
CHIMBOTE,2021 - I,2696,19.2,0.079,0.011,2021,5,15/05/2021,0.46,0.62,ambas
CHIMBOTE,2021 - I,3357,16.9,0.018,0.063,2021,5,16/05/2021,0.88,0.46,ambas
CHIMBOTE,2021 - I,2759,33.9,0.026,0.092,2021,5,17/05/2021,0.65,0.88,ambas
CHIMBOTE,2021 - I,1663,19.4,0.162,0,2021,5,19/05/2021,0.36,,ambas
CHIMBOTE,2021 - I,134,5.5,0.084,0.158,2021,5,22/05/2021,0.72,,ambas
CHIMBOTE,2021 - I,4104,15.6,0.003,0.004,2021,5,23/05/2021,0.61,0.72,ambas
CHIMBOTE,2021 - I,3172,19.4,0.084,0.008,2021,5,24/05/2021,0.5,0.61,ambas
CHIMBOTE,2021 - I,2981,12.2,0.071,0.002,2021,5,25/05/2021,0.63,0.5,ambas
CHIMBOTE,2021 - I,2958,16.6,0.077,0.003,2021,5,26/05/2021,0.88,0.63,ambas
CHIMBOTE,2021 - I,2761,11.5,0.041,0,2021,5,27/05/2021,0.77,0.88,ambas
CHIMBOTE,2021 - I,4781,29.7,0.059,0,2021,5,28/05/2021,0.69,0.77,ambas
CHIMBOTE,2021 - I,4707,25.6,0.17,0,2021,5,30/05/2021,0.26,,ambas
CHIMBOTE,2021 - I,2213,26.5,0.132,0,2021,5,31/05/2021,0.53,0.26,ambas
CHIMBOTE,2021 - I,424,21.5,0.056,0,2021,6,01/06/2021,0,0.53,ambas
CHIMBOTE,2021 - I,1235,28.3,0.084,0,2021,6,04/06/2021,0.99,,ambas
CHIMBOTE,2021 - I,2664,30.9,0.104,0,2021,6,07/06/2021,0.93,,ambas
CHIMBOTE,2021 - I,104,17.4,0.544,0,2021,6,08/06/2021,0.59,0.93,ambas
CHIMBOTE,2021 - I,1857,26,0.075,0,2021,6,09/06/2021,0.98,0.59,ambas
CHIMBOTE,2021 - I,4394,27.1,0.054,0,2021,6,11/06/2021,0.76,,ambas
CHIMBOTE,,,,,,,,12/06/2021,0.14,0.76,solo sp_p
CHIMBOTE,2021 - I,4781,39.4,0.137,0,2021,6,15/06/2021,0.81,,ambas
CHIMBOTE,2021 - I,2275,26.6,0.017,0,2021,6,16/06/2021,0.95,0.81,ambas
CHIMBOTE,2021 - I,3644,32.4,0.128,0,2021,6,17/06/2021,0.48,0.95,ambas
CHIMBOTE,2021 - I,2019,34,0.235,0,2021,6,18/06/2021,0.66,0.48,ambas
CHIMBOTE,2021 - I,2052,38.8,0.101,0.004,2021,6,20/06/2021,0.65,,ambas
CHIMBOTE,2021 - I,1170,22.4,0.16,0,2021,6,22/06/2021,0.19,,ambas
CHIMBOTE,2021 - I,1221,34.3,0.054,0,2021,6,23/06/2021,0.77,0.19,ambas
CHIMBOTE,2021 - I,4327,33.5,0.226,0.015,2021,6,25/06/2021,0.48,,ambas
CHIMBOTE,2021 - I,2095,15.5,0.116,0.008,2021,6,26/06/2021,0.6,0.48,ambas
CHIMBOTE,2021 - I,2316,22,0.027,0.015,2021,6,27/06/2021,0.85,0.6,ambas
CHIMBOTE,2021 - I,2380,16.7,0.13,0.008,2021,6,28/06/2021,0.88,0.85,ambas
CHIMBOTE,2021 - I,2528,12.8,0.125,0.01,2021,6,29/06/2021,0.85,0.88,ambas
CHIMBOTE,2021 - I,2631,15.8,0.038,0,2021,6,30/06/2021,0.89,0.85,ambas
CHIMBOTE,2021 - I,3756,17.7,0.083,0.011,2021,7,01/07/2021,0.78,0.89,ambas
CHIMBOTE,2021 - I,3638,23.3,0.139,0.024,2021,7,02/07/2021,0.8,0.78,ambas
CHIMBOTE,2021 - I,3217,17.6,0.018,0.001,2021,7,03/07/2021,1,0.8,ambas
CHIMBOTE,2021 - I,2287,20.2,0.033,0,2021,7,04/07/2021,1,1,ambas
CHIMBOTE,2021 - I,3430,23.9,0.001,0,2021,7,05/07/2021,0.85,1,ambas
CHIMBOTE,2021 - I,1154,31.4,0.001,0,2021,7,06/07/2021,0.85,0.85,ambas
CHIMBOTE,2021 - I,409,35.5,0,0,2021,7,07/07/2021,1,0.85,ambas
CHIMBOTE,2021 - I,314,36,0.01,0,2021,7,08/07/2021,0.97,1,ambas
CHIMBOTE,2021 - II,3829,12.9,0.025,0.001,2021,11,15/11/2021,0.62,,ambas
CHIMBOTE,2021 - II,3939,18,0.036,0,2021,11,16/11/2021,0.13,0.62,ambas
CHIMBOTE,2021 - II,1040,17.6,0.02,0.012,2021,11,17/11/2021,0,0.13,ambas
CHIMBOTE,2021 - II,3734,13.4,0.028,0.001,2021,11,18/11/2021,0.41,0,ambas
CHIMBOTE,2021 - II,2893,12.3,0.048,0.004,2021,11,19/11/2021,0.55,0.41,ambas
CHIMBOTE,2021 - II,3211,12.6,0.044,0,2021,11,20/11/2021,0.76,0.55,ambas
CHIMBOTE,2021 - II,3393,13.5,0.121,0,2021,11,21/11/2021,0.7,0.76,ambas
CHIMBOTE,2021 - II,4150,14.5,0.05,0,2021,11,22/11/2021,0.52,0.7,ambas
CHIMBOTE,2021 - II,2363,16.3,0.06,0,2021,11,23/11/2021,0.73,0.52,ambas
CHIMBOTE,2021 - II,3248,11.5,0.025,0,2021,11,24/11/2021,0.76,0.73,ambas
CHIMBOTE,2021 - II,3299,15.4,0.077,0,2021,11,25/11/2021,0.57,0.76,ambas
CHIMBOTE,2021 - II,1690,28.1,0.013,0,2021,11,26/11/2021,0.94,0.57,ambas
CHIMBOTE,2021 - II,1696,20.3,0,0,2021,11,27/11/2021,1,0.94,ambas
CHIMBOTE,2021 - II,2515,14.9,0.018,0.001,2021,11,28/11/2021,0.77,1,ambas
CHIMBOTE,2021 - II,3020,15.8,0.048,0,2021,11,29/11/2021,0.38,0.77,ambas
CHIMBOTE,2021 - II,2990,9.8,0.033,0,2021,11,30/11/2021,0.56,0.38,ambas
CHIMBOTE,2021 - II,3866,12.2,0.026,0,2021,12,01/12/2021,0.68,0.56,ambas
CHIMBOTE,2021 - II,3410,11.9,0.012,0,2021,12,02/12/2021,0.56,0.68,ambas
CHIMBOTE,2021 - II,3161,14,0.045,0,2021,12,03/12/2021,0.74,0.56,ambas
CHIMBOTE,2021 - II,2772,13.2,0.003,0,2021,12,04/12/2021,0.77,0.74,ambas
CHIMBOTE,2021 - II,3285,12.5,0.005,0,2021,12,05/12/2021,0.92,0.77,ambas
CHIMBOTE,2021 - II,1792,13.9,0.028,0,2021,12,06/12/2021,0.62,0.92,ambas
CHIMBOTE,2021 - II,1146,10.1,0.061,0.018,2021,12,07/12/2021,0.22,0.62,ambas
CHIMBOTE,2021 - II,785,10.1,0.061,0,2021,12,08/12/2021,0.52,0.22,ambas
CHIMBOTE,2021 - II,1147,11.7,0.039,0,2021,12,09/12/2021,0.9,0.52,ambas
CHIMBOTE,2021 - II,637,10.1,0.045,0.029,2021,12,10/12/2021,0.3,0.9,ambas
CHIMBOTE,2021 - II,522,10.7,0.059,0.007,2021,12,11/12/2021,0.88,0.3,ambas
CHIMBOTE,2021 - II,340,11.3,0.069,0,2021,12,12/12/2021,0.3,0.88,ambas
CHIMBOTE,2021 - II,1169,9.4,0.027,0,2021,12,13/12/2021,0.79,0.3,ambas
CHIMBOTE,2021 - II,143,15.3,0.061,0.077,2021,12,14/12/2021,1,0.79,ambas
CHIMBOTE,2021 - II,93,8.7,0.048,0.141,2021,12,15/12/2021,1,1,ambas
CHIMBOTE,2021 - II,552,11.3,0.013,0,2021,12,20/12/2021,0.63,,ambas
CHIMBOTE,2022 - I,5489,29.1,0.566,0.001,2022,5,06/05/2022,0.37,,ambas
CHIMBOTE,2022 - I,830,27.4,0.223,0.095,2022,5,08/05/2022,0.26,,ambas
CHIMBOTE,2022 - I,888,18.8,0.04,0.023,2022,5,12/05/2022,0.21,,ambas
CHIMBOTE,2022 - I,1216,31.7,0.374,0.16,2022,5,13/05/2022,0.16,0.21,ambas
CHIMBOTE,2022 - I,3578,22.7,0.31,0,2022,5,14/05/2022,0.23,0.16,ambas
CHIMBOTE,2022 - I,3413,16.9,0.07,0.001,2022,5,15/05/2022,0.35,0.23,ambas
CHIMBOTE,2022 - I,4237,16.9,0.09,0,2022,5,16/05/2022,0.03,0.35,ambas
CHIMBOTE,2022 - I,3768,18.3,0.176,0,2022,5,19/05/2022,0.08,,ambas
CHIMBOTE,2022 - I,1685,17.7,0.125,0,2022,5,20/05/2022,0,0.08,ambas
CHIMBOTE,2022 - I,1350,14.4,0.118,0.004,2022,5,21/05/2022,0.29,0,ambas
CHIMBOTE,2022 - I,1568,14.5,0.423,0,2022,5,22/05/2022,0.73,0.29,ambas
CHIMBOTE,2022 - I,1237,16.6,0.043,0,2022,5,24/05/2022,0.35,,ambas
CHIMBOTE,2022 - I,689,10.3,0.264,0,2022,5,25/05/2022,0.36,0.35,ambas
CHIMBOTE,2022 - I,3065,13,0.186,0,2022,5,26/05/2022,0.66,0.36,ambas
CHIMBOTE,2022 - I,2020,10.6,0.022,0.001,2022,5,27/05/2022,0.83,0.66,ambas
CHIMBOTE,2022 - I,4677,16.4,0.102,0.005,2022,5,28/05/2022,0.51,0.83,ambas
CHIMBOTE,2022 - I,2957,15.5,0.176,0.011,2022,5,29/05/2022,0.6,0.51,ambas
CHIMBOTE,2022 - I,2646,12.2,0.088,0.003,2022,5,30/05/2022,0.79,0.6,ambas
CHIMBOTE,2022 - I,1885,12.6,0.118,0.005,2022,5,31/05/2022,0.69,0.79,ambas
CHIMBOTE,2022 - I,3280,12.9,0.118,0.002,2022,6,01/06/2022,0.74,0.69,ambas
CHIMBOTE,2022 - I,3053,15,0.152,0.002,2022,6,02/06/2022,0.6,0.74,ambas
CHIMBOTE,2022 - I,4073,14.6,0.205,0,2022,6,03/06/2022,0.66,0.6,ambas
CHIMBOTE,2022 - I,3779,19.2,0.176,0.001,2022,6,04/06/2022,0.57,0.66,ambas
CHIMBOTE,2022 - I,2471,16.2,0.063,0,2022,6,05/06/2022,0.46,0.57,ambas
CHIMBOTE,2022 - I,2466,15.9,0.038,0.057,2022,6,06/06/2022,0.5,0.46,ambas
CHIMBOTE,2022 - I,2793,14.8,0.088,0.001,2022,6,07/06/2022,0.86,0.5,ambas
CHIMBOTE,2022 - I,2644,19.9,0.102,0,2022,6,08/06/2022,0.6,0.86,ambas
CHIMBOTE,2022 - I,2579,15.3,0.019,0.004,2022,6,09/06/2022,0.93,0.6,ambas
CHIMBOTE,2022 - I,1198,9.8,0.195,0.007,2022,6,10/06/2022,0.56,0.93,ambas
CHIMBOTE,2022 - I,3917,13.5,0.077,0.023,2022,6,11/06/2022,0.68,0.56,ambas
CHIMBOTE,2022 - I,3475,13.8,0.035,0.018,2022,6,12/06/2022,0.74,0.68,ambas
CHIMBOTE,2022 - I,3635,19.2,0.06,0.016,2022,6,13/06/2022,0.77,0.74,ambas
CHIMBOTE,2022 - I,2954,14.9,0.089,0.005,2022,6,14/06/2022,0.33,0.77,ambas
CHIMBOTE,2022 - I,2814,14.6,0.072,0.005,2022,6,15/06/2022,0.77,0.33,ambas
CHIMBOTE,2022 - I,1431,12.2,0.016,0.037,2022,6,16/06/2022,0.25,0.77,ambas
CHIMBOTE,2022 - I,2786,18,0.204,0.01,2022,6,17/06/2022,0.52,0.25,ambas
CHIMBOTE,2022 - I,3491,14.7,0.445,0,2022,6,18/06/2022,0.65,0.52,ambas
CHIMBOTE,2022 - I,3152,18.4,0.401,0,2022,6,19/06/2022,0.85,0.65,ambas
CHIMBOTE,2022 - I,212,8.9,0,0.002,2022,6,20/06/2022,0,0.85,ambas
CHIMBOTE,2022 - I,3450,23.1,0.041,0,2022,6,21/06/2022,0.32,0,ambas
CHIMBOTE,2022 - I,843,13.7,0.009,0.003,2022,6,22/06/2022,0.34,0.32,ambas
CHIMBOTE,2022 - I,1068,16.1,0.003,0,2022,6,24/06/2022,0.64,,ambas
CHIMBOTE,2022 - I,560,7.1,0.264,0,2022,6,30/06/2022,0,,ambas
CHIMBOTE,2022 - I,646,7.9,0.308,0.008,2022,7,01/07/2022,1,0,ambas
CHIMBOTE,2022 - I,438,8.3,0.192,0.004,2022,7,03/07/2022,0.63,,ambas
CHIMBOTE,2022 - I,394,6.5,0.287,0.004,2022,7,04/07/2022,0,0.63,ambas
CHIMBOTE,2022 - I,2310,19.7,0.139,0.003,2022,7,05/07/2022,0.7,0,ambas
CHIMBOTE,2022 - I,2852,17.4,0.042,0.013,2022,7,06/07/2022,1,0.7,ambas
CHIMBOTE,2022 - I,2770,15.1,0.073,0.003,2022,7,07/07/2022,0.93,1,ambas
CHIMBOTE,2022 - I,2372,14.4,0.118,0.013,2022,7,08/07/2022,0.81,0.93,ambas
CHIMBOTE,2022 - I,2718,18,0.118,0.005,2022,7,09/07/2022,0.65,0.81,ambas
CHIMBOTE,2022 - I,1143,30.7,0.06,0.006,2022,7,10/07/2022,0.7,0.65,ambas
CHIMBOTE,2022 - I,2050,12.1,0.422,0.06,2022,7,11/07/2022,0.28,0.7,ambas
CHIMBOTE,2022 - I,629,8.5,0.711,0.084,2022,7,15/07/2022,0.33,,ambas
CHIMBOTE,2022 - I,410,10.4,0.364,0,2022,7,19/07/2022,0.3,,ambas
CHIMBOTE,2022 - I,2143,14.3,0.26,0.085,2022,7,20/07/2022,0.61,0.3,ambas
CHIMBOTE,2022 - I,1964,11.7,0.017,0.012,2022,7,21/07/2022,0.98,0.61,ambas
CHIMBOTE,2022 - I,1762,15.2,0.233,0,2022,7,22/07/2022,0.82,0.98,ambas
CHIMBOTE,2022 - II,3191,14.7,0.163,0.011,2022,11,23/11/2022,1,,ambas
CHIMBOTE,2022 - II,3085,13,0.138,0.013,2022,11,24/11/2022,0.77,1,ambas
CHIMBOTE,2022 - II,1798,12.9,0.12,0.01,2022,11,25/11/2022,0.59,0.77,ambas
CHIMBOTE,2022 - II,1934,15.1,0.102,0.012,2022,11,26/11/2022,0.33,0.59,ambas
CHIMBOTE,2022 - II,3564,14.8,0.158,0.012,2022,11,27/11/2022,0.09,0.33,ambas
CHIMBOTE,2022 - II,2372,16.5,0.262,0.018,2022,11,28/11/2022,0.49,0.09,ambas
CHIMBOTE,2022 - II,1960,10.5,0.063,0.062,2022,11,29/11/2022,0.18,0.49,ambas
CHIMBOTE,2022 - II,2204,15.9,0.055,0.051,2022,11,30/11/2022,0.36,0.18,ambas
CHIMBOTE,2022 - II,2371,13.9,0.065,0.014,2022,12,01/12/2022,0.37,0.36,ambas
CHIMBOTE,2022 - II,2506,15.6,0.088,0.033,2022,12,02/12/2022,0.3,0.37,ambas
CHIMBOTE,2022 - II,564,25.6,0.04,0.011,2022,12,03/12/2022,0.21,0.3,ambas
CHIMBOTE,2022 - II,4238,21.1,0.064,0.011,2022,12,04/12/2022,0.86,0.21,ambas
CHIMBOTE,2022 - II,1824,13.3,0.088,0.008,2022,12,05/12/2022,0.55,0.86,ambas
CHIMBOTE,2022 - II,3800,15,0.02,0.043,2022,12,06/12/2022,0.56,0.55,ambas
CHIMBOTE,2022 - II,1211,23.5,0.07,0.082,2022,12,07/12/2022,0.3,0.56,ambas
CHIMBOTE,2022 - II,3679,15.9,0.138,0.137,2022,12,08/12/2022,0.67,0.3,ambas
CHIMBOTE,2022 - II,2658,11.2,0.071,0.073,2022,12,09/12/2022,0.34,0.67,ambas
CHIMBOTE,2022 - II,2032,15.4,0.071,0.108,2022,12,10/12/2022,0.7,0.34,ambas
CHIMBOTE,2022 - II,3688,28.2,0.192,0.078,2022,12,11/12/2022,0.13,0.7,ambas
CHIMBOTE,2022 - II,2400,25.2,0.193,0.027,2022,12,12/12/2022,0,0.13,ambas
CHIMBOTE,2022 - II,3138,25.2,0.083,0.081,2022,12,13/12/2022,0.56,0,ambas
CHIMBOTE,2022 - II,1268,27.9,0.049,0.077,2022,12,14/12/2022,0,0.56,ambas
CHIMBOTE,2022 - II,1490,22.9,0.281,0.081,2022,12,15/12/2022,0.53,0,ambas
CHIMBOTE,2022 - II,1690,19.2,0.033,0.014,2022,12,16/12/2022,0.38,0.53,ambas
CHIMBOTE,2022 - II,1676,18.3,0.023,0.01,2022,12,17/12/2022,0.51,0.38,ambas
CHIMBOTE,2022 - II,2571,25.9,0.021,0.003,2022,12,18/12/2022,0.65,0.51,ambas
CHIMBOTE,2022 - II,529,17,0.018,0.005,2022,12,19/12/2022,0.37,0.65,ambas
CHIMBOTE,2022 - II,2693,18.8,0.14,0.049,2022,12,20/12/2022,0.78,0.37,ambas
CHIMBOTE,2022 - II,607,11.2,0.078,0.057,2022,12,22/12/2022,0.47,,ambas
CHIMBOTE,2022 - II,610,11.5,0.034,0.064,2022,12,23/12/2022,0.64,0.47,ambas
CHIMBOTE,2022 - II,3298,13.2,0.307,0.198,2022,12,24/12/2022,0.29,0.64,ambas
CHIMBOTE,2022 - II,585,9.3,0.034,0.096,2022,12,26/12/2022,0.68,,ambas
CHIMBOTE,2022 - II,1758,13.5,0.157,0.037,2022,12,27/12/2022,0.86,0.68,ambas
CHIMBOTE,2022 - II,1081,13.5,0.188,0.072,2022,12,28/12/2022,0,0.86,ambas
CHIMBOTE,2022 - II,1216,15.6,0.063,0.157,2022,12,29/12/2022,0.41,0,ambas
CHIMBOTE,2022 - II,250,7.3,0.123,0.047,2022,12,30/12/2022,0.61,0.41,ambas
CHIMBOTE,2022 - II,1092,12.5,0.196,0.09,2022,12,31/12/2022,0.91,0.61,ambas
CHIMBOTE,2022 - II,484,11.4,0.428,0.229,2023,1,02/01/2023,0.26,,ambas
CHIMBOTE,2022 - II,617,13.8,0.02,0.081,2023,1,03/01/2023,0.56,0.26,ambas
CHIMBOTE,2022 - II,1482,48.6,0.1,0.034,2023,1,11/01/2023,0,,ambas
CHIMBOTE,2022 - II,554,13.1,0.143,0.018,2023,1,12/01/2023,0,0,ambas
CHIMBOTE,2022 - II,687,11.5,0.082,0.086,2023,1,15/01/2023,0,,ambas
CHIMBOTE,2022 - II,282,13.6,0.095,0,2023,1,17/01/2023,0,,ambas
CHIMBOTE,2022 - II,1367,22.7,0.245,0.033,2023,1,18/01/2023,0.06,0,ambas
CHIMBOTE,2022 - II,784,12.9,0.169,0.058,2023,1,19/01/2023,0,0.06,ambas
CHIMBOTE,2022 - II,478,8.7,0.215,0.15,2023,1,20/01/2023,0,0,ambas
CHIMBOTE,2022 - II,819,12.9,0.083,0.107,2023,1,21/01/2023,0.1,0,ambas
CHIMBOTE,2022 - II,4808,19.4,0.294,0.096,2023,1,22/01/2023,0.48,0.1,ambas
CHIMBOTE,2022 - II,1120,15.4,0.515,0.186,2023,1,23/01/2023,0.18,0.48,ambas
CHIMBOTE,2022 - II,152,9.7,0.026,0.063,2023,1,24/01/2023,0,0.18,ambas
CHIMBOTE,2022 - II,1372,16.3,0.168,0.041,2023,1,25/01/2023,0.06,0,ambas
CHIMBOTE,2022 - II,733,7.5,0.184,0.114,2023,1,26/01/2023,0.07,0.06,ambas
CHIMBOTE,2022 - II,1375,13.8,0.153,0.001,2023,1,27/01/2023,0.66,0.07,ambas
CHIMBOTE,2022 - II,275,11.8,0.448,0.136,2023,1,28/01/2023,0,0.66,ambas
CHIMBOTE,2022 - II,161,8.6,0.372,0.042,2023,1,30/01/2023,0,,ambas
CHIMBOTE,2022 - II,342,10.2,0.561,0.013,2023,2,03/02/2023,0.32,,ambas
CHIMBOTE,2022 - II,554,14.1,0.024,0.067,2023,2,04/02/2023,0.15,0.32,ambas
CHIMBOTE,2023 - I,243,7.5,0.956,0,2023,6,03/06/2023,0,,ambas
CHIMBOTE,2023 - I,107,7.7,0.934,0.025,2023,6,04/06/2023,0,0,ambas
CHIMBOTE,2023 - I,564,29,0.964,0,2023,6,06/06/2023,0,,ambas
CHIMBOTE,2023 - I,2935,17.4,0.495,0.003,2023,8,05/08/2023,0.15,,ambas
CHIMBOTE,2023 - I,1941,14.7,0.706,0.002,2023,8,06/08/2023,0,0.15,ambas
CHIMBOTE,2023 - I,3510,23.7,0.678,0.002,2023,8,07/08/2023,0,0,ambas
CHIMBOTE,2023 - I,1897,28.1,0.548,0,2023,8,08/08/2023,0,0,ambas
CHIMBOTE,2023 - I,767,29.4,0.696,0,2023,8,10/08/2023,0,,ambas
CHIMBOTE,2023 - I,2007,12.3,0.842,0,2023,8,11/08/2023,0,0,ambas
CHIMBOTE,2023 - I,2413,19.3,0.715,0,2023,8,12/08/2023,0,0,ambas
CHIMBOTE,2023 - II,1697,19.8,0.667,0.015,2023,10,21/10/2023,0,,ambas
CHIMBOTE,2023 - II,1257,13.3,0.184,0.001,2023,10,22/10/2023,0,0,ambas
CHIMBOTE,2023 - II,1685,26.6,0.429,0,2023,10,23/10/2023,0.13,0,ambas
CHIMBOTE,2023 - II,3121,10,0.456,0,2023,10,26/10/2023,0.49,,ambas
CHIMBOTE,2023 - II,3257,14,0.656,0,2023,10,31/10/2023,0.47,,ambas
CHIMBOTE,2023 - II,2655,18.3,0.599,0,2023,11,01/11/2023,0.42,0.47,ambas
CHIMBOTE,2023 - II,204,5.2,0.28,0,2023,11,02/11/2023,0.3,0.42,ambas
CHIMBOTE,2023 - II,2803,23.1,0.456,0,2023,11,03/11/2023,0.22,0.3,ambas
CHIMBOTE,2023 - II,495,21.1,0.331,0,2023,11,05/11/2023,0.88,,ambas
CHIMBOTE,2023 - II,2232,25.6,0.685,0,2023,11,06/11/2023,0.9,0.88,ambas
CHIMBOTE,2023 - II,1244,9.7,0.598,0.047,2023,11,08/11/2023,0.25,,ambas
CHIMBOTE,2023 - II,1651,23.6,0.444,0,2023,11,09/11/2023,0.27,0.25,ambas
CHIMBOTE,2023 - II,1284,23,0.362,0,2023,11,10/11/2023,0.78,0.27,ambas
CHIMBOTE,2023 - II,2239,22.3,0.393,0.001,2023,11,11/11/2023,0.7,0.78,ambas
CHIMBOTE,2023 - II,1516,12.9,0.117,0.002,2023,11,12/11/2023,0.52,0.7,ambas
CHIMBOTE,2023 - II,3786,20,0.403,0,2023,11,13/11/2023,0.52,0.52,ambas
CHIMBOTE,2023 - II,1477,19.5,0.333,0,2023,11,14/11/2023,0.33,0.52,ambas
CHIMBOTE,2023 - II,1498,10.1,0.077,0,2023,11,19/11/2023,0.83,,ambas
CHIMBOTE,2023 - II,1190,13.8,0.116,0.006,2023,11,20/11/2023,0.72,0.83,ambas
CHIMBOTE,2023 - II,1698,13.3,0.239,0,2023,11,21/11/2023,0.81,0.72,ambas
CHIMBOTE,2023 - II,401,6.6,0.487,0,2023,11,22/11/2023,0.38,0.81,ambas
CHIMBOTE,2023 - II,117,13.4,0.832,0.063,2023,11,26/11/2023,0,,ambas
CHIMBOTE,2023 - II,325,10,0.648,0,2023,11,27/11/2023,0.09,0,ambas
CHIMBOTE,2023 - II,198,9,0.545,0,2023,11,28/11/2023,0.39,0.09,ambas
CHIMBOTE,2023 - II,1021,8.8,0.385,0,2023,11,29/11/2023,0.44,0.39,ambas
CHIMBOTE,2023 - II,706,7.5,0.587,0,2023,11,30/11/2023,0.5,0.44,ambas
CHIMBOTE,2023 - II,600,7.2,0.487,0,2023,12,01/12/2023,0.38,0.5,ambas
CHIMBOTE,2023 - II,465,9.9,0.285,0,2023,12,02/12/2023,0.94,0.38,ambas
CHIMBOTE,2023 - II,143,8.4,0.779,0,2023,12,05/12/2023,0,,ambas
CHIMBOTE,2024 - I,3220,13.9,0.255,0,2024,4,16/04/2024,0.38,,ambas
CHIMBOTE,2024 - I,2844,11.7,0.435,0,2024,4,17/04/2024,0.42,0.38,ambas
CHIMBOTE,2024 - I,1632,11.3,0.425,0,2024,4,18/04/2024,0,0.42,ambas
CHIMBOTE,2024 - I,3631,12.8,0.484,0,2024,4,19/04/2024,0.23,0,ambas
CHIMBOTE,2024 - I,2789,13,0.354,0,2024,4,20/04/2024,0.39,0.23,ambas
CHIMBOTE,2024 - I,3186,16.6,0.309,0,2024,4,21/04/2024,0.51,0.39,ambas
CHIMBOTE,2024 - I,2427,12.7,0.336,0,2024,4,22/04/2024,0.1,0.51,ambas
CHIMBOTE,2024 - I,2605,13.8,0.694,0,2024,4,23/04/2024,0,0.1,ambas
CHIMBOTE,2024 - I,3298,14.7,0.466,0,2024,4,24/04/2024,0.25,0,ambas
CHIMBOTE,2024 - I,2735,12.5,0.405,0,2024,4,25/04/2024,0,0.25,ambas
CHIMBOTE,2024 - I,2339,14.2,0.267,0,2024,4,26/04/2024,0,0,ambas
CHIMBOTE,2024 - I,1693,12,0.322,0,2024,4,27/04/2024,0.12,0,ambas
CHIMBOTE,2024 - I,1351,13.9,0.383,0,2024,4,28/04/2024,0.69,0.12,ambas
CHIMBOTE,2024 - I,2906,11.7,0.486,0,2024,4,29/04/2024,0.09,0.69,ambas
CHIMBOTE,2024 - I,2272,11.5,0.272,0,2024,4,30/04/2024,0.47,0.09,ambas
CHIMBOTE,2024 - I,2720,13.7,0.152,0.002,2024,5,01/05/2024,0.64,0.47,ambas
CHIMBOTE,2024 - I,1544,12.9,0.236,0,2024,5,02/05/2024,0.39,0.64,ambas
CHIMBOTE,2024 - I,1161,7.4,0.786,0,2024,5,05/05/2024,0.23,,ambas
CHIMBOTE,2024 - I,3101,20.7,0.146,0,2024,5,06/05/2024,0,0.23,ambas
CHIMBOTE,2024 - I,2594,16.4,0.171,0,2024,5,07/05/2024,0.63,0,ambas
CHIMBOTE,2024 - I,2914,19.2,0.261,0.003,2024,5,08/05/2024,0.43,0.63,ambas
CHIMBOTE,2024 - I,3403,16.5,0.263,0,2024,5,09/05/2024,0.54,0.43,ambas
CHIMBOTE,2024 - I,2804,18.7,0.27,0,2024,5,10/05/2024,0.67,0.54,ambas
CHIMBOTE,2024 - I,3617,14.8,0.082,0,2024,5,11/05/2024,0.83,0.67,ambas
CHIMBOTE,2024 - I,2867,13.9,0.29,0,2024,5,12/05/2024,0.49,0.83,ambas
CHIMBOTE,2024 - I,1977,8.8,0.123,0,2024,5,13/05/2024,0.65,0.49,ambas
CHIMBOTE,2024 - I,3058,16.2,0.092,0,2024,5,14/05/2024,0.76,0.65,ambas
CHIMBOTE,2024 - I,2740,13.1,0.141,0,2024,5,15/05/2024,0.6,0.76,ambas
CHIMBOTE,2024 - I,2278,13.2,0.073,0,2024,5,16/05/2024,0.6,0.6,ambas
CHIMBOTE,2024 - I,4415,14.6,0.077,0,2024,5,17/05/2024,0.56,0.6,ambas
CHIMBOTE,2024 - I,3480,13.8,0.084,0,2024,5,18/05/2024,0.55,0.56,ambas
CHIMBOTE,2024 - I,1580,11.4,0.074,0,2024,5,19/05/2024,0.52,0.55,ambas
CHIMBOTE,2024 - I,4364,22.9,0.073,0,2024,5,20/05/2024,0.48,0.52,ambas
CHIMBOTE,2024 - I,2421,13.4,0.066,0,2024,5,21/05/2024,0.76,0.48,ambas
CHIMBOTE,2024 - I,3801,13.5,0.073,0,2024,5,22/05/2024,0.46,0.76,ambas
CHIMBOTE,2024 - I,2368,12.6,0.288,0,2024,5,23/05/2024,0.46,0.46,ambas
CHIMBOTE,2024 - I,2965,19.5,0.131,0,2024,5,24/05/2024,0.27,0.46,ambas
CHIMBOTE,2024 - I,3724,16,0.061,0,2024,5,25/05/2024,0.26,0.27,ambas
CHIMBOTE,2024 - I,2133,20.4,0.061,0,2024,5,26/05/2024,0,0.26,ambas
CHIMBOTE,2024 - I,2780,15.8,0.247,0.006,2024,5,27/05/2024,0.32,0,ambas
CHIMBOTE,2024 - I,1520,13,0.087,0.005,2024,5,28/05/2024,0.75,0.32,ambas
CHIMBOTE,2024 - I,2603,24.2,0.091,0,2024,5,29/05/2024,0.5,0.75,ambas
CHIMBOTE,2024 - I,2716,19.5,0.06,0.031,2024,5,30/05/2024,0.63,0.5,ambas
CHIMBOTE,2024 - I,3295,18.6,0.076,0.029,2024,5,31/05/2024,0.44,0.63,ambas
CHIMBOTE,2024 - I,2179,12.3,0.128,0.008,2024,6,01/06/2024,0.76,0.44,ambas
CHIMBOTE,2024 - I,3570,11.8,0.087,0,2024,6,02/06/2024,0.29,0.76,ambas
CHIMBOTE,2024 - I,1370,9.3,0.035,0.005,2024,6,03/06/2024,0.31,0.29,ambas
CHIMBOTE,2024 - I,2605,11.8,0.042,0,2024,6,04/06/2024,0.28,0.31,ambas
CHIMBOTE,2024 - I,3422,17.3,0.098,0,2024,6,05/06/2024,0.48,0.28,ambas
CHIMBOTE,2024 - I,3190,18.1,0.046,0,2024,6,06/06/2024,0.43,0.48,ambas
CHIMBOTE,2024 - I,311,29.8,0.04,0,2024,6,07/06/2024,0.77,0.43,ambas
CHIMBOTE,2024 - I,438,25.4,0.038,0.007,2024,6,08/06/2024,0.86,0.77,ambas
CHIMBOTE,2024 - II,1172,9,0,0,2024,11,01/11/2024,0.76,,ambas
CHIMBOTE,2024 - II,1587,8.5,0,0,2024,11,02/11/2024,0.48,0.76,ambas
CHIMBOTE,2024 - II,1846,7.3,0,0,2024,11,03/11/2024,0.36,0.48,ambas
CHIMBOTE,2024 - II,2584,10.2,0.005,0.02,2024,11,04/11/2024,0.75,0.36,ambas
CHIMBOTE,2024 - II,3442,11.9,0,0,2024,11,05/11/2024,0.73,0.75,ambas
CHIMBOTE,2024 - II,2499,14.3,0,0,2024,11,06/11/2024,0.62,0.73,ambas
CHIMBOTE,2024 - II,2945,11.8,0,0.012,2024,11,08/11/2024,0,,ambas
CHIMBOTE,2024 - II,1628,9.5,0,0,2024,11,09/11/2024,0.69,0,ambas
CHIMBOTE,2024 - II,3784,10.9,0.014,0,2024,11,10/11/2024,0.39,0.69,ambas
CHIMBOTE,2024 - II,2676,14.3,0,0.001,2024,11,11/11/2024,0.42,0.39,ambas
CHIMBOTE,2024 - II,2393,11.9,0,0.002,2024,11,12/11/2024,0.27,0.42,ambas
CHIMBOTE,2024 - II,1431,10.7,0.012,0.014,2024,11,13/11/2024,0.76,0.27,ambas
CHIMBOTE,2024 - II,1796,12,0,0.025,2024,11,14/11/2024,0.37,0.76,ambas
CHIMBOTE,2024 - II,2604,10.2,0.008,0.011,2024,11,16/11/2024,0.64,,ambas
CHIMBOTE,2024 - II,3396,19.8,0.046,0,2024,11,17/11/2024,0.95,0.64,ambas
CHIMBOTE,2024 - II,2920,15.4,0.001,0,2024,11,18/11/2024,0.53,0.95,ambas
CHIMBOTE,2024 - II,2570,11.4,0.032,0.007,2024,11,19/11/2024,0.5,0.53,ambas
CHIMBOTE,2024 - II,2371,9.6,0.359,0.118,2024,11,20/11/2024,0.34,0.5,ambas
CHIMBOTE,2024 - II,3428,18.8,0.036,0.018,2024,11,21/11/2024,0.39,0.34,ambas
CHIMBOTE,2024 - II,2827,13.3,0.036,0.106,2024,11,22/11/2024,0.35,0.39,ambas
CHIMBOTE,2024 - II,2933,14.8,0.006,0.02,2024,11,23/11/2024,0.77,0.35,ambas
CHIMBOTE,2024 - II,2998,13.9,0,0.002,2024,11,24/11/2024,0.5,0.77,ambas
CHIMBOTE,2024 - II,3983,25.8,0.023,0.006,2024,11,25/11/2024,0.83,0.5,ambas
CHIMBOTE,2024 - II,3005,14.2,0.021,0.025,2024,11,27/11/2024,0.54,,ambas
CHIMBOTE,2024 - II,3388,15.1,0.008,0.013,2024,11,28/11/2024,0.16,0.54,ambas
CHIMBOTE,2024 - II,2117,15.5,0.035,0.042,2024,11,29/11/2024,0.15,0.16,ambas
CHIMBOTE,2024 - II,3233,17.6,0.321,0.014,2024,11,30/11/2024,0.24,0.15,ambas
CHIMBOTE,2024 - II,2808,13,0.138,0.2,2024,12,01/12/2024,0.29,0.24,ambas
CHIMBOTE,2024 - II,3757,16.5,0.192,0,2024,12,02/12/2024,0,0.29,ambas
CHIMBOTE,2024 - II,3027,18.4,0.245,0.011,2024,12,03/12/2024,0,0,ambas
CHIMBOTE,2024 - II,1572,20.9,0.017,0.009,2024,12,04/12/2024,0.14,0,ambas
CHIMBOTE,2024 - II,2036,17.6,0.046,0.038,2024,12,05/12/2024,0.41,0.14,ambas
CHIMBOTE,2024 - II,3265,21.8,0.022,0.038,2024,12,06/12/2024,0.28,0.41,ambas
CHIMBOTE,2024 - II,3306,18.3,0.013,0.034,2024,12,07/12/2024,0.65,0.28,ambas
CHIMBOTE,2024 - II,3563,22.1,0.011,0.038,2024,12,08/12/2024,0.5,0.65,ambas
CHIMBOTE,2024 - II,3038,18,0.045,0.016,2024,12,09/12/2024,0.37,0.5,ambas
CHIMBOTE,2024 - II,2897,25,0.109,0.026,2024,12,10/12/2024,0.49,0.37,ambas
CHIMBOTE,2024 - II,2720,23.5,0.015,0.015,2024,12,11/12/2024,0.36,0.49,ambas
CHIMBOTE,2024 - II,3685,20.7,0.307,0.034,2024,12,12/12/2024,0.39,0.36,ambas
CHIMBOTE,2024 - II,3841,18.7,0.021,0.021,2024,12,13/12/2024,0.13,0.39,ambas
CHIMBOTE,2024 - II,2437,12.3,0.005,0.009,2024,12,14/12/2024,0.21,0.13,ambas
CHIMBOTE,2024 - II,3661,22.6,0.163,0.029,2024,12,15/12/2024,0.17,0.21,ambas
CHIMBOTE,2024 - II,2685,17.2,0.091,0.001,2024,12,16/12/2024,0.11,0.17,ambas
CHIMBOTE,2024 - II,3104,16.4,0.349,0.031,2024,12,17/12/2024,0.64,0.11,ambas
CHIMBOTE,2024 - II,2745,13.5,0.073,0.062,2024,12,18/12/2024,0.6,0.64,ambas
CHIMBOTE,2024 - II,2104,11.6,0.052,0.085,2024,12,19/12/2024,0.09,0.6,ambas
CHIMBOTE,2024 - II,3481,14.8,0.034,0.098,2024,12,20/12/2024,0.36,0.09,ambas
CHIMBOTE,2024 - II,3340,12.5,0.046,0.025,2024,12,21/12/2024,0.49,0.36,ambas
CHIMBOTE,2024 - II,3471,19.8,0.237,0.031,2024,12,22/12/2024,0.09,0.49,ambas
CHIMBOTE,2024 - II,2833,23.2,0.157,0.024,2024,12,23/12/2024,0,0.09,ambas
CHIMBOTE,2024 - II,3768,19.2,0.559,0.079,2024,12,27/12/2024,0.34,,ambas
CHIMBOTE,2024 - II,92,10.6,0,0.026,2024,12,28/12/2024,0,0.34,ambas
CHIMBOTE,2024 - II,2592,15.3,0.127,0.036,2024,12,31/12/2024,0.03,,ambas
CHIMBOTE,2024 - II,2644,12.4,0.029,0.13,2025,1,01/01/2025,0.38,0.03,ambas
CHIMBOTE,2024 - II,3343,22.4,0.433,0.256,2025,1,02/01/2025,0.03,0.38,ambas
CHIMBOTE,2024 - II,3289,16.1,0.801,0.159,2025,1,03/01/2025,0.42,0.03,ambas
CHIMBOTE,2024 - II,507,11,0,0.563,2025,1,04/01/2025,0.24,0.42,ambas
CHIMBOTE,2024 - II,1678,12.5,0.197,0.237,2025,1,05/01/2025,0.56,0.24,ambas
CHIMBOTE,2024 - II,3145,12.8,0.373,0.122,2025,1,06/01/2025,0.66,0.56,ambas
CHIMBOTE,2024 - II,2921,14.7,0.535,0.184,2025,1,07/01/2025,0.43,0.66,ambas
CHIMBOTE,2024 - II,926,16.4,0.353,0.402,2025,1,08/01/2025,0.19,0.43,ambas
CHIMBOTE,2024 - II,3080,14.5,0.696,0.363,2025,1,09/01/2025,0.07,0.19,ambas
CHIMBOTE,2024 - II,1171,14.5,0.67,0.363,2025,1,10/01/2025,0,0.07,ambas
CHIMBOTE,2024 - II,2809,23.8,0.335,0.159,2025,1,11/01/2025,0.25,0,ambas
CHIMBOTE,2024 - II,1902,14,0.404,0.231,2025,1,12/01/2025,0.42,0.25,ambas
CHIMBOTE,2024 - II,3398,20.6,0.112,0.195,2025,1,13/01/2025,0.23,0.42,ambas
CHIMBOTE,2024 - II,945,22.4,0.077,0.019,2025,1,15/01/2025,0.48,,ambas
CHIMBOTE,2024 - II,967,23.5,0.3,0.059,2025,1,16/01/2025,0.21,0.48,ambas
CHIMBOTE,2024 - II,2248,19.1,0.127,0.172,2025,1,17/01/2025,0.67,0.21,ambas
CHIMBOTE,2024 - II,1335,14,0.292,0.134,2025,1,18/01/2025,0.37,0.67,ambas
CHIMBOTE,2025 - I,2475,13.7,0.14,0.001,2025,4,22/04/2025,0.43,,ambas
CHIMBOTE,2025 - I,3946,16.9,0.679,0.074,2025,4,23/04/2025,0.05,0.43,ambas
CHIMBOTE,2025 - I,3298,13.3,0.341,0.192,2025,4,24/04/2025,0,0.05,ambas
CHIMBOTE,2025 - I,3894,10.1,0.218,0.033,2025,4,25/04/2025,0.55,0,ambas
CHIMBOTE,2025 - I,3144,11.8,0.272,0.542,2025,4,26/04/2025,0.06,0.55,ambas
CHIMBOTE,2025 - I,2767,9.4,0.178,0.018,2025,4,28/04/2025,0.47,,ambas
CHIMBOTE,2025 - I,4154,10.4,0.512,0.012,2025,4,29/04/2025,0.05,0.47,ambas
CHIMBOTE,2025 - I,3405,13.7,0.519,0.051,2025,4,30/04/2025,0.28,0.05,ambas
CHIMBOTE,2025 - I,3587,16.5,0.681,0.008,2025,5,01/05/2025,0.06,0.28,ambas
CHIMBOTE,2025 - I,3950,14.4,0.464,0.038,2025,5,02/05/2025,0.08,0.06,ambas
CHIMBOTE,2025 - I,2942,9.7,0.589,0.023,2025,5,03/05/2025,0.14,0.08,ambas
CHIMBOTE,2025 - I,4440,13.1,0.542,0.008,2025,5,04/05/2025,0.14,0.14,ambas
CHIMBOTE,2025 - I,4315,19.8,0.399,0.006,2025,5,05/05/2025,0.17,0.14,ambas
CHIMBOTE,2025 - I,2041,13.6,0.274,0,2025,5,06/05/2025,0.2,0.17,ambas
CHIMBOTE,2025 - I,4827,16.5,0.139,0,2025,5,07/05/2025,0.15,0.2,ambas
CHIMBOTE,2025 - I,2783,13.9,0.238,0,2025,5,08/05/2025,0.35,0.15,ambas
CHIMBOTE,2025 - I,5000,16.1,0.111,0,2025,5,09/05/2025,0.25,0.35,ambas
CHIMBOTE,2025 - I,3342,13.8,0.254,0.018,2025,5,10/05/2025,0,0.25,ambas
CHIMBOTE,2025 - I,3473,10.4,0.241,0.019,2025,5,11/05/2025,0.21,0,ambas
CHIMBOTE,2025 - I,3924,16.8,0.255,0.004,2025,5,12/05/2025,0.18,0.21,ambas
CHIMBOTE,2025 - I,2479,13.3,0.299,0.005,2025,5,13/05/2025,0.19,0.18,ambas
CHIMBOTE,2025 - I,4797,17.9,0.25,0.001,2025,5,14/05/2025,0.1,0.19,ambas
CHIMBOTE,2025 - I,2336,16.4,0.157,0,2025,5,15/05/2025,0.54,0.1,ambas
CHIMBOTE,2025 - I,2307,19.3,0.119,0.001,2025,5,16/05/2025,0.53,0.54,ambas
CHIMBOTE,2025 - I,3811,9.6,0.252,0.095,2025,5,17/05/2025,0,0.53,ambas
CHIMBOTE,2025 - I,3593,14,0.285,0.178,2025,5,18/05/2025,0,0,ambas
CHIMBOTE,2025 - I,1763,12,0.073,0.049,2025,5,19/05/2025,0.39,0,ambas
CHIMBOTE,2025 - I,3022,14,0.094,0.014,2025,5,20/05/2025,0.39,0.39,ambas
CHIMBOTE,2025 - I,1399,16.7,0.322,0.015,2025,5,21/05/2025,0.47,0.39,ambas
CHIMBOTE,2025 - I,605,15.5,0.112,0.002,2025,5,22/05/2025,0.34,0.47,ambas
CHIMBOTE,2025 - I,1431,8.2,0.409,0.041,2025,5,23/05/2025,0,0.34,ambas
CHIMBOTE,2025 - I,2840,10.7,0.273,0.059,2025,5,27/05/2025,0.14,,ambas
CHIMBOTE,2025 - I,1193,7.8,0.541,0.132,2025,5,28/05/2025,0,0.14,ambas
CHIMBOTE,2025 - I,3287,9.9,0.605,0.153,2025,5,31/05/2025,0,,ambas
CHIMBOTE,2025 - I,546,9.4,0.57,0.158,2025,6,02/06/2025,0,,ambas
CHIMBOTE,2025 - I,3040,10.6,0.628,0.095,2025,6,03/06/2025,0,0,ambas
CHIMBOTE,2025 - I,2369,9.9,0.605,0.147,2025,6,04/06/2025,0,0,ambas
CHIMBOTE,2025 - I,926,7.4,0.634,0.005,2025,6,11/06/2025,0.04,,ambas
CHIMBOTE,2025 - I,109,6.6,0.833,0.104,2025,6,12/06/2025,0,0.04,ambas
CHIMBOTE,2025 - I,813,12.8,0.691,0.012,2025,6,26/06/2025,0,,ambas
CHIMBOTE,2025 - I,2009,12.5,0.662,0.054,2025,7,01/07/2025,0.42,,ambas
CHIMBOTE,2025 - I,1423,16.5,0.633,0.105,2025,7,02/07/2025,0,0.42,ambas
CHIMBOTE,2025 - I,469,9.4,0.52,0.094,2025,7,03/07/2025,0,0,ambas
CHIMBOTE,2025 - I,156,9.9,0.532,0.007,2025,7,04/07/2025,0,0,ambas
CHIMBOTE,2025 - I,87,9.3,0.871,0.036,2025,7,07/07/2025,0,,ambas
CHIMBOTE,2025 - I,1278,15.2,0.855,0.093,2025,7,15/07/2025,0,,ambas
CHIMBOTE,2025 - I,1277,13,0.879,0.178,2025,7,16/07/2025,0,0,ambas
CHIMBOTE,2025 - I,165,22.6,0.849,0.067,2025,7,17/07/2025,0,0,ambas
CHIMBOTE,2025 - I,268,9.8,0.777,0.05,2025,7,18/07/2025,0,0,ambas
CHIMBOTE,2025 - I,197,17.8,0.705,0.029,2025,7,19/07/2025,0,0,ambas
CHIMBOTE,2025 - I,1522,30.2,0.594,0.027,2025,7,20/07/2025,0,0,ambas
CHIMBOTE,2025 - I,780,13,0.782,0.026,2025,7,22/07/2025,0.24,,ambas
CHIMBOTE,2025 - I,688,14.6,0.822,0.008,2025,7,23/07/2025,0,0.24,ambas
CHIMBOTE,2025 - II,505,14.1,0.144,0.019,2025,11,07/11/2025,0.04,,ambas
CHIMBOTE,2025 - II,2633,15.8,0.116,0.003,2025,11,08/11/2025,0.18,0.04,ambas
CHIMBOTE,2025 - II,1469,14,0.12,0,2025,11,09/11/2025,0.24,0.18,ambas
CHIMBOTE,2025 - II,2204,18.8,0.104,0,2025,11,10/11/2025,0.01,0.24,ambas
CHIMBOTE,2025 - II,2175,18,0.123,0.014,2025,11,11/11/2025,0,0.01,ambas
CHIMBOTE,2025 - II,3271,16.1,0.14,0.001,2025,11,12/11/2025,0.06,0,ambas
CHIMBOTE,2025 - II,2527,14.3,0.093,0,2025,11,13/11/2025,0,0.06,ambas
CHIMBOTE,2025 - II,4779,17,0.051,0.002,2025,11,14/11/2025,0,0,ambas
CHIMBOTE,2025 - II,2480,12.5,0.082,0.021,2025,11,15/11/2025,0,0,ambas
CHIMBOTE,2025 - II,3137,11.4,0.035,0.006,2025,11,16/11/2025,0.07,0,ambas
CHIMBOTE,2025 - II,3660,10,0.068,0.005,2025,11,17/11/2025,0.02,0.07,ambas
CHIMBOTE,2025 - II,4547,19.5,0.182,0.002,2025,11,18/11/2025,0.04,0.02,ambas
CHIMBOTE,2025 - II,3554,17.9,0.034,0,2025,11,19/11/2025,0,0.04,ambas
CHIMBOTE,2025 - II,4230,22.1,0.034,0.009,2025,11,20/11/2025,0.14,0,ambas
CHIMBOTE,2025 - II,852,13.1,0.032,0.003,2025,11,21/11/2025,0.27,0.14,ambas
CHIMBOTE,2025 - II,3070,15.4,0.083,0.001,2025,11,22/11/2025,0.39,0.27,ambas
CHIMBOTE,2025 - II,2983,14.3,0.144,0.033,2025,11,23/11/2025,0.24,0.39,ambas
CHIMBOTE,2025 - II,3676,11.9,0.024,0.06,2025,11,24/11/2025,0.12,0.24,ambas
CHIMBOTE,2025 - II,1807,15.1,0.2,0.016,2025,11,25/11/2025,0.02,0.12,ambas
CHIMBOTE,2025 - II,2657,13.1,0.037,0.035,2025,11,26/11/2025,0.16,0.02,ambas
CHIMBOTE,2025 - II,1823,16.1,0.031,0.051,2025,11,27/11/2025,0.04,0.16,ambas
CHIMBOTE,2025 - II,930,9.8,0.025,0.016,2025,11,28/11/2025,0.74,0.04,ambas
CHIMBOTE,2025 - II,603,7.4,0.036,0.055,2025,11,29/11/2025,0.53,0.74,ambas
CHIMBOTE,2025 - II,683,11,0.024,0,2025,11,30/11/2025,0.33,0.53,ambas
CHIMBOTE,2025 - II,2243,16.1,0.02,0,2025,12,01/12/2025,0.87,0.33,ambas
CHIMBOTE,2025 - II,3828,15.3,0.007,0.004,2025,12,02/12/2025,0.7,0.87,ambas
CHIMBOTE,2025 - II,3722,16.8,0.014,0.013,2025,12,03/12/2025,0.59,0.7,ambas
CHIMBOTE,2025 - II,4950,17.2,0.014,0,2025,12,04/12/2025,0.64,0.59,ambas
CHIMBOTE,2025 - II,3247,14.4,0.009,0,2025,12,05/12/2025,0.42,0.64,ambas
CHIMBOTE,2025 - II,4488,17.8,0.041,0,2025,12,06/12/2025,0.22,0.42,ambas
CHIMBOTE,2025 - II,2293,17,0.032,0,2025,12,07/12/2025,0.37,0.22,ambas
CHIMBOTE,2025 - II,2549,14.7,0.079,0,2025,12,08/12/2025,0.44,0.37,ambas
CHIMBOTE,2025 - II,1761,22.7,0.047,0.023,2025,12,09/12/2025,0.53,0.44,ambas
CHIMBOTE,2025 - II,398,11.8,0.089,0,2025,12,10/12/2025,0.38,0.53,ambas
CHIMBOTE,2025 - II,1406,18.4,0.009,0.009,2025,12,11/12/2025,0.47,0.38,ambas
CHIMBOTE,2025 - II,463,11.7,0.005,0.001,2025,12,12/12/2025,0.11,0.47,ambas
CHIMBOTE,2025 - II,975,17.5,0.066,0.048,2025,12,13/12/2025,0.64,0.11,ambas
CHIMBOTE,2025 - II,1161,14,0.056,0.224,2025,12,14/12/2025,0.04,0.64,ambas
CHIMBOTE,2025 - II,1338,20.9,0.04,0.074,2025,12,15/12/2025,0.74,0.04,ambas
CHIMBOTE,2025 - II,1488,15.9,0.003,0,2025,12,16/12/2025,0.71,0.74,ambas
CHIMBOTE,2025 - II,2799,12.7,0.052,0,2025,12,17/12/2025,0.61,0.71,ambas
CHIMBOTE,2025 - II,3518,21.2,0.032,0.003,2025,12,18/12/2025,0.61,0.61,ambas
CHIMBOTE,2025 - II,1219,17.8,0.05,0,2025,12,19/12/2025,0.53,0.61,ambas
CHIMBOTE,2025 - II,326,10.6,0.144,0.214,2025,12,22/12/2025,0.17,,ambas
CHIMBOTE,2025 - II,819,11.2,0.019,0,2025,12,30/12/2025,0.6,,ambas
CHIMBOTE,2025 - II,992,9.5,0.013,0.013,2025,12,31/12/2025,0.48,0.6,ambas
CHIMBOTE,2025 - II,903,12.5,0.026,0,2026,1,01/01/2026,0.74,0.48,ambas
CHIMBOTE,2025 - II,1957,19.9,0.341,0,2026,1,02/01/2026,0.08,0.74,ambas
CHIMBOTE,2025 - II,3376,25.4,0.073,0.007,2026,1,03/01/2026,0.12,0.08,ambas
CHIMBOTE,2025 - II,643,14.3,0.049,0.038,2026,1,04/01/2026,0,0.12,ambas
CHIMBOTE,2025 - II,1345,12.6,0.088,0.024,2026,1,05/01/2026,0.31,0,ambas
CHIMBOTE,2025 - II,1357,20.4,0.174,0.054,2026,1,06/01/2026,0.13,0.31,ambas
CHIMBOTE,2025 - II,909,9.9,0.269,0.114,2026,1,07/01/2026,0.04,0.13,ambas
CHIMBOTE,2025 - II,2390,14.7,0.077,0.072,2026,1,08/01/2026,0.34,0.04,ambas
CHIMBOTE,2025 - II,3882,18.2,0.153,0.006,2026,1,09/01/2026,0.36,0.34,ambas
CHIMBOTE,2025 - II,1879,11.2,0.067,0.002,2026,1,10/01/2026,0.27,0.36,ambas
CHIMBOTE,2025 - II,289,21.2,0.019,0.035,2026,1,12/01/2026,0.3,,ambas
CHIMBOTE,2026 - I,111,2.5,0.876,0,2026,4,09/04/2026,,,solo calidadmp
CHIMBOTE,2026 - I,259,15.7,0.095,0.011,2026,4,10/04/2026,,,solo calidadmp
CHIMBOTE,2026 - I,244,14.5,0.806,0.054,2026,4,11/04/2026,,,solo calidadmp
CHIMBOTE,2026 - I,279,8,0.659,0,2026,4,14/04/2026,,,solo calidadmp
CHIMBOTE,2026 - I,381,6.3,0.932,0,2026,4,15/04/2026,,,solo calidadmp
CHIMBOTE,2026 - I,217,16.4,0.797,0.002,2026,4,17/04/2026,,,solo calidadmp
CHIMBOTE,2026 - I,260,12.7,0.447,0.001,2026,4,20/04/2026,0.08,,ambas
MALABRIGO,2020 - II,2261,12.1,0.004,0,2020,11,12/11/2020,,,solo calidadmp
MALABRIGO,2020 - II,1694,9.5,0,0,2020,11,13/11/2020,,,solo calidadmp
MALABRIGO,2020 - II,822,9.8,0,0,2020,11,14/11/2020,,,solo calidadmp
MALABRIGO,2020 - II,1384,10.2,0,0,2020,11,15/11/2020,,,solo calidadmp
MALABRIGO,2020 - II,2117,12.2,0,0,2020,11,16/11/2020,,,solo calidadmp
MALABRIGO,2020 - II,3372,16.9,0,0,2020,11,17/11/2020,,,solo calidadmp
MALABRIGO,2020 - II,1635,14.2,0,0.003,2020,11,18/11/2020,,,solo calidadmp
MALABRIGO,2020 - II,1351,11.1,0,0,2020,11,19/11/2020,,,solo calidadmp
MALABRIGO,2020 - II,1927,12.7,0,0.001,2020,11,20/11/2020,,,solo calidadmp
MALABRIGO,2020 - II,1682,11.8,0,0.004,2020,11,21/11/2020,,,solo calidadmp
MALABRIGO,2020 - II,3874,15.6,0.008,0,2020,11,22/11/2020,,,solo calidadmp
MALABRIGO,2020 - II,3332,16.6,0.013,0,2020,11,23/11/2020,,,solo calidadmp
MALABRIGO,2020 - II,2955,22.2,0,0,2020,11,24/11/2020,,,solo calidadmp
MALABRIGO,2020 - II,3306,19,0.018,0,2020,11,25/11/2020,,,solo calidadmp
MALABRIGO,2020 - II,1998,17.9,0,0.001,2020,11,26/11/2020,,,solo calidadmp
MALABRIGO,2020 - II,4211,15.5,0,0.001,2020,11,27/11/2020,,,solo calidadmp
MALABRIGO,2020 - II,2104,15.9,0.011,0,2020,11,28/11/2020,,,solo calidadmp
MALABRIGO,2020 - II,2226,17,0.005,0,2020,11,29/11/2020,,,solo calidadmp
MALABRIGO,2020 - II,2376,18.5,0.044,0,2020,11,30/11/2020,,,solo calidadmp
MALABRIGO,2020 - II,2350,14.2,0,0,2020,12,01/12/2020,,,solo calidadmp
MALABRIGO,2020 - II,3084,25.3,0.011,0.043,2020,12,02/12/2020,,,solo calidadmp
MALABRIGO,2020 - II,938,30.1,0,0,2020,12,04/12/2020,,,solo calidadmp
MALABRIGO,2020 - II,336,13,0,0.004,2020,12,05/12/2020,,,solo calidadmp
MALABRIGO,2020 - II,3552,16.5,0.013,0.016,2020,12,06/12/2020,,,solo calidadmp
MALABRIGO,2020 - II,3916,15.8,0,0.002,2020,12,07/12/2020,,,solo calidadmp
MALABRIGO,2020 - II,3227,18.1,0,0.016,2020,12,08/12/2020,,,solo calidadmp
MALABRIGO,2020 - II,2608,18.9,0,0,2020,12,09/12/2020,,,solo calidadmp
MALABRIGO,2020 - II,3569,19.7,0,0,2020,12,10/12/2020,,,solo calidadmp
MALABRIGO,2020 - II,1453,19.3,0.002,0.005,2020,12,11/12/2020,,,solo calidadmp
MALABRIGO,2020 - II,3201,16.8,0,0,2020,12,12/12/2020,,,solo calidadmp
MALABRIGO,2020 - II,3262,14.3,0,0,2020,12,13/12/2020,,,solo calidadmp
MALABRIGO,2020 - II,4316,23.4,0.002,0.005,2020,12,14/12/2020,,,solo calidadmp
MALABRIGO,2020 - II,1699,28.4,0,0,2020,12,15/12/2020,,,solo calidadmp
MALABRIGO,2020 - II,2721,12.8,0,0.001,2020,12,17/12/2020,,,solo calidadmp
MALABRIGO,2020 - II,2645,12.6,0.006,0.004,2020,12,18/12/2020,,,solo calidadmp
MALABRIGO,2020 - II,2734,13.7,0,0.004,2020,12,19/12/2020,,,solo calidadmp
MALABRIGO,2020 - II,2686,12.4,0.003,0.007,2020,12,20/12/2020,,,solo calidadmp
MALABRIGO,2020 - II,1138,8.7,0,0.003,2020,12,21/12/2020,,,solo calidadmp
MALABRIGO,2020 - II,3060,15,0,0.022,2020,12,22/12/2020,,,solo calidadmp
MALABRIGO,2020 - II,2961,18.2,0.004,0.039,2020,12,23/12/2020,,,solo calidadmp
MALABRIGO,2020 - II,2844,14.9,0.002,0.018,2020,12,24/12/2020,,,solo calidadmp
MALABRIGO,2020 - II,1184,11.6,0.013,0.027,2020,12,25/12/2020,,,solo calidadmp
MALABRIGO,2020 - II,3905,18.1,0.002,0.006,2020,12,26/12/2020,,,solo calidadmp
MALABRIGO,2020 - II,3270,15.9,0,0.018,2020,12,27/12/2020,,,solo calidadmp
MALABRIGO,2020 - II,2710,15.5,0,0.002,2020,12,28/12/2020,,,solo calidadmp
MALABRIGO,2020 - II,3204,16.9,0,0.087,2020,12,29/12/2020,,,solo calidadmp
MALABRIGO,2020 - II,2763,15.6,0.004,0.059,2020,12,30/12/2020,,,solo calidadmp
MALABRIGO,2020 - II,2426,15.5,0.017,0.015,2020,12,31/12/2020,,,solo calidadmp
MALABRIGO,2020 - II,2997,20.8,0,0.008,2021,1,01/01/2021,,,solo calidadmp
MALABRIGO,2020 - II,2550,21.8,0.001,0.093,2021,1,02/01/2021,,,solo calidadmp
MALABRIGO,2020 - II,3958,17.2,0,0,2021,1,03/01/2021,,,solo calidadmp
MALABRIGO,2020 - II,1561,13.9,0,0.038,2021,1,04/01/2021,,,solo calidadmp
MALABRIGO,2020 - II,3774,16.4,0,0.018,2021,1,05/01/2021,,,solo calidadmp
MALABRIGO,2020 - II,2494,16.2,0,0.009,2021,1,06/01/2021,,,solo calidadmp
MALABRIGO,2020 - II,2546,23.6,0,0.031,2021,1,07/01/2021,,,solo calidadmp
MALABRIGO,2020 - II,3288,27,0,0.039,2021,1,08/01/2021,,,solo calidadmp
MALABRIGO,2020 - II,2755,20.5,0.014,0.012,2021,1,09/01/2021,,,solo calidadmp
MALABRIGO,2020 - II,2731,25.2,0,0.008,2021,1,10/01/2021,,,solo calidadmp
MALABRIGO,2020 - II,3500,24.2,0,0.02,2021,1,11/01/2021,,,solo calidadmp
MALABRIGO,2020 - II,806,28.9,0,0.087,2021,1,12/01/2021,,,solo calidadmp
MALABRIGO,2020 - II,592,11.4,0.005,0.008,2021,1,16/01/2021,,,solo calidadmp
MALABRIGO,2020 - II,1192,20.8,0.051,0.15,2021,1,17/01/2021,,,solo calidadmp
MALABRIGO,2020 - II,931,14.4,0,0.019,2021,1,18/01/2021,,,solo calidadmp
MALABRIGO,2020 - II,97,10.3,0,0,2021,1,19/01/2021,,,solo calidadmp
MALABRIGO,2020 - II,231,10.1,0,0,2021,1,20/01/2021,,,solo calidadmp
MALABRIGO,2020 - II,45,8.8,0,0,2021,1,21/01/2021,,,solo calidadmp
MALABRIGO,2020 - II,167,14.2,0.093,0.054,2021,1,22/01/2021,,,solo calidadmp
MALABRIGO,2021 - I,489,9.4,0.169,0,2021,4,27/04/2021,0.72,,ambas
MALABRIGO,2021 - I,2230,11.9,0.116,0,2021,4,28/04/2021,0.33,0.72,ambas
MALABRIGO,2021 - I,999,16.9,0.118,0,2021,4,29/04/2021,0.24,0.33,ambas
MALABRIGO,2021 - I,736,11.3,0.264,0,2021,4,30/04/2021,0.17,0.24,ambas
MALABRIGO,2021 - I,1248,11.7,0.194,0,2021,5,01/05/2021,0.34,0.17,ambas
MALABRIGO,2021 - I,2074,17.3,0.071,0.038,2021,5,02/05/2021,0.19,0.34,ambas
MALABRIGO,2021 - I,1388,22.2,0,0.035,2021,5,03/05/2021,0.28,0.19,ambas
MALABRIGO,2021 - I,3170,15.5,0.02,0,2021,5,04/05/2021,0.32,0.28,ambas
MALABRIGO,2021 - I,3812,17,0.026,0.044,2021,5,05/05/2021,0.64,0.32,ambas
MALABRIGO,2021 - I,2368,14.1,0.076,0.033,2021,5,06/05/2021,0.56,0.64,ambas
MALABRIGO,2021 - I,3624,15.3,0.073,0.001,2021,5,07/05/2021,0.5,0.56,ambas
MALABRIGO,2021 - I,2403,19.2,0.06,0.002,2021,5,08/05/2021,0.48,0.5,ambas
MALABRIGO,2021 - I,2755,20.8,0.058,0.002,2021,5,09/05/2021,0.87,0.48,ambas
MALABRIGO,2021 - I,2111,14.9,0.125,0.007,2021,5,10/05/2021,0.5,0.87,ambas
MALABRIGO,2021 - I,2828,25.7,0.148,0.029,2021,5,11/05/2021,0.68,0.5,ambas
MALABRIGO,2021 - I,1584,27.5,0.058,0.092,2021,5,12/05/2021,0.88,0.68,ambas
MALABRIGO,2021 - I,2216,13.5,0.009,0.003,2021,5,13/05/2021,0.63,0.88,ambas
MALABRIGO,2021 - I,3375,18.3,0.026,0,2021,5,14/05/2021,0.6,0.63,ambas
MALABRIGO,2021 - I,713,6.6,0.308,0.007,2021,5,22/05/2021,0.26,,ambas
MALABRIGO,2021 - I,1424,20,0.074,0.003,2021,5,24/05/2021,0.61,,ambas
MALABRIGO,2021 - I,2370,16.1,0.057,0.004,2021,5,25/05/2021,0.88,0.61,ambas
MALABRIGO,2021 - I,2796,25.2,0.088,0,2021,5,26/05/2021,0.77,0.88,ambas
MALABRIGO,2021 - I,3274,16.3,0.16,0,2021,5,27/05/2021,0.25,0.77,ambas
MALABRIGO,2021 - I,3907,20.3,0.098,0,2021,5,28/05/2021,0.05,0.25,ambas
MALABRIGO,2021 - I,3761,21.1,0.349,0,2021,5,29/05/2021,0,0.05,ambas
MALABRIGO,2021 - I,322,11.8,0.331,0,2021,5,30/05/2021,0,0,ambas
MALABRIGO,2021 - I,2688,12.2,0.203,0,2021,5,31/05/2021,0.91,0,ambas
MALABRIGO,2021 - I,1635,25.2,0.147,0,2021,6,01/06/2021,0.94,0.91,ambas
MALABRIGO,2021 - I,1699,13,0.149,0,2021,6,03/06/2021,1,,ambas
MALABRIGO,2021 - I,3921,16,0.162,0,2021,6,04/06/2021,0.83,1,ambas
MALABRIGO,2021 - I,2690,19.2,0.155,0,2021,6,05/06/2021,1,0.83,ambas
MALABRIGO,2021 - I,3462,13.8,0.093,0,2021,6,06/06/2021,0.51,1,ambas
MALABRIGO,2021 - I,3473,15.8,0.188,0,2021,6,07/06/2021,0.67,0.51,ambas
MALABRIGO,2021 - I,3743,16.1,0.122,0,2021,6,08/06/2021,0.68,0.67,ambas
MALABRIGO,2021 - I,1904,24,0.193,0.001,2021,6,09/06/2021,0.89,0.68,ambas
MALABRIGO,2021 - I,1872,15.9,0.214,0,2021,6,10/06/2021,0.7,0.89,ambas
MALABRIGO,2021 - I,626,29.4,0.046,0,2021,6,12/06/2021,0.73,,ambas
MALABRIGO,2021 - I,3009,12.7,0.044,0,2021,6,13/06/2021,0.49,0.73,ambas
MALABRIGO,2021 - I,2971,15.7,0.086,0,2021,6,14/06/2021,0.22,0.49,ambas
MALABRIGO,2021 - I,2872,20,0.135,0,2021,6,15/06/2021,0.38,0.22,ambas
MALABRIGO,2021 - I,3225,14.7,0.073,0,2021,6,16/06/2021,0.34,0.38,ambas
MALABRIGO,2021 - I,3241,17.1,0.149,0,2021,6,17/06/2021,0.21,0.34,ambas
MALABRIGO,2021 - I,3488,23.5,0.208,0,2021,6,18/06/2021,0.04,0.21,ambas
MALABRIGO,2021 - I,1462,19.1,0.394,0,2021,6,19/06/2021,0,0.04,ambas
MALABRIGO,2021 - I,2443,52,0.331,0,2021,6,21/06/2021,0.35,,ambas
MALABRIGO,2021 - I,1012,31.6,0.128,0,2021,6,23/06/2021,0.94,,ambas
MALABRIGO,2021 - I,2242,20,0.151,0,2021,6,24/06/2021,0.83,0.94,ambas
MALABRIGO,2021 - I,832,16.4,0.062,0.008,2021,6,25/06/2021,0.32,0.83,ambas
MALABRIGO,2021 - I,2058,17.9,0.148,0,2021,6,27/06/2021,0.94,,ambas
MALABRIGO,2021 - I,3040,24.4,0.061,0.005,2021,6,28/06/2021,1,0.94,ambas
MALABRIGO,2021 - I,1904,16.1,0.027,0,2021,6,29/06/2021,1,1,ambas
MALABRIGO,2021 - I,519,11.7,0.039,0,2021,6,30/06/2021,,,solo calidadmp
MALABRIGO,2021 - I,974,28.3,0.027,0.015,2021,7,01/07/2021,1,,ambas
MALABRIGO,2021 - I,1515,15,0,0,2021,7,03/07/2021,0.99,,ambas
MALABRIGO,2021 - I,587,26.2,0,0,2021,7,05/07/2021,0.92,,ambas
MALABRIGO,2021 - II,1735,13,0,0,2021,11,15/11/2021,1,,ambas
MALABRIGO,2021 - II,1320,11.8,0.09,0,2021,11,16/11/2021,1,1,ambas
MALABRIGO,2021 - II,3940,21.9,0.003,0,2021,11,17/11/2021,1,1,ambas
MALABRIGO,2021 - II,3980,17.8,0.029,0,2021,11,18/11/2021,0.95,1,ambas
MALABRIGO,2021 - II,3378,14.6,0.003,0,2021,11,19/11/2021,1,0.95,ambas
MALABRIGO,2021 - II,2152,15.7,0.016,0,2021,11,20/11/2021,1,1,ambas
MALABRIGO,2021 - II,3052,21.2,0,0,2021,11,21/11/2021,1,1,ambas
MALABRIGO,2021 - II,1639,23.6,0.035,0,2021,11,22/11/2021,1,1,ambas
MALABRIGO,2021 - II,2166,19.8,0.004,0,2021,11,23/11/2021,1,1,ambas
MALABRIGO,2021 - II,3731,14.3,0.082,0,2021,11,24/11/2021,0.97,1,ambas
MALABRIGO,2021 - II,4033,17.4,0.07,0,2021,11,25/11/2021,0.89,0.97,ambas
MALABRIGO,2021 - II,3693,17.9,0.061,0,2021,11,26/11/2021,0.19,0.89,ambas
MALABRIGO,2021 - II,3169,17.5,0.082,0,2021,11,27/11/2021,0.23,0.19,ambas
MALABRIGO,2021 - II,2256,18.3,0.009,0.014,2021,11,28/11/2021,0.23,0.23,ambas
MALABRIGO,2021 - II,1439,13.4,0.001,0,2021,12,04/12/2021,1,,ambas
MALABRIGO,2021 - II,2305,20.7,0.038,0,2021,12,05/12/2021,1,1,ambas
MALABRIGO,2021 - II,1257,6.5,0.026,0.001,2021,12,14/12/2021,0.77,,ambas
MALABRIGO,2021 - II,3034,12.8,0.01,0,2021,12,15/12/2021,0.65,0.77,ambas
MALABRIGO,2021 - II,2325,8.3,0.019,0.003,2021,12,16/12/2021,0.93,0.65,ambas
MALABRIGO,2021 - II,3147,9.2,0,0.014,2021,12,17/12/2021,0.75,0.93,ambas
MALABRIGO,2021 - II,3459,11.5,0.003,0.005,2021,12,18/12/2021,0.73,0.75,ambas
MALABRIGO,2021 - II,4277,15.8,0.016,0.009,2021,12,19/12/2021,0.39,0.73,ambas
MALABRIGO,2021 - II,239,5.4,0,0,2021,12,20/12/2021,0,0.39,ambas
MALABRIGO,2021 - II,933,12.6,0,0,2021,12,21/12/2021,0.79,0,ambas
MALABRIGO,2021 - II,1310,11.5,0,0,2021,12,22/12/2021,1,0.79,ambas
MALABRIGO,2021 - II,268,12.8,0.007,0.003,2021,12,23/12/2021,0.92,1,ambas
MALABRIGO,2022 - I,142,12.6,0.489,0.004,2022,5,12/05/2022,0,,ambas
MALABRIGO,2022 - I,221,11.7,0.647,0,2022,5,13/05/2022,0,0,ambas
MALABRIGO,2022 - I,792,18.3,0.293,0,2022,5,15/05/2022,0.52,,ambas
MALABRIGO,2022 - I,451,11.1,0.311,0,2022,5,21/05/2022,0.46,,ambas
MALABRIGO,2022 - I,439,12,0.321,0.046,2022,5,22/05/2022,0.74,0.46,ambas
MALABRIGO,2022 - I,3049,20.6,0.146,0,2022,5,26/05/2022,0.36,,ambas
MALABRIGO,2022 - I,3969,20.4,0.314,0.011,2022,5,28/05/2022,0.56,,ambas
MALABRIGO,2022 - I,2165,11.5,0.379,0.008,2022,5,29/05/2022,0.1,0.56,ambas
MALABRIGO,2022 - I,3089,24.6,0.344,0.001,2022,5,30/05/2022,0.61,0.1,ambas
MALABRIGO,2022 - I,601,34.2,0.227,0,2022,6,03/06/2022,0.51,,ambas
MALABRIGO,2022 - I,3280,21.1,0.449,0,2022,6,04/06/2022,0.8,0.51,ambas
MALABRIGO,2022 - I,1460,23.6,0.284,0.016,2022,6,05/06/2022,0.51,0.8,ambas
MALABRIGO,2022 - I,2365,18.5,0.033,0.152,2022,6,06/06/2022,0.73,0.51,ambas
MALABRIGO,2022 - I,2602,15.7,0.099,0.003,2022,6,07/06/2022,0.84,0.73,ambas
MALABRIGO,2022 - I,3858,13.1,0.335,0,2022,6,08/06/2022,0.67,0.84,ambas
MALABRIGO,2022 - I,1157,20.6,0.509,0.011,2022,6,09/06/2022,0.22,0.67,ambas
MALABRIGO,2022 - I,250,9.1,0.697,0,2022,6,10/06/2022,0,0.22,ambas
MALABRIGO,2022 - I,3923,25.2,0.02,0.029,2022,6,11/06/2022,0.93,0,ambas
MALABRIGO,2022 - I,1954,14.8,0.098,0.025,2022,6,12/06/2022,0.22,0.93,ambas
MALABRIGO,2022 - I,1109,19.2,0.294,0.042,2022,6,13/06/2022,0.43,0.22,ambas
MALABRIGO,2022 - I,3995,19.1,0.32,0.019,2022,6,17/06/2022,0.88,,ambas
MALABRIGO,2022 - I,3920,13.7,0.525,0,2022,6,18/06/2022,0.65,0.88,ambas
MALABRIGO,2022 - I,1369,6.3,0.786,0.024,2022,6,19/06/2022,0.5,0.65,ambas
MALABRIGO,2022 - I,153,8.6,0.877,0,2022,6,20/06/2022,0,0.5,ambas
MALABRIGO,2022 - I,630,12.6,0,0,2022,6,24/06/2022,0.17,,ambas
MALABRIGO,2022 - II,1269,14.6,0.245,0.029,2022,11,24/11/2022,0.88,,ambas
MALABRIGO,2022 - II,1204,12.5,0.099,0.018,2022,11,25/11/2022,0.77,0.88,ambas
MALABRIGO,2022 - II,1612,19.8,0.133,0.056,2022,11,26/11/2022,0.75,0.77,ambas
MALABRIGO,2022 - II,4435,11.9,0.309,0.001,2022,11,27/11/2022,0.95,0.75,ambas
MALABRIGO,2022 - II,4119,11.7,0.089,0,2022,11,28/11/2022,0.92,0.95,ambas
MALABRIGO,2022 - II,2455,17.7,0.261,0,2022,11,30/11/2022,0.98,,ambas
MALABRIGO,2022 - II,3410,12.7,0.163,0.001,2022,12,01/12/2022,0.89,0.98,ambas
MALABRIGO,2022 - II,1581,25.4,0.045,0,2022,12,02/12/2022,0.83,0.89,ambas
MALABRIGO,2022 - II,1220,28.9,0.01,0,2022,12,03/12/2022,1,0.83,ambas
MALABRIGO,2022 - II,4048,10.2,0.097,0,2022,12,04/12/2022,0.84,1,ambas
MALABRIGO,2022 - II,2558,11.4,0.057,0,2022,12,05/12/2022,0.97,0.84,ambas
MALABRIGO,2022 - II,4656,13.8,0.065,0.004,2022,12,06/12/2022,0.63,0.97,ambas
MALABRIGO,2022 - II,4170,13.2,0.048,0.002,2022,12,07/12/2022,0.53,0.63,ambas
MALABRIGO,2022 - II,2006,14.7,0.057,0.102,2022,12,08/12/2022,0.18,0.53,ambas
MALABRIGO,2022 - II,2165,10.8,0.033,0.023,2022,12,09/12/2022,0.32,0.18,ambas
MALABRIGO,2022 - II,4252,16.4,0.062,0.024,2022,12,10/12/2022,0.54,0.32,ambas
MALABRIGO,2022 - II,5040,16.2,0.182,0,2022,12,11/12/2022,0.32,0.54,ambas
MALABRIGO,2022 - II,3209,14.4,0.177,0,2022,12,12/12/2022,0.33,0.32,ambas
MALABRIGO,2022 - II,4384,14.6,0.098,0,2022,12,13/12/2022,0.1,0.33,ambas
MALABRIGO,2022 - II,3658,25.5,0.237,0,2022,12,15/12/2022,0.57,,ambas
MALABRIGO,2022 - II,1294,13.5,0.102,0,2022,12,16/12/2022,0.32,0.57,ambas
MALABRIGO,2022 - II,50,4.7,0.052,0,2022,12,17/12/2022,0,0.32,ambas
MALABRIGO,2022 - II,428,5.2,0.026,0,2022,12,18/12/2022,0,0,ambas
MALABRIGO,2022 - II,4186,10.3,0.084,0.001,2022,12,21/12/2022,0.37,,ambas
MALABRIGO,2022 - II,914,9.6,0.061,0.015,2022,12,22/12/2022,0,0.37,ambas
MALABRIGO,2022 - II,910,9,0.081,0.003,2022,12,23/12/2022,0.18,0,ambas
MALABRIGO,2022 - II,1221,10.4,0.017,0.003,2022,12,25/12/2022,0.56,,ambas
MALABRIGO,2022 - II,1195,7.9,0.011,0.011,2022,12,26/12/2022,0.41,0.56,ambas
MALABRIGO,2022 - II,2075,13.1,0.073,0,2022,12,27/12/2022,0.65,0.41,ambas
MALABRIGO,2022 - II,274,4.3,0.002,0.06,2022,12,28/12/2022,0.3,0.65,ambas
MALABRIGO,2022 - II,812,7,0.032,0.052,2022,12,29/12/2022,0.59,0.3,ambas
MALABRIGO,2022 - II,434,8.8,0.585,0.051,2022,12,30/12/2022,0.3,0.59,ambas
MALABRIGO,2022 - II,2268,18.2,0.248,0.16,2022,12,31/12/2022,0.43,0.3,ambas
MALABRIGO,2022 - II,2996,22.1,0.133,0.093,2023,1,01/01/2023,0.47,0.43,ambas
MALABRIGO,2022 - II,1286,29.3,0.189,0.107,2023,1,02/01/2023,0,0.47,ambas
MALABRIGO,2022 - II,3943,33,0.25,0.129,2023,1,03/01/2023,0.47,0,ambas
MALABRIGO,2022 - II,3245,26.6,0.383,0.111,2023,1,04/01/2023,0.11,0.47,ambas
MALABRIGO,2022 - II,4215,23.1,0.19,0.114,2023,1,05/01/2023,0.17,0.11,ambas
MALABRIGO,2022 - II,770,28.4,0.203,0.104,2023,1,06/01/2023,0,0.17,ambas
MALABRIGO,2022 - II,602,16,0.209,0.204,2023,1,07/01/2023,0,0,ambas
MALABRIGO,2022 - II,2219,28.9,0.165,0.171,2023,1,08/01/2023,0,0,ambas
MALABRIGO,2022 - II,460,12.9,0.079,0.091,2023,1,09/01/2023,0,0,ambas
MALABRIGO,2022 - II,2016,28.9,0.369,0.134,2023,1,10/01/2023,0.03,0,ambas
MALABRIGO,2022 - II,64,4.9,0.043,0.033,2023,1,13/01/2023,0,,ambas
MALABRIGO,2022 - II,3728,14,0.244,0.015,2023,1,14/01/2023,0.1,0,ambas
MALABRIGO,2022 - II,1700,15,0.351,0.137,2023,1,15/01/2023,0,0.1,ambas
MALABRIGO,2022 - II,1878,27.7,0.642,0.156,2023,1,16/01/2023,0,0,ambas
MALABRIGO,2022 - II,3218,30.9,0.184,0.002,2023,1,19/01/2023,0,,ambas
MALABRIGO,2022 - II,3637,28.9,0.228,0.046,2023,1,22/01/2023,0.11,,ambas
MALABRIGO,2022 - II,626,39.4,0.374,0.025,2023,1,23/01/2023,0,0.11,ambas
MALABRIGO,2022 - II,1603,20.5,0.226,0.007,2023,1,24/01/2023,0,0,ambas
MALABRIGO,2022 - II,3409,29.7,0.205,0.043,2023,1,26/01/2023,0.18,,ambas
MALABRIGO,2022 - II,749,13,0.042,0,2023,1,27/01/2023,,,solo calidadmp
MALABRIGO,2022 - II,273,13.8,0.135,0,2023,1,28/01/2023,0,,ambas
MALABRIGO,2022 - II,2185,16.6,0.086,0.005,2023,1,29/01/2023,0.27,0,ambas
MALABRIGO,2022 - II,3079,17.1,0.031,0.024,2023,1,30/01/2023,0.23,0.27,ambas
MALABRIGO,2022 - II,2625,29.7,0.228,0.016,2023,1,31/01/2023,0.08,0.23,ambas
MALABRIGO,2022 - II,2052,14.5,0.25,0.046,2023,2,01/02/2023,0.06,0.08,ambas
MALABRIGO,2022 - II,2391,20.2,0.203,0.031,2023,2,02/02/2023,0.53,0.06,ambas
MALABRIGO,2022 - II,1166,6.3,0.196,0.001,2023,2,03/02/2023,0.63,0.53,ambas
MALABRIGO,2022 - II,312,16,0.463,0.006,2023,2,04/02/2023,0,0.63,ambas
MALABRIGO,2023 - I,97,8.4,0.83,0,2023,6,03/06/2023,0,,ambas
MALABRIGO,2023 - I,472,15.9,0.892,0,2023,6,04/06/2023,0,0,ambas
MALABRIGO,2023 - I,3558,25.2,0.903,0,2023,6,05/06/2023,0,0,ambas
MALABRIGO,2023 - I,484,8.9,0.696,0.004,2023,8,04/08/2023,0,,ambas
MALABRIGO,2023 - I,1797,22.9,0.697,0,2023,8,05/08/2023,0.55,0,ambas
MALABRIGO,2023 - I,2226,24.5,0.797,0,2023,8,06/08/2023,0.31,0.55,ambas
MALABRIGO,2023 - I,3828,17,0.521,0,2023,8,07/08/2023,0.33,0.31,ambas
MALABRIGO,2023 - I,2892,24.7,0.484,0,2023,8,08/08/2023,0,0.33,ambas
MALABRIGO,2023 - I,1647,18.6,0.452,0,2023,8,09/08/2023,0,0,ambas
MALABRIGO,,,,,,,,10/08/2023,0,0,solo sp_p
MALABRIGO,2023 - I,3120,24.4,0.813,0,2023,8,11/08/2023,0.32,0,ambas
MALABRIGO,2023 - I,2182,24.9,0.682,0,2023,8,12/08/2023,0.15,0.32,ambas
MALABRIGO,2023 - II,2309,13.4,0.328,0.007,2023,10,21/10/2023,0.19,,ambas
MALABRIGO,2023 - II,660,10.1,0.034,0,2023,10,22/10/2023,0,0.19,ambas
MALABRIGO,2023 - II,1291,9.6,0.66,0,2023,10,23/10/2023,0.41,0,ambas
MALABRIGO,2023 - II,1153,30.1,0.205,0,2023,10,24/10/2023,0.22,0.41,ambas
MALABRIGO,2023 - II,2035,8.7,0.714,0.116,2023,10,26/10/2023,0.3,,ambas
MALABRIGO,2023 - II,551,9,0.866,0.518,2023,10,27/10/2023,0,0.3,ambas
MALABRIGO,2023 - II,562,5.9,0.254,0.037,2023,11,01/11/2023,0.21,,ambas
MALABRIGO,2023 - II,876,5.3,0.407,0.027,2023,11,02/11/2023,0.76,0.21,ambas
MALABRIGO,2023 - II,1974,9.1,0.458,0.027,2023,11,03/11/2023,0.09,0.76,ambas
MALABRIGO,2023 - II,1389,10.9,0.455,0.009,2023,11,04/11/2023,0.3,0.09,ambas
MALABRIGO,2023 - II,623,7.8,0.657,0.038,2023,11,05/11/2023,0.09,0.3,ambas
MALABRIGO,2023 - II,477,8.7,0.764,0.205,2023,11,06/11/2023,0,0.09,ambas
MALABRIGO,2023 - II,605,9.4,0.301,0.056,2023,11,08/11/2023,0.52,,ambas
MALABRIGO,2023 - II,107,7,0.431,0.019,2023,11,09/11/2023,0,0.52,ambas
MALABRIGO,2023 - II,579,9,0.52,0.216,2023,11,10/11/2023,0.34,0,ambas
MALABRIGO,2023 - II,367,7.7,0.538,0.006,2023,11,11/11/2023,0.37,0.34,ambas
MALABRIGO,2023 - II,1358,6.1,0.606,0.039,2023,11,12/11/2023,0.79,0.37,ambas
MALABRIGO,2023 - II,1622,21.6,0.278,0.009,2023,11,13/11/2023,0.53,0.79,ambas
MALABRIGO,2023 - II,478,10.2,0.664,0.057,2023,11,14/11/2023,0,0.53,ambas
MALABRIGO,2023 - II,373,4.7,0.67,0.011,2023,11,15/11/2023,0.07,0,ambas
MALABRIGO,2023 - II,95,6.2,0.683,0.006,2023,11,16/11/2023,0,0.07,ambas
MALABRIGO,2023 - II,843,6.7,0.594,0.178,2023,11,18/11/2023,0.66,,ambas
MALABRIGO,2023 - II,399,6.8,0.704,0.038,2023,11,19/11/2023,0,0.66,ambas
MALABRIGO,2023 - II,341,9,0.641,0.037,2023,11,20/11/2023,0.45,0,ambas
MALABRIGO,2023 - II,46,8,0.586,0.007,2023,11,21/11/2023,0,0.45,ambas
MALABRIGO,2023 - II,455,6.5,0.591,0.056,2023,11,24/11/2023,0.64,,ambas
MALABRIGO,2023 - II,1571,9.7,0.592,0.154,2023,11,25/11/2023,0.21,0.64,ambas
MALABRIGO,2023 - II,203,9.7,0.39,0.052,2023,11,26/11/2023,0,0.21,ambas
MALABRIGO,2023 - II,98,8.4,0.329,0.059,2023,11,28/11/2023,0,,ambas
MALABRIGO,2023 - II,66,11.7,0.667,0.047,2023,12,03/12/2023,0,,ambas
MALABRIGO,2023 - II,381,5.1,0.673,0.058,2023,12,04/12/2023,0.55,0,ambas
MALABRIGO,2024 - I,2710,14.4,0.325,0.002,2024,4,16/04/2024,0.26,,ambas
MALABRIGO,2024 - I,3438,17.5,0.441,0,2024,4,17/04/2024,0,0.26,ambas
MALABRIGO,2024 - I,2051,13.6,0.516,0.002,2024,4,18/04/2024,0,0,ambas
MALABRIGO,2024 - I,3296,14.9,0.657,0.002,2024,4,19/04/2024,0.24,0,ambas
MALABRIGO,2024 - I,3361,13.3,0.246,0.001,2024,4,20/04/2024,0.27,0.24,ambas
MALABRIGO,2024 - I,3364,13.9,0.599,0,2024,4,21/04/2024,0.25,0.27,ambas
MALABRIGO,2024 - I,2413,21,0.314,0,2024,4,22/04/2024,0.61,0.25,ambas
MALABRIGO,2024 - I,3233,16.9,0.342,0,2024,4,23/04/2024,0.25,0.61,ambas
MALABRIGO,2024 - I,3679,20.4,0.307,0.007,2024,4,24/04/2024,0.58,0.25,ambas
MALABRIGO,2024 - I,2145,16.2,0.307,0.01,2024,4,25/04/2024,0,0.58,ambas
MALABRIGO,2024 - I,2499,16.3,0.156,0.004,2024,4,26/04/2024,0,0,ambas
MALABRIGO,2024 - I,2373,14,0.11,0.007,2024,4,27/04/2024,0,0,ambas
MALABRIGO,2024 - I,2803,21.6,0.276,0.004,2024,4,28/04/2024,0,0,ambas
MALABRIGO,2024 - I,1241,15,0.313,0.007,2024,4,29/04/2024,0.12,0,ambas
MALABRIGO,2024 - I,1042,8.5,0.717,0.017,2024,4,30/04/2024,0,0.12,ambas
MALABRIGO,2024 - I,2324,13.2,0.326,0.01,2024,5,01/05/2024,0.67,0,ambas
MALABRIGO,2024 - I,1065,6.7,0.64,0.006,2024,5,02/05/2024,0.08,0.67,ambas
MALABRIGO,2024 - I,2482,11.8,0.261,0.007,2024,5,03/05/2024,0.42,0.08,ambas
MALABRIGO,2024 - I,1592,8.4,0.522,0.004,2024,5,04/05/2024,0.49,0.42,ambas
MALABRIGO,2024 - I,3580,13.8,0.066,0.005,2024,5,05/05/2024,0.75,0.49,ambas
MALABRIGO,2024 - I,3699,13.5,0.109,0.007,2024,5,06/05/2024,0.49,0.75,ambas
MALABRIGO,2024 - I,2930,14.9,0.064,0.003,2024,5,07/05/2024,0.1,0.49,ambas
MALABRIGO,2024 - I,867,8.7,0.19,0,2024,5,08/05/2024,0.24,0.1,ambas
MALABRIGO,2024 - I,3450,13.5,0.219,0.017,2024,5,09/05/2024,0.59,0.24,ambas
MALABRIGO,2024 - I,3531,15.5,0.14,0.004,2024,5,10/05/2024,0.66,0.59,ambas
MALABRIGO,2024 - I,3406,11.9,0.2,0.001,2024,5,11/05/2024,0.65,0.66,ambas
MALABRIGO,2024 - I,3279,11.4,0.264,0.007,2024,5,12/05/2024,0.64,0.65,ambas
MALABRIGO,2024 - I,3529,20.5,0.155,0.003,2024,5,13/05/2024,0.51,0.64,ambas
MALABRIGO,2024 - I,3457,11.4,0.06,0,2024,5,14/05/2024,0.41,0.51,ambas
MALABRIGO,2024 - I,2398,20.6,0.07,0.001,2024,5,15/05/2024,0.33,0.41,ambas
MALABRIGO,2024 - I,3308,12.3,0.126,0.005,2024,5,16/05/2024,0.59,0.33,ambas
MALABRIGO,2024 - I,3686,12.8,0.048,0.003,2024,5,17/05/2024,0.61,0.59,ambas
MALABRIGO,2024 - I,3736,15.2,0.088,0.006,2024,5,18/05/2024,0.61,0.61,ambas
MALABRIGO,2024 - I,3202,15.6,0.057,0.003,2024,5,19/05/2024,0.75,0.61,ambas
MALABRIGO,2024 - I,3625,25.5,0.053,0.009,2024,5,21/05/2024,0.85,,ambas
MALABRIGO,2024 - I,2540,22.9,0.018,0.001,2024,5,22/05/2024,0.37,0.85,ambas
MALABRIGO,2024 - I,849,28.7,0.037,0.008,2024,5,23/05/2024,0,0.37,ambas
MALABRIGO,2024 - I,5538,26.4,0.02,0.057,2024,5,24/05/2024,0.55,0,ambas
MALABRIGO,2024 - I,2470,19.9,0.033,0.004,2024,5,25/05/2024,0.09,0.55,ambas
MALABRIGO,,,,,,,,26/05/2024,0,0.09,solo sp_p
MALABRIGO,2024 - I,2541,20.6,0.124,0.006,2024,5,27/05/2024,0.63,0,ambas
MALABRIGO,2024 - I,2961,20.2,0.088,0.001,2024,5,28/05/2024,0.42,0.63,ambas
MALABRIGO,2024 - I,2600,17.2,0.322,0.027,2024,5,29/05/2024,0.4,0.42,ambas
MALABRIGO,2024 - I,2406,20.2,0.226,0.016,2024,5,30/05/2024,0.16,0.4,ambas
MALABRIGO,2024 - I,1954,18.1,0.248,0.046,2024,5,31/05/2024,0,0.16,ambas
MALABRIGO,2024 - I,2485,14.6,0.055,0.057,2024,6,01/06/2024,0.75,0,ambas
MALABRIGO,2024 - I,1516,18.1,0.111,0.009,2024,6,02/06/2024,0.95,0.75,ambas
MALABRIGO,2024 - I,3531,18.1,0.07,0.005,2024,6,03/06/2024,0.36,0.95,ambas
MALABRIGO,2024 - II,251,5.1,0,0.006,2024,11,01/11/2024,1,,ambas
MALABRIGO,2024 - II,2687,10.5,0,0.028,2024,11,02/11/2024,0.61,1,ambas
MALABRIGO,2024 - II,578,9.7,0.002,0,2024,11,03/11/2024,0.09,0.61,ambas
MALABRIGO,2024 - II,1868,11,0.001,0.076,2024,11,04/11/2024,0.4,0.09,ambas
MALABRIGO,2024 - II,1365,12.1,0,0,2024,11,05/11/2024,0.83,0.4,ambas
MALABRIGO,2024 - II,1695,14.7,0,0,2024,11,06/11/2024,0.82,0.83,ambas
MALABRIGO,2024 - II,1009,12.2,0,0,2024,11,07/11/2024,0.09,0.82,ambas
MALABRIGO,2024 - II,2773,13.2,0,0,2024,11,08/11/2024,0.41,0.09,ambas
MALABRIGO,2024 - II,2536,13.4,0,0.015,2024,11,09/11/2024,0.36,0.41,ambas
MALABRIGO,2024 - II,1204,11.5,0,0,2024,11,10/11/2024,0.11,0.36,ambas
MALABRIGO,2024 - II,539,10,0.002,0,2024,11,11/11/2024,0.96,0.11,ambas
MALABRIGO,2024 - II,493,9.2,0,0,2024,11,12/11/2024,0.64,0.96,ambas
MALABRIGO,,,,,,,,13/11/2024,0.17,0.64,solo sp_p
MALABRIGO,,,,,,,,14/11/2024,0.53,0.17,solo sp_p
MALABRIGO,,,,,,,,15/11/2024,0,0.53,solo sp_p
MALABRIGO,2024 - II,359,8.5,0,0.025,2024,11,19/11/2024,0,,ambas
MALABRIGO,2024 - II,467,13.2,0,0.007,2024,11,20/11/2024,0,0,ambas
MALABRIGO,2024 - II,2084,13,0,0.047,2024,11,21/11/2024,0.17,0,ambas
MALABRIGO,2024 - II,1898,14.2,0.222,0.216,2024,11,22/11/2024,0.12,0.17,ambas
MALABRIGO,2024 - II,1623,20.9,0.15,0.183,2024,11,23/11/2024,0.8,0.12,ambas
MALABRIGO,2024 - II,496,24.6,0.217,0,2024,11,24/11/2024,0.8,0.8,ambas
MALABRIGO,2024 - II,274,16.2,0.403,0,2024,11,25/11/2024,0,0.8,ambas
MALABRIGO,2024 - II,757,16,0.084,0.032,2024,11,27/11/2024,0.94,,ambas
MALABRIGO,2024 - II,464,8.6,0,0,2024,11,28/11/2024,0.94,0.94,ambas
MALABRIGO,2024 - II,1531,20.6,0.102,0.126,2024,11,29/11/2024,0.16,0.94,ambas
MALABRIGO,2024 - II,1795,10.7,0.118,0.03,2024,11,30/11/2024,0.45,0.16,ambas
MALABRIGO,2024 - II,2787,10.9,0.062,0.214,2024,12,01/12/2024,0.1,0.45,ambas
MALABRIGO,2024 - II,3875,13.3,0.019,0.099,2024,12,02/12/2024,0.05,0.1,ambas
MALABRIGO,2024 - II,1991,11,0.047,0.03,2024,12,03/12/2024,0.12,0.05,ambas
MALABRIGO,2024 - II,2283,10.5,0.013,0.176,2024,12,04/12/2024,0,0.12,ambas
MALABRIGO,2024 - II,3360,15.3,0.074,0.075,2024,12,05/12/2024,0,0,ambas
MALABRIGO,2024 - II,2862,12.4,0.002,0.133,2024,12,06/12/2024,0,0,ambas
MALABRIGO,2024 - II,3186,16.9,0.005,0.068,2024,12,07/12/2024,0,0,ambas
MALABRIGO,2024 - II,2816,13.1,0.025,0.03,2024,12,08/12/2024,0,0,ambas
MALABRIGO,2024 - II,3675,12.7,0,0,2024,12,09/12/2024,0,0,ambas
MALABRIGO,2024 - II,1792,9.6,0.003,0,2024,12,10/12/2024,0,0,ambas
MALABRIGO,2024 - II,2361,15.1,0.044,0,2024,12,11/12/2024,0.04,0,ambas
MALABRIGO,2024 - II,1808,9.2,0.285,0.131,2024,12,12/12/2024,0.07,0.04,ambas
MALABRIGO,2024 - II,3772,16.6,0,0.096,2024,12,13/12/2024,0,0.07,ambas
MALABRIGO,2024 - II,2903,14.9,0,0.017,2024,12,14/12/2024,0,0,ambas
MALABRIGO,2024 - II,3038,14.2,0.078,0,2024,12,15/12/2024,0.39,0,ambas
MALABRIGO,2024 - II,3114,13.4,0.038,0,2024,12,16/12/2024,0.5,0.39,ambas
MALABRIGO,2024 - II,1314,13.5,0.241,0.009,2024,12,17/12/2024,0.09,0.5,ambas
MALABRIGO,2024 - II,1032,8,0.12,0.055,2024,12,18/12/2024,0.47,0.09,ambas
MALABRIGO,2024 - II,1053,13.6,0.01,0.145,2024,12,19/12/2024,0.17,0.47,ambas
MALABRIGO,2024 - II,1797,15.6,0.015,0.239,2024,12,20/12/2024,0.08,0.17,ambas
MALABRIGO,2024 - II,1537,9.4,0.51,0.213,2024,12,30/12/2024,0,,ambas
MALABRIGO,2024 - II,3696,12,0.289,0.071,2024,12,31/12/2024,0.52,0,ambas
MALABRIGO,2024 - II,2846,11.9,0.085,0.165,2025,1,01/01/2025,0.49,0.52,ambas
MALABRIGO,2024 - II,2122,11.1,0.589,0.026,2025,1,02/01/2025,0.28,0.49,ambas
MALABRIGO,2024 - II,404,12.6,0.016,0.632,2025,1,03/01/2025,0,0.28,ambas
MALABRIGO,2024 - II,45,10.5,0.98,0,2025,1,04/01/2025,0,0,ambas
MALABRIGO,2024 - II,591,12.2,0.057,0.144,2025,1,09/01/2025,0.18,,ambas
MALABRIGO,2024 - II,330,9.9,0.031,0.136,2025,1,10/01/2025,0,0.18,ambas
MALABRIGO,2024 - II,937,10.6,0.644,0.03,2025,1,11/01/2025,0.4,0,ambas
MALABRIGO,2024 - II,999,14.5,0.226,0.157,2025,1,12/01/2025,0.23,0.4,ambas
MALABRIGO,2024 - II,1521,12.9,0.475,0.227,2025,1,13/01/2025,0,0.23,ambas
MALABRIGO,2024 - II,664,12.1,0.154,0.282,2025,1,14/01/2025,0,0,ambas
MALABRIGO,2024 - II,2192,14,0.015,0.045,2025,1,15/01/2025,0.57,0,ambas
MALABRIGO,2024 - II,2089,25.8,0.121,0.092,2025,1,16/01/2025,0.41,0.57,ambas
MALABRIGO,2024 - II,2047,14,0.458,0.108,2025,1,17/01/2025,0.02,0.41,ambas
MALABRIGO,2024 - II,320,18.2,0.622,0.055,2025,1,18/01/2025,0,0.02,ambas
MALABRIGO,2025 - I,279,9.7,0.578,0.063,2025,4,23/04/2025,0,,ambas
MALABRIGO,2025 - I,1149,10.1,0.694,0.054,2025,4,24/04/2025,0,0,ambas
MALABRIGO,2025 - I,858,13.4,0.256,0.113,2025,4,25/04/2025,0.07,0,ambas
MALABRIGO,2025 - I,215,7.8,0.741,0.032,2025,4,26/04/2025,0,0.07,ambas
MALABRIGO,2025 - I,60,4.7,0.679,0.063,2025,4,28/04/2025,0,,ambas
MALABRIGO,2025 - I,2836,16.2,0.267,0.004,2025,4,29/04/2025,0.47,0,ambas
MALABRIGO,2025 - I,2410,9,0.685,0.036,2025,4,30/04/2025,0.44,0.47,ambas
MALABRIGO,2025 - I,1459,9.7,0.513,0.009,2025,5,01/05/2025,0.22,0.44,ambas
MALABRIGO,2025 - I,926,10.6,0.585,0.023,2025,5,02/05/2025,0,0.22,ambas
MALABRIGO,2025 - I,1377,13.5,0.391,0.018,2025,5,03/05/2025,0,0,ambas
MALABRIGO,2025 - I,3255,19.7,0.217,0.017,2025,5,04/05/2025,0,0,ambas
MALABRIGO,2025 - I,395,6.4,0.485,0.018,2025,5,05/05/2025,0,0,ambas
MALABRIGO,2025 - I,1540,14.5,0.424,0.023,2025,5,06/05/2025,0.55,0,ambas
MALABRIGO,2025 - I,1333,12,0.391,0.015,2025,5,07/05/2025,0.51,0.55,ambas
MALABRIGO,2025 - I,2733,17.9,0.169,0,2025,5,09/05/2025,0.27,,ambas
MALABRIGO,2025 - I,2162,26,0.295,0,2025,5,11/05/2025,0.6,,ambas
MALABRIGO,2025 - I,2835,20.4,0.395,0.006,2025,5,12/05/2025,0.21,0.6,ambas
MALABRIGO,2025 - I,781,17,0.426,0.091,2025,5,17/05/2025,0,,ambas
MALABRIGO,2025 - I,1377,23,0.065,0.267,2025,5,18/05/2025,0.11,0,ambas
MALABRIGO,2025 - I,961,20.1,0.716,0.003,2025,7,04/07/2025,0,,ambas
MALABRIGO,2025 - I,1587,19.1,0.656,0.003,2025,7,05/07/2025,0,0,ambas
MALABRIGO,2025 - I,869,22.6,0.698,0,2025,7,06/07/2025,0.05,0,ambas
MALABRIGO,2025 - I,510,19.8,0.642,0.001,2025,7,07/07/2025,0,0.05,ambas
MALABRIGO,2025 - I,892,22.5,0.431,0.029,2025,7,08/07/2025,0.18,0,ambas
MALABRIGO,2025 - I,1041,18.2,0.705,0.031,2025,7,09/07/2025,0.37,0.18,ambas
MALABRIGO,2025 - I,803,24.9,0.793,0.003,2025,7,10/07/2025,0,0.37,ambas
MALABRIGO,2025 - I,639,14.6,0.105,0,2025,7,11/07/2025,0.32,0,ambas
MALABRIGO,2025 - I,382,31.8,0.273,0.002,2025,7,12/07/2025,0,0.32,ambas
MALABRIGO,2025 - I,973,25,0.672,0.009,2025,7,13/07/2025,0.18,0,ambas
MALABRIGO,2025 - I,545,19.1,0.876,0.019,2025,7,14/07/2025,0.18,0.18,ambas
MALABRIGO,2025 - I,930,26.6,0.637,0,2025,7,15/07/2025,0.14,0.18,ambas
MALABRIGO,2025 - I,140,22.8,0.848,0.021,2025,7,16/07/2025,0,0.14,ambas
MALABRIGO,2025 - I,573,14.8,0.808,0.079,2025,7,17/07/2025,0,0,ambas
MALABRIGO,2025 - I,211,19.4,0.915,0.044,2025,7,18/07/2025,0.55,0,ambas
MALABRIGO,2025 - I,1465,19.6,0.558,0.004,2025,7,19/07/2025,0.47,0.55,ambas
MALABRIGO,2025 - I,3604,27.2,0.714,0.031,2025,7,20/07/2025,0.06,0.47,ambas
MALABRIGO,2025 - I,2606,24.7,0.701,0.037,2025,7,21/07/2025,0,0.06,ambas
MALABRIGO,2025 - I,2616,26.5,0.759,0.032,2025,7,22/07/2025,0,0,ambas
MALABRIGO,2025 - I,4258,29.2,0.795,0.028,2025,7,23/07/2025,0.05,0,ambas
MALABRIGO,2025 - II,2235,12.3,0.291,0.001,2025,11,07/11/2025,0.23,,ambas
MALABRIGO,2025 - II,5407,20,0.284,0,2025,11,08/11/2025,0.1,0.23,ambas
MALABRIGO,2025 - II,2968,13.1,0.31,0,2025,11,10/11/2025,0.07,,ambas
MALABRIGO,2025 - II,3576,19.4,0.337,0,2025,11,11/11/2025,0,0.07,ambas
MALABRIGO,2025 - II,2525,12.5,0.365,0,2025,11,13/11/2025,0.69,,ambas
MALABRIGO,2025 - II,3294,14.9,0.416,0,2025,11,14/11/2025,0.56,0.69,ambas
MALABRIGO,2025 - II,2803,12.7,0.482,0,2025,11,15/11/2025,0.61,0.56,ambas
MALABRIGO,2025 - II,3262,18.2,0.635,0,2025,11,16/11/2025,0.17,0.61,ambas
MALABRIGO,2025 - II,2904,27.7,0.696,0,2025,11,17/11/2025,0.33,0.17,ambas
MALABRIGO,2025 - II,2371,13.1,0.229,0,2025,11,18/11/2025,0.15,0.33,ambas
MALABRIGO,2025 - II,3832,17.1,0.091,0,2025,11,19/11/2025,0.33,0.15,ambas
MALABRIGO,2025 - II,3358,13.8,0.107,0.012,2025,11,20/11/2025,0.56,0.33,ambas
MALABRIGO,2025 - II,2811,20.9,0.101,0.004,2025,11,21/11/2025,0.07,0.56,ambas
MALABRIGO,2025 - II,2502,20.2,0.288,0,2025,11,22/11/2025,0,0.07,ambas
MALABRIGO,2025 - II,3429,19.1,0.404,0,2025,11,23/11/2025,0.3,0,ambas
MALABRIGO,2025 - II,3512,25.1,0.697,0,2025,11,24/11/2025,0.07,0.3,ambas
MALABRIGO,2025 - II,1355,33.9,0.595,0,2025,11,25/11/2025,0,0.07,ambas
MALABRIGO,2025 - II,1034,12,0.081,0.013,2025,11,26/11/2025,0.17,0,ambas
MALABRIGO,2025 - II,664,12.4,0.091,0.148,2025,11,27/11/2025,0,0.17,ambas
MALABRIGO,2025 - II,2232,13.7,0.569,0.035,2025,11,28/11/2025,0,0,ambas
MALABRIGO,2025 - II,73,4.9,0.48,0,2025,11,29/11/2025,0,0,ambas
MALABRIGO,2025 - II,51,7.3,0.057,0,2025,11,30/11/2025,0.05,0,ambas
MALABRIGO,2025 - II,34,5.7,0.051,0,2025,12,01/12/2025,0,0.05,ambas
MALABRIGO,2025 - II,99,7.1,0.006,0,2025,12,02/12/2025,0,0,ambas
MALABRIGO,2025 - II,686,30.4,0,0,2025,12,04/12/2025,0.27,,ambas
MALABRIGO,2025 - II,262,7.7,0.135,0,2025,12,05/12/2025,0.5,0.27,ambas
MALABRIGO,2025 - II,3707,12.4,0.114,0.001,2025,12,10/12/2025,0.48,,ambas
MALABRIGO,2025 - II,4224,13.5,0.159,0.004,2025,12,11/12/2025,0.56,0.48,ambas
MALABRIGO,2025 - II,2925,18.1,0.265,0.026,2025,12,12/12/2025,0.32,0.56,ambas
MALABRIGO,2025 - II,3250,20.4,0.11,0.057,2025,12,13/12/2025,0.67,0.32,ambas
MALABRIGO,2025 - II,274,11.3,0.313,0.36,2025,12,14/12/2025,0,0.67,ambas
MALABRIGO,2025 - II,93,8.6,0.307,0.031,2025,12,15/12/2025,0,0,ambas
MALABRIGO,2025 - II,1746,10.9,0.053,0,2025,12,27/12/2025,0.59,,ambas
MALABRIGO,2025 - II,2077,12.5,0.032,0.023,2025,12,28/12/2025,0.93,0.59,ambas
MALABRIGO,2025 - II,2235,12.1,0.023,0.039,2025,12,29/12/2025,0.95,0.93,ambas
MALABRIGO,2025 - II,3108,13.5,0.08,0.002,2025,12,30/12/2025,0.76,0.95,ambas
MALABRIGO,2025 - II,3773,16.6,0.326,0,2025,12,31/12/2025,0.15,0.76,ambas
MALABRIGO,2025 - II,2912,15.3,0.249,0.004,2026,1,01/01/2026,0,0.15,ambas
MALABRIGO,2025 - II,3661,15.5,0.146,0.032,2026,1,02/01/2026,0.02,0,ambas
MALABRIGO,2025 - II,2935,19.8,0.179,0.016,2026,1,03/01/2026,0.03,0.02,ambas
MALABRIGO,2025 - II,1732,23.4,0.114,0.017,2026,1,04/01/2026,0.03,0.03,ambas
MALABRIGO,2025 - II,1777,12.7,0.132,0.099,2026,1,05/01/2026,0.43,0.03,ambas
MALABRIGO,2025 - II,509,12.7,0.108,0.031,2026,1,06/01/2026,0,0.43,ambas
MALABRIGO,2025 - II,600,11.1,0.11,0.03,2026,1,07/01/2026,0,0,ambas
MALABRIGO,2026 - I,148,6.9,0.891,0.003,2026,4,09/04/2026,0,,ambas
MALABRIGO,2026 - I,815,5.1,0.722,0.003,2026,4,10/04/2026,0.67,0,ambas
MALABRIGO,2026 - I,806,6.4,0.582,0.003,2026,4,11/04/2026,0.1,0.67,ambas
MALABRIGO,2026 - I,1705,7.8,0.727,0.004,2026,4,12/04/2026,0.17,0.1,ambas
MALABRIGO,2026 - I,1453,8.6,0.81,0.023,2026,4,13/04/2026,0.3,0.17,ambas
MALABRIGO,2026 - I,643,8.2,0.357,0.003,2026,4,14/04/2026,0.09,0.3,ambas
MALABRIGO,2026 - I,2024,11.6,0.823,0.05,2026,4,17/04/2026,0.03,,ambas
MALABRIGO,2026 - I,2193,11.4,0.829,0.136,2026,4,18/04/2026,0.02,0.03,ambas
MALABRIGO,2026 - I,3974,14.4,0.715,0.008,2026,4,19/04/2026,0.26,0.02,ambas
MALABRIGO,2026 - I,1344,8.1,0.488,0.003,2026,4,20/04/2026,0.07,0.26,ambas
MALABRIGO,2026 - I,2151,10.4,0.502,0,2026,4,21/04/2026,0.03,0.07,ambas
MALABRIGO,2026 - I,22,10.2,0.875,0,2026,4,22/04/2026,0,0.03,ambas
MALABRIGO,2026 - I,85,16.1,0.885,0,2026,4,24/04/2026,0,,ambas
MALABRIGO,2026 - I,443,7.2,0.756,0.001,2026,5,07/05/2026,0,,ambas
MALABRIGO,2026 - I,380,9.9,0.788,0.001,2026,5,08/05/2026,0,0,ambas
MALABRIGO,2026 - I,90,4.7,0.963,0.041,2026,5,09/05/2026,0,0,ambas
PISCO SUR,2020 - II,789,14.2,0.16,0.054,2020,11,12/11/2020,,,solo calidadmp
PISCO SUR,2020 - II,2282,17.7,0.162,0.001,2020,11,13/11/2020,,,solo calidadmp
PISCO SUR,2020 - II,1497,13.9,0.128,0.002,2020,11,14/11/2020,,,solo calidadmp
PISCO SUR,2020 - II,1579,18.2,0.126,0,2020,11,15/11/2020,,,solo calidadmp
PISCO SUR,2020 - II,2086,25.9,0.359,0.044,2020,11,16/11/2020,,,solo calidadmp
PISCO SUR,2020 - II,1159,22.8,0.072,0.015,2020,11,17/11/2020,,,solo calidadmp
PISCO SUR,2020 - II,794,15.5,0.13,0.033,2020,11,19/11/2020,,,solo calidadmp
PISCO SUR,2020 - II,1068,12.8,0.194,0.019,2020,11,20/11/2020,,,solo calidadmp
PISCO SUR,2020 - II,512,14.5,0.159,0.047,2020,11,21/11/2020,,,solo calidadmp
PISCO SUR,2020 - II,1561,21.1,0.094,0.002,2020,11,22/11/2020,,,solo calidadmp
PISCO SUR,2020 - II,709,21.7,0.231,0.082,2020,11,23/11/2020,,,solo calidadmp
PISCO SUR,2020 - II,967,15.6,0.143,0.025,2020,11,25/11/2020,,,solo calidadmp
PISCO SUR,2020 - II,493,11.4,0.107,0.123,2020,11,26/11/2020,,,solo calidadmp
PISCO SUR,2020 - II,1862,20.3,0.216,0.053,2020,11,27/11/2020,,,solo calidadmp
PISCO SUR,2020 - II,1096,14.2,0.047,0,2020,11,28/11/2020,,,solo calidadmp
PISCO SUR,2020 - II,169,25.8,0,0,2020,11,29/11/2020,,,solo calidadmp
PISCO SUR,2020 - II,225,14.8,0.096,0,2020,11,30/11/2020,,,solo calidadmp
PISCO SUR,2020 - II,618,19.6,0.12,0,2020,12,01/12/2020,,,solo calidadmp
PISCO SUR,2020 - II,52,12.2,0,0,2020,12,02/12/2020,,,solo calidadmp
PISCO SUR,2020 - II,1776,16.5,0.078,0.009,2020,12,03/12/2020,,,solo calidadmp
PISCO SUR,2020 - II,116,11.6,0.122,0.012,2020,12,04/12/2020,,,solo calidadmp
PISCO SUR,2020 - II,274,11.8,0.076,0.021,2020,12,05/12/2020,,,solo calidadmp
PISCO SUR,2020 - II,694,16.3,0.163,0.017,2020,12,06/12/2020,,,solo calidadmp
PISCO SUR,2020 - II,1047,16.1,0.137,0.089,2020,12,11/12/2020,,,solo calidadmp
PISCO SUR,2020 - II,463,14.5,0.235,0.07,2020,12,12/12/2020,,,solo calidadmp
PISCO SUR,2020 - II,562,13.5,0.194,0.066,2020,12,13/12/2020,,,solo calidadmp
PISCO SUR,2020 - II,436,12.9,0.306,0.168,2020,12,14/12/2020,,,solo calidadmp
PISCO SUR,2021 - I,876,12.8,0.555,0,2021,4,26/04/2021,0.74,,ambas
PISCO SUR,2021 - I,2465,18,0.229,0,2021,4,27/04/2021,0.34,0.74,ambas
PISCO SUR,2021 - I,2395,14.5,0.143,0.013,2021,4,28/04/2021,0.39,0.34,ambas
PISCO SUR,2021 - I,2217,15.5,0.186,0,2021,4,29/04/2021,0.12,0.39,ambas
PISCO SUR,2021 - I,1627,15.2,0.567,0.014,2021,4,30/04/2021,0.06,0.12,ambas
PISCO SUR,2021 - I,1707,16.3,0.682,0,2021,5,01/05/2021,0,0.06,ambas
PISCO SUR,2021 - I,1565,14.4,0.311,0,2021,5,02/05/2021,0,0,ambas
PISCO SUR,2021 - I,2033,20.8,0.383,0.011,2021,5,03/05/2021,0,0,ambas
PISCO SUR,2021 - I,1081,26.1,0.72,0.027,2021,5,05/05/2021,0,,ambas
PISCO SUR,2021 - I,771,26.8,0.429,0,2021,5,06/05/2021,0.25,0,ambas
PISCO SUR,2021 - I,1487,16,0.271,0,2021,5,07/05/2021,0.07,0.25,ambas
PISCO SUR,2021 - I,1689,20.1,0.524,0,2021,5,09/05/2021,0.32,,ambas
PISCO SUR,2021 - I,747,11.8,0.75,0.096,2021,5,10/05/2021,0.69,0.32,ambas
PISCO SUR,2021 - I,1106,23.5,0.182,0,2021,5,12/05/2021,0.65,,ambas
PISCO SUR,2021 - I,700,15.3,0.217,0,2021,5,13/05/2021,0.72,0.65,ambas
PISCO SUR,2021 - I,1402,21.1,0.218,0,2021,5,14/05/2021,0.49,0.72,ambas
PISCO SUR,2021 - I,680,18.9,0.288,0,2021,5,16/05/2021,0.38,,ambas
PISCO SUR,2021 - I,221,10.7,0.065,0,2021,5,27/05/2021,1,,ambas
PISCO SUR,2021 - I,969,27.4,0.172,0,2021,6,05/06/2021,0.96,,ambas
PISCO SUR,2021 - I,759,17.3,0.172,0,2021,6,06/06/2021,0.5,0.96,ambas
PISCO SUR,2021 - I,838,19.3,0.215,0,2021,6,07/06/2021,0.53,0.5,ambas
PISCO SUR,2021 - I,1719,19.3,0.231,0,2021,6,08/06/2021,0.36,0.53,ambas
PISCO SUR,2021 - I,2194,27.5,0.223,0,2021,6,09/06/2021,0.61,0.36,ambas
PISCO SUR,2021 - I,517,10.6,0.444,0,2021,6,14/06/2021,0.93,,ambas
PISCO SUR,2021 - II,2418,15,0.263,0.024,2021,11,15/11/2021,0.38,,ambas
PISCO SUR,2021 - II,1856,16.7,0.109,0,2021,11,16/11/2021,0.56,0.38,ambas
PISCO SUR,2021 - II,1642,13.4,0.255,0,2021,11,17/11/2021,0.46,0.56,ambas
PISCO SUR,2021 - II,2553,12.9,0.103,0.012,2021,11,18/11/2021,0.43,0.46,ambas
PISCO SUR,2021 - II,486,14.8,0.065,0,2021,11,19/11/2021,0.72,0.43,ambas
PISCO SUR,2021 - II,1165,15.3,0.645,0.017,2021,11,20/11/2021,0.18,0.72,ambas
PISCO SUR,2021 - II,2149,18.2,0.444,0.004,2021,11,21/11/2021,0.17,0.18,ambas
PISCO SUR,2021 - II,1134,24.1,0.055,0.021,2021,11,29/11/2021,0.53,,ambas
PISCO SUR,2021 - II,640,19.7,0.036,0,2021,11,30/11/2021,0.63,0.53,ambas
PISCO SUR,2021 - II,2388,26,0.041,0.07,2021,12,06/12/2021,0.69,,ambas
PISCO SUR,2021 - II,979,22.6,0.058,0.086,2021,12,07/12/2021,0.95,0.69,ambas
PISCO SUR,2021 - II,2448,29.5,0.274,0.024,2021,12,08/12/2021,0.29,0.95,ambas
PISCO SUR,2021 - II,1176,16.2,0.453,0.019,2021,12,09/12/2021,0.09,0.29,ambas
PISCO SUR,2021 - II,2226,19.7,0.466,0.001,2021,12,10/12/2021,0.78,0.09,ambas
PISCO SUR,2021 - II,1718,12.9,0.451,0,2021,12,11/12/2021,0.11,0.78,ambas
PISCO SUR,2021 - II,1683,14.9,0.559,0.003,2021,12,12/12/2021,0.05,0.11,ambas
PISCO SUR,2021 - II,1418,22.7,0.608,0.002,2021,12,13/12/2021,0.71,0.05,ambas
PISCO SUR,2021 - II,2413,16.4,0.053,0.013,2021,12,14/12/2021,0.96,0.71,ambas
PISCO SUR,2021 - II,1439,13.5,0.226,0.018,2021,12,15/12/2021,0.92,0.96,ambas
PISCO SUR,2021 - II,1709,24.6,0.32,0.023,2021,12,16/12/2021,0.44,0.92,ambas
PISCO SUR,2021 - II,1022,15.8,0.12,0,2021,12,17/12/2021,0.77,0.44,ambas
PISCO SUR,2021 - II,2177,14.7,0.171,0.011,2021,12,18/12/2021,0.48,0.77,ambas
PISCO SUR,2021 - II,1925,14.5,0.118,0.02,2021,12,19/12/2021,0.52,0.48,ambas
PISCO SUR,2021 - II,1056,20.5,0.259,0,2021,12,20/12/2021,0.13,0.52,ambas
PISCO SUR,2021 - II,1183,25.9,0.356,0.005,2021,12,21/12/2021,0.51,0.13,ambas
PISCO SUR,2021 - II,1396,11.2,0.189,0.014,2021,12,22/12/2021,0.75,0.51,ambas
PISCO SUR,2021 - II,2287,21.1,0.3,0.003,2021,12,23/12/2021,0.32,0.75,ambas
PISCO SUR,2021 - II,2030,16.3,0.245,0.012,2021,12,25/12/2021,0.33,,ambas
PISCO SUR,2021 - II,753,13.1,0.105,0.004,2021,12,26/12/2021,0,0.33,ambas
PISCO SUR,2021 - II,458,25.4,0.381,0.017,2021,12,27/12/2021,0.08,0,ambas
PISCO SUR,2022 - I,39,5.5,0.089,0,2022,5,04/05/2022,1,,ambas
PISCO SUR,2022 - I,1766,17,0.289,0,2022,5,05/05/2022,0.33,1,ambas
PISCO SUR,2022 - I,2204,16.5,0.215,0.004,2022,5,06/05/2022,0.62,0.33,ambas
PISCO SUR,2022 - I,2638,16.2,0.076,0.004,2022,5,07/05/2022,0.17,0.62,ambas
PISCO SUR,2022 - I,277,13.9,0.001,0,2022,5,08/05/2022,0,0.17,ambas
PISCO SUR,2022 - I,1816,9.2,0.286,0,2022,5,10/05/2022,0.67,,ambas
PISCO SUR,2022 - I,2732,14.6,0.032,0.002,2022,5,11/05/2022,0.04,0.67,ambas
PISCO SUR,2022 - I,1085,14.1,0.06,0,2022,5,12/05/2022,0.1,0.04,ambas
PISCO SUR,2022 - I,1580,27.9,0.122,0.029,2022,5,13/05/2022,0.23,0.1,ambas
PISCO SUR,2022 - I,2444,18.4,0.179,0,2022,5,14/05/2022,0,0.23,ambas
PISCO SUR,2022 - I,1320,18.8,0.166,0.004,2022,5,15/05/2022,0,0,ambas
PISCO SUR,2022 - I,484,12.8,0.152,0,2022,5,16/05/2022,0.28,0,ambas
PISCO SUR,2022 - I,1960,22.8,0.287,0.004,2022,5,17/05/2022,0.06,0.28,ambas
PISCO SUR,2022 - I,1703,16.6,0.129,0,2022,5,18/05/2022,0,0.06,ambas
PISCO SUR,2022 - I,2352,21,0.07,0,2022,5,19/05/2022,0,0,ambas
PISCO SUR,2022 - I,218,9.5,0.036,0.004,2022,5,20/05/2022,0,0,ambas
PISCO SUR,2022 - I,808,10.9,0.042,0.025,2022,5,21/05/2022,0,0,ambas
PISCO SUR,2022 - I,328,6.5,0.06,0.001,2022,5,22/05/2022,0,0,ambas
PISCO SUR,2022 - I,939,15.4,0.061,0,2022,5,23/05/2022,0.1,0,ambas
PISCO SUR,2022 - I,335,18.5,0.044,0,2022,5,24/05/2022,0.24,0.1,ambas
PISCO SUR,2022 - I,1433,13,0.098,0,2022,5,25/05/2022,0.02,0.24,ambas
PISCO SUR,2022 - I,2073,15.7,0.051,0,2022,5,26/05/2022,0,0.02,ambas
PISCO SUR,2022 - I,399,15.1,0.11,0,2022,5,27/05/2022,0,0,ambas
PISCO SUR,2022 - I,2316,16.2,0.15,0,2022,5,28/05/2022,0,0,ambas
PISCO SUR,2022 - I,1482,16.5,0.215,0.001,2022,5,29/05/2022,0,0,ambas
PISCO SUR,2022 - I,1113,17.5,0.495,0,2022,5,30/05/2022,0,0,ambas
PISCO SUR,2022 - I,656,12.8,0.25,0,2022,5,31/05/2022,0,0,ambas
PISCO SUR,2022 - I,592,13.3,0.147,0.001,2022,6,01/06/2022,0.09,0,ambas
PISCO SUR,2022 - I,329,16.9,0.552,0,2022,6,02/06/2022,0,0.09,ambas
PISCO SUR,2022 - I,1059,11.9,0.439,0,2022,6,07/06/2022,0.12,,ambas
PISCO SUR,2022 - I,1774,12.7,0.572,0.008,2022,6,08/06/2022,0.33,0.12,ambas
PISCO SUR,2022 - II,1439,17.7,0.187,0,2022,11,23/11/2022,0.78,,ambas
PISCO SUR,2022 - II,1262,11.8,0.115,0,2022,11,25/11/2022,0.54,,ambas
PISCO SUR,2022 - II,1098,10.7,0.014,0.001,2022,11,26/11/2022,0.41,0.54,ambas
PISCO SUR,2022 - II,781,9.8,0.22,0.001,2022,11,27/11/2022,0.43,0.41,ambas
PISCO SUR,2022 - II,891,15,0.049,0.009,2022,11,30/11/2022,0.21,,ambas
PISCO SUR,2022 - II,93,8.8,0.504,0.082,2022,12,07/12/2022,0.5,,ambas
PISCO SUR,2022 - II,1522,10.9,0.063,0.06,2022,12,08/12/2022,0.51,0.5,ambas
PISCO SUR,2022 - II,68,6.9,0.082,0,2022,12,09/12/2022,0,0.51,ambas
PISCO SUR,2022 - II,1092,12.5,0.117,0.018,2022,12,12/12/2022,0.74,,ambas
PISCO SUR,2022 - II,181,10,0.18,0.041,2022,12,15/12/2022,0,,ambas
PISCO SUR,2022 - II,320,10.8,0.201,0.054,2022,12,16/12/2022,0.23,0,ambas
PISCO SUR,2022 - II,326,10,0.069,0.013,2022,12,17/12/2022,0.7,0.23,ambas
PISCO SUR,2022 - II,1027,8.2,0.305,0.003,2022,12,18/12/2022,0.43,0.7,ambas
PISCO SUR,2022 - II,113,11,0.159,0,2022,12,19/12/2022,1,0.43,ambas
PISCO SUR,2022 - II,413,6.7,0.288,0,2022,12,20/12/2022,0.69,1,ambas
PISCO SUR,2022 - II,1046,13.2,0.417,0,2023,1,02/01/2023,0.81,,ambas
PISCO SUR,2022 - II,341,7.7,0.097,0,2023,1,04/01/2023,1,,ambas
PISCO SUR,2022 - II,192,9.4,0.04,0,2023,1,05/01/2023,1,1,ambas
PISCO SUR,2022 - II,2040,16.8,0.229,0,2023,1,06/01/2023,0.29,1,ambas
PISCO SUR,2022 - II,2331,12.7,0.213,0,2023,1,07/01/2023,0.06,0.29,ambas
PISCO SUR,2022 - II,1978,13.1,0.604,0.059,2023,1,08/01/2023,0,0.06,ambas
PISCO SUR,2022 - II,2555,13.5,0.566,0.014,2023,1,09/01/2023,0,0,ambas
PISCO SUR,2022 - II,638,16.6,0.459,0.038,2023,1,11/01/2023,0.29,,ambas
PISCO SUR,2022 - II,270,9.9,0.545,0.013,2023,1,12/01/2023,0.54,0.29,ambas
PISCO SUR,2022 - II,409,9.7,0.598,0,2023,1,13/01/2023,0.17,0.54,ambas
PISCO SUR,2022 - II,471,16.4,0.185,0.043,2023,1,14/01/2023,0,0.17,ambas
PISCO SUR,2022 - II,224,12.3,0.763,0.03,2023,1,15/01/2023,0,0,ambas
PISCO SUR,2022 - II,325,11.4,0.413,0.006,2023,1,16/01/2023,0.31,0,ambas
PISCO SUR,2023 - II,630,19.4,0.075,0,2023,11,02/11/2023,0.25,,ambas
PISCO SUR,2023 - II,1007,30.4,0.189,0,2023,11,04/11/2023,0.51,,ambas
PISCO SUR,2023 - II,1067,35.9,0.135,0,2023,11,09/11/2023,0.1,,ambas
PISCO SUR,2023 - II,280,8.2,0.922,0,2023,11,16/11/2023,0,,ambas
PISCO SUR,2023 - II,647,8.5,0.614,0,2023,11,22/11/2023,0.21,,ambas
PISCO SUR,2023 - II,1622,16.6,0.742,0,2023,11,28/11/2023,0.04,,ambas
PISCO SUR,2023 - II,391,9.1,0.876,0,2023,11,29/11/2023,0,0.04,ambas
PISCO SUR,2023 - II,1327,15.6,0.861,0.029,2023,11,30/11/2023,0,0,ambas
PISCO SUR,2023 - II,2176,14.4,0.667,0,2023,12,05/12/2023,0.4,,ambas
PISCO SUR,2023 - II,676,12.8,0.569,0.087,2023,12,11/12/2023,0.12,,ambas
PISCO SUR,2023 - II,781,12.6,0.277,0.001,2023,12,12/12/2023,0.24,0.12,ambas
PISCO SUR,2023 - II,1140,7.9,0.58,0,2023,12,16/12/2023,0.54,,ambas
PISCO SUR,2023 - II,1819,13,0.661,0,2023,12,17/12/2023,0.28,0.54,ambas
PISCO SUR,2023 - II,359,12.5,0.825,0.003,2023,12,18/12/2023,0,0.28,ambas
PISCO SUR,2023 - II,598,10.1,0.625,0,2023,12,29/12/2023,0.37,,ambas
PISCO SUR,2023 - II,2153,14.2,0.834,0.002,2023,12,30/12/2023,0.67,0.37,ambas
PISCO SUR,2023 - II,639,11.9,0.745,0.006,2023,12,31/12/2023,0.65,0.67,ambas
PISCO SUR,2023 - II,1480,13.6,0.719,0.011,2024,1,04/01/2024,0.27,,ambas
PISCO SUR,2023 - II,754,20.3,0.469,0.001,2024,1,09/01/2024,0,,ambas
PISCO SUR,2023 - II,919,18,0.837,0,2024,1,10/01/2024,0.54,0,ambas
PISCO SUR,2023 - II,598,12.1,0.642,0,2024,1,11/01/2024,0.66,0.54,ambas
PISCO SUR,2024 - I,535,18.6,0.911,0,2024,4,18/04/2024,0.39,,ambas
PISCO SUR,2024 - I,743,16.7,0.834,0.017,2024,4,19/04/2024,0,0.39,ambas
PISCO SUR,2024 - I,549,12.9,0.612,0.045,2024,4,20/04/2024,0,0,ambas
PISCO SUR,2024 - I,676,13,0.519,0.003,2024,4,21/04/2024,0.29,0,ambas
PISCO SUR,2024 - I,117,14.3,0.877,0.087,2024,4,22/04/2024,0,0.29,ambas
PISCO SUR,2024 - I,1296,11.4,0.945,0.025,2024,4,26/04/2024,0.11,,ambas
PISCO SUR,2024 - I,961,10.5,0.869,0.06,2024,4,27/04/2024,0,0.11,ambas
PISCO SUR,2024 - I,1553,11.7,0.146,0.001,2024,4,28/04/2024,0.27,0,ambas
PISCO SUR,2024 - I,1935,14.8,0.35,0.01,2024,4,29/04/2024,0,0.27,ambas
PISCO SUR,2024 - I,1777,14.4,0.291,0.021,2024,4,30/04/2024,0,0,ambas
PISCO SUR,2024 - I,2093,13.8,0.247,0.009,2024,5,01/05/2024,0.08,0,ambas
PISCO SUR,2024 - I,1468,16.1,0.405,0.016,2024,5,02/05/2024,0.14,0.08,ambas
PISCO SUR,2024 - I,1725,16,0.287,0.011,2024,5,03/05/2024,0,0.14,ambas
PISCO SUR,2024 - I,1874,21.1,0.795,0.033,2024,5,04/05/2024,0,0,ambas
PISCO SUR,2024 - I,446,19.5,0.88,0.037,2024,5,05/05/2024,,,solo calidadmp
PISCO SUR,2024 - I,1770,15.3,0.764,0.048,2024,5,07/05/2024,0,,ambas
PISCO SUR,2024 - I,1610,14.4,0.446,0.01,2024,5,08/05/2024,0,0,ambas
PISCO SUR,2024 - I,1768,12.5,0.763,0.009,2024,5,09/05/2024,0,0,ambas
PISCO SUR,2024 - I,1129,10.3,0.553,0.004,2024,5,10/05/2024,0.16,0,ambas
PISCO SUR,2024 - I,217,9.6,0.945,0.007,2024,5,11/05/2024,0,0.16,ambas
PISCO SUR,2024 - I,576,8.8,0.874,0.111,2024,5,16/05/2024,0,,ambas
PISCO SUR,2024 - I,1908,10.5,0.833,0.008,2024,5,17/05/2024,0,0,ambas
PISCO SUR,2024 - II,749,10.2,0.465,0.005,2024,11,01/11/2024,1,,ambas
PISCO SUR,2024 - II,1754,10.7,0.927,0.038,2024,11,02/11/2024,0.89,1,ambas
PISCO SUR,2024 - II,1179,12.2,0.487,0.024,2024,11,03/11/2024,0.83,0.89,ambas
PISCO SUR,2024 - II,1718,16,0.364,0.026,2024,11,04/11/2024,0.61,0.83,ambas
PISCO SUR,2024 - II,482,13.1,0.857,0.009,2024,11,12/11/2024,0.74,,ambas
PISCO SUR,2024 - II,1078,22.6,0.121,0.007,2024,11,13/11/2024,0.99,0.74,ambas
PISCO SUR,2024 - II,701,34.7,0.351,0.023,2024,11,17/11/2024,0.4,,ambas
PISCO SUR,2024 - II,1430,11.2,0.61,0.015,2024,11,20/11/2024,0.14,,ambas
PISCO SUR,2024 - II,1125,14.6,0.744,0.038,2024,11,21/11/2024,0.21,0.14,ambas
PISCO SUR,2024 - II,1888,12.1,0.548,0.018,2024,11,22/11/2024,0.86,0.21,ambas
PISCO SUR,2024 - II,981,10.1,0.333,0.007,2024,11,23/11/2024,0.74,0.86,ambas
PISCO SUR,2024 - II,1664,12.1,0.374,0.037,2024,11,24/11/2024,0.38,0.74,ambas
PISCO SUR,2024 - II,1204,14.7,0.35,0.026,2024,11,25/11/2024,0.96,0.38,ambas
PISCO SUR,2024 - II,2684,11.8,0.222,0.004,2024,11,27/11/2024,0.61,,ambas
PISCO SUR,2024 - II,1686,12.8,0.448,0.025,2024,11,28/11/2024,0.51,0.61,ambas
PISCO SUR,2024 - II,1706,14.8,0.563,0.049,2024,11,29/11/2024,0.68,0.51,ambas
PISCO SUR,2024 - II,864,13.2,0.21,0.027,2024,11,30/11/2024,0.63,0.68,ambas
PISCO SUR,2024 - II,2135,20.4,0.361,0.013,2024,12,01/12/2024,0.32,0.63,ambas
PISCO SUR,2024 - II,2178,14,0.563,0.031,2024,12,02/12/2024,0.24,0.32,ambas
PISCO SUR,2024 - II,1320,12,0.16,0.018,2024,12,03/12/2024,0.05,0.24,ambas
PISCO SUR,2024 - II,1519,18.9,0.393,0.007,2024,12,04/12/2024,0.51,0.05,ambas
PISCO SUR,2024 - II,678,8.6,0.417,0.043,2024,12,05/12/2024,0.53,0.51,ambas
PISCO SUR,2024 - II,504,11.5,0.331,0.018,2024,12,06/12/2024,0.08,0.53,ambas
PISCO SUR,2024 - II,1444,16.6,0.642,0.081,2024,12,13/12/2024,0,,ambas
PISCO SUR,2024 - II,698,14.5,0.237,0.036,2025,1,02/01/2025,0.67,,ambas
PISCO SUR,2024 - II,1268,10.6,0.387,0.003,2025,1,03/01/2025,0.89,0.67,ambas
PISCO SUR,2024 - II,2020,9.1,0.178,0.006,2025,1,04/01/2025,0.65,0.89,ambas
PISCO SUR,2024 - II,1986,13.4,0.599,0.052,2025,1,19/01/2025,0.06,,ambas
PISCO SUR,2024 - II,2140,13.5,0.55,0.009,2025,1,20/01/2025,0,0.06,ambas
PISCO SUR,2024 - II,1753,22.1,0.331,0.008,2025,1,21/01/2025,0.21,0,ambas
PISCO SUR,2024 - II,208,14.4,0.524,0.002,2025,1,22/01/2025,0,0.21,ambas
PISCO SUR,2025 - I,389,7.8,0.465,0.037,2025,4,22/04/2025,0.38,,ambas
PISCO SUR,2025 - I,2136,14.1,0.354,0.011,2025,4,23/04/2025,0.49,0.38,ambas
PISCO SUR,2025 - I,1725,14.3,0.386,0.024,2025,4,24/04/2025,0.69,0.49,ambas
PISCO SUR,2025 - I,1638,9.6,0.031,0.002,2025,4,25/04/2025,1,0.69,ambas
PISCO SUR,2025 - I,1643,16.6,0.217,0.094,2025,4,26/04/2025,0.34,1,ambas
PISCO SUR,2025 - I,1262,12.5,0.34,0.018,2025,4,27/04/2025,0.13,0.34,ambas
PISCO SUR,2025 - I,1946,15.2,0.498,0.077,2025,4,28/04/2025,0.47,0.13,ambas
PISCO SUR,2025 - I,1307,16.9,0.416,0.013,2025,4,29/04/2025,0.32,0.47,ambas
PISCO SUR,2025 - I,2998,16.7,0.375,0.074,2025,4,30/04/2025,0.19,0.32,ambas
PISCO SUR,2025 - I,1550,12.6,0.243,0,2025,5,01/05/2025,0.2,0.19,ambas
PISCO SUR,2025 - I,2120,19.9,0.299,0.151,2025,5,02/05/2025,0.04,0.2,ambas
PISCO SUR,2025 - I,1157,12.8,0.054,0.004,2025,5,03/05/2025,0,0.04,ambas
PISCO SUR,2025 - I,2008,14,0.516,0.123,2025,5,04/05/2025,0,0,ambas
PISCO SUR,2025 - I,2290,18.9,0.465,0.051,2025,5,05/05/2025,0.25,0,ambas
PISCO SUR,2025 - I,1911,14.3,0.572,0.017,2025,5,06/05/2025,0.12,0.25,ambas
PISCO SUR,2025 - I,1849,20.8,0.798,0.266,2025,5,07/05/2025,0,0.12,ambas
PISCO SUR,2025 - I,587,16.5,0.258,0.026,2025,5,08/05/2025,0.26,0,ambas
PISCO SUR,2025 - I,1687,12.7,0.571,0.133,2025,5,09/05/2025,0.16,0.26,ambas
PISCO SUR,2025 - I,2053,12.1,0.381,0.008,2025,5,10/05/2025,0.57,0.16,ambas
PISCO SUR,2025 - I,1088,9.7,0.459,0.117,2025,5,11/05/2025,0.15,0.57,ambas
PISCO SUR,2025 - I,2137,14.9,0.418,0.133,2025,5,12/05/2025,0.1,0.15,ambas
PISCO SUR,2025 - I,579,11.1,0.115,0.022,2025,5,13/05/2025,0.39,0.1,ambas
PISCO SUR,2025 - I,1088,12.4,0.416,0.004,2025,5,14/05/2025,0.2,0.39,ambas
PISCO SUR,2025 - I,397,16.1,0.197,0,2025,5,15/05/2025,0,0.2,ambas
PISCO SUR,2025 - I,1705,15.7,0.355,0.323,2025,5,16/05/2025,0,0,ambas
PISCO SUR,2025 - I,1870,12.4,0.277,0,2025,5,17/05/2025,0.44,0,ambas
PISCO SUR,2025 - I,2179,16.8,0.709,0.009,2025,5,18/05/2025,0,0.44,ambas
PISCO SUR,2025 - I,2155,13,0.244,0.053,2025,5,19/05/2025,0.18,0,ambas
PISCO SUR,2025 - I,2082,12.7,0.213,0,2025,5,20/05/2025,0.7,0.18,ambas
PISCO SUR,2025 - I,2342,16,0.24,0,2025,5,21/05/2025,0.04,0.7,ambas
PISCO SUR,2025 - I,808,17.5,0.255,0.017,2025,5,22/05/2025,0.11,0.04,ambas
PISCO SUR,2025 - I,3283,26.3,0.213,0.023,2025,5,23/05/2025,0.69,0.11,ambas
PISCO SUR,2025 - I,386,14.3,0.495,0,2025,5,24/05/2025,0.09,0.69,ambas
PISCO SUR,2025 - I,1038,17.9,0.434,0,2025,5,25/05/2025,0.04,0.09,ambas
PISCO SUR,2025 - I,2358,16.2,0.039,0,2025,5,26/05/2025,0.71,0.04,ambas
PISCO SUR,2025 - I,1088,10.7,0.192,0.001,2025,5,27/05/2025,1,0.71,ambas
PISCO SUR,2025 - I,1060,11,0.17,0,2025,5,28/05/2025,1,1,ambas
PISCO SUR,2025 - I,2275,16.3,0.035,0,2025,5,30/05/2025,0.89,,ambas
PISCO SUR,2025 - I,2790,13,0.079,0,2025,5,31/05/2025,0.79,0.89,ambas
PISCO SUR,2025 - I,2586,15.3,0.207,0.041,2025,6,01/06/2025,0.86,0.79,ambas
PISCO SUR,2025 - I,2528,15.4,0.387,0.008,2025,6,02/06/2025,0.57,0.86,ambas
PISCO SUR,2025 - I,2479,18.7,0.202,0.009,2025,6,03/06/2025,0.98,0.57,ambas
PISCO SUR,2025 - I,2520,15.2,0.239,0.006,2025,6,04/06/2025,0.67,0.98,ambas
PISCO SUR,2025 - I,2102,12.3,0.158,0.001,2025,6,05/06/2025,0.16,0.67,ambas
PISCO SUR,2025 - I,899,18.9,0.31,0.008,2025,6,06/06/2025,0.53,0.16,ambas
PISCO SUR,2025 - I,1239,18.4,0.143,0.001,2025,6,07/06/2025,0.52,0.53,ambas
PISCO SUR,2025 - I,2166,27.8,0.271,0.082,2025,6,08/06/2025,0.5,0.52,ambas
PISCO SUR,2025 - I,759,19.4,0.273,0.045,2025,6,09/06/2025,0.28,0.5,ambas
PISCO SUR,2025 - I,1678,22.8,0.345,0.021,2025,6,10/06/2025,0.75,0.28,ambas
PISCO SUR,2025 - I,2343,35.9,0.599,0.006,2025,6,11/06/2025,0.12,0.75,ambas
PISCO SUR,2025 - I,1796,27.2,0.424,0.029,2025,6,12/06/2025,0.18,0.12,ambas
PISCO SUR,2025 - I,1722,27.9,0.542,0.004,2025,6,13/06/2025,0,0.18,ambas
PISCO SUR,2025 - I,1079,33.2,0.321,0.001,2025,6,14/06/2025,0.34,0,ambas
PISCO SUR,2025 - I,774,14.9,0.412,0.048,2025,6,16/06/2025,0,,ambas
PISCO SUR,2025 - I,1802,17.7,0.368,0.006,2025,6,17/06/2025,0.78,0,ambas
PISCO SUR,2025 - I,450,10.4,0.279,0.017,2025,6,18/06/2025,0.57,0.78,ambas
PISCO SUR,2025 - I,1529,19.5,0.602,0.002,2025,6,19/06/2025,0.71,0.57,ambas
PISCO SUR,2025 - I,2553,18.3,0.621,0.03,2025,6,20/06/2025,0.24,0.71,ambas
PISCO SUR,2025 - I,1317,22.4,0.59,0.008,2025,6,21/06/2025,0,0.24,ambas
PISCO SUR,2025 - I,900,16.8,0.342,0.001,2025,6,22/06/2025,0.59,0,ambas
PISCO SUR,2025 - I,728,14.5,0.623,0.001,2025,6,23/06/2025,0.49,0.59,ambas
PISCO SUR,2025 - I,1763,20.3,0.603,0,2025,6,24/06/2025,0.54,0.49,ambas
PISCO SUR,2025 - I,2160,34.9,0.599,0,2025,6,25/06/2025,0.03,0.54,ambas
PISCO SUR,2025 - I,679,38.1,0.583,0,2025,6,26/06/2025,0,0.03,ambas
PISCO SUR,2025 - I,2497,13.6,0.794,0.174,2025,7,01/07/2025,0.18,,ambas
PISCO SUR,2025 - I,2314,20.4,0.779,0.011,2025,7,02/07/2025,0,0.18,ambas
PISCO SUR,2025 - I,1905,25.3,0.381,0.037,2025,7,03/07/2025,0.1,0,ambas
PISCO SUR,2025 - I,1462,21.3,0.403,0,2025,7,04/07/2025,0.56,0.1,ambas
PISCO SUR,2025 - I,1599,26.1,0.314,0.043,2025,7,05/07/2025,0.47,0.56,ambas
PISCO SUR,2025 - I,915,17.9,0.705,0.004,2025,7,06/07/2025,0.67,0.47,ambas
PISCO SUR,2025 - I,789,19.6,0.774,0.005,2025,7,07/07/2025,0.57,0.67,ambas
PISCO SUR,2025 - I,2069,16.6,0.608,0,2025,7,08/07/2025,0.81,0.57,ambas
PISCO SUR,2025 - I,894,23,0.554,0.084,2025,7,09/07/2025,0,0.81,ambas
PISCO SUR,2025 - I,35,8.7,0.583,0,2025,7,10/07/2025,0,0,ambas
PISCO SUR,2025 - I,190,12.4,0.485,0.003,2025,7,11/07/2025,0,0,ambas
PISCO SUR,2025 - II,931,14.7,0.263,0.009,2025,11,07/11/2025,0.7,,ambas
PISCO SUR,2025 - II,1210,16,0.736,0.015,2025,11,08/11/2025,0,0.7,ambas
PISCO SUR,2025 - II,2567,17.4,0.573,0.058,2025,11,09/11/2025,0.08,0,ambas
PISCO SUR,2025 - II,1557,33.8,0.617,0.035,2025,11,10/11/2025,0,0.08,ambas
PISCO SUR,2025 - II,1237,20.5,0.683,0.2,2025,11,11/11/2025,0,0,ambas
PISCO SUR,2025 - II,353,24.6,0.716,0.128,2025,11,12/11/2025,0,0,ambas
PISCO SUR,2025 - II,464,22.6,0.724,0.059,2025,11,13/11/2025,0,0,ambas
PISCO SUR,2025 - II,309,15.8,0.711,0.094,2025,11,14/11/2025,0,0,ambas
PISCO SUR,2025 - II,334,18.3,0.07,0.174,2025,12,03/12/2025,0,,ambas
PISCO SUR,2025 - II,596,12.6,0.753,0.063,2025,12,04/12/2025,0,0,ambas
PISCO SUR,2025 - II,1136,15.1,0.734,0.046,2025,12,07/12/2025,0,,ambas
PISCO SUR,2025 - II,1079,18.4,0.666,0.155,2025,12,13/12/2025,0,,ambas
PISCO SUR,2025 - II,784,13.8,0.366,0.117,2025,12,14/12/2025,0,0,ambas
PISCO SUR,2025 - II,1626,14,0.401,0.018,2025,12,15/12/2025,0.37,0,ambas
PISCO SUR,2025 - II,2147,10,0.644,0.001,2025,12,16/12/2025,0.63,0.37,ambas
PISCO SUR,2025 - II,1451,12,0.489,0.033,2025,12,17/12/2025,0.14,0.63,ambas
PISCO SUR,2025 - II,70,23.1,0.281,0.275,2025,12,18/12/2025,0,0.14,ambas
PISCO SUR,2025 - II,783,15.5,0.672,0.019,2025,12,19/12/2025,0,0,ambas
PISCO SUR,2025 - II,1324,17.1,0.443,0.001,2025,12,20/12/2025,0,0,ambas
PISCO SUR,2025 - II,868,12.9,0.713,0.021,2025,12,21/12/2025,0,0,ambas
PISCO SUR,2025 - II,2298,18.6,0.63,0.174,2025,12,22/12/2025,0,0,ambas
PISCO SUR,2025 - II,984,13.7,0.683,0.039,2025,12,27/12/2025,0,,ambas
PISCO SUR,2025 - II,167,11,0.678,0.076,2025,12,28/12/2025,0,0,ambas
PISCO SUR,2025 - II,1253,12.4,0.778,0.094,2025,12,29/12/2025,0,0,ambas
PISCO SUR,2025 - II,557,24,0.809,0.189,2025,12,30/12/2025,0,0,ambas
PISCO SUR,2026 - I,2546,17.6,0.286,0.026,2026,4,09/04/2026,0.08,,ambas
PISCO SUR,2026 - I,1354,15.2,0.455,0.038,2026,4,10/04/2026,0,0.08,ambas
PISCO SUR,2026 - I,2285,13.3,0.551,0.029,2026,4,11/04/2026,0,0,ambas
PISCO SUR,2026 - I,2134,12.6,0.74,0.05,2026,4,12/04/2026,0,0,ambas
PISCO SUR,2026 - I,1441,17.2,0.64,0.096,2026,4,13/04/2026,0,0,ambas
PISCO SUR,2026 - I,702,12.3,0.439,0.054,2026,4,14/04/2026,0,0,ambas
PISCO SUR,2026 - I,1618,20.4,0.48,0.082,2026,4,15/04/2026,0,0,ambas
PISCO SUR,2026 - I,1729,22,0.355,0.056,2026,4,16/04/2026,0,0,ambas
PISCO SUR,2026 - I,1621,22.7,0.359,0.033,2026,4,17/04/2026,0,0,ambas
PISCO SUR,2026 - I,1239,27,0.801,0.07,2026,4,18/04/2026,0,0,ambas
PISCO SUR,2026 - I,2720,27,0.719,0.091,2026,4,19/04/2026,0.2,0,ambas
PISCO SUR,2026 - I,866,33.9,0.296,0,2026,4,22/04/2026,0.54,,ambas
PISCO SUR,2026 - I,580,26.2,0.377,0.1,2026,4,23/04/2026,0,0.54,ambas
PISCO SUR,2026 - I,417,26.1,0.5,0.015,2026,4,24/04/2026,0.6,0,ambas
SAMANCO,2020 - II,390,16.3,0,0,2020,11,13/11/2020,,,solo calidadmp
SAMANCO,2020 - II,296,12.7,0.049,0,2020,11,22/11/2020,,,solo calidadmp
SAMANCO,2020 - II,509,33.9,0,0,2020,11,27/11/2020,,,solo calidadmp
SAMANCO,2020 - II,911,27.5,0,0,2020,11,28/11/2020,,,solo calidadmp
SAMANCO,2020 - II,1140,20.2,0.012,0,2020,11,29/11/2020,,,solo calidadmp
SAMANCO,2020 - II,778,18.4,0.021,0,2020,11,30/11/2020,,,solo calidadmp
SAMANCO,2020 - II,594,18.2,0,0,2020,12,01/12/2020,,,solo calidadmp
SAMANCO,2020 - II,720,19.3,0.021,0.003,2020,12,02/12/2020,,,solo calidadmp
SAMANCO,2020 - II,512,11.5,0.086,0,2020,12,03/12/2020,,,solo calidadmp
SAMANCO,2020 - II,817,12,0.021,0,2020,12,04/12/2020,,,solo calidadmp
SAMANCO,2020 - II,613,22.4,0.005,0.001,2020,12,05/12/2020,,,solo calidadmp
SAMANCO,2020 - II,1403,30.7,0,0,2020,12,09/12/2020,,,solo calidadmp
SAMANCO,2020 - II,983,25.4,0,0,2020,12,11/12/2020,,,solo calidadmp
SAMANCO,2020 - II,967,33.7,0.01,0.031,2020,12,12/12/2020,,,solo calidadmp
SAMANCO,2020 - II,938,31,0.005,0,2020,12,13/12/2020,,,solo calidadmp
SAMANCO,2020 - II,608,36.5,0.019,0,2020,12,14/12/2020,,,solo calidadmp
SAMANCO,2020 - II,1118,27.7,0,0,2020,12,15/12/2020,,,solo calidadmp
SAMANCO,2020 - II,1026,35.5,0,0.011,2020,12,16/12/2020,,,solo calidadmp
SAMANCO,2020 - II,1114,38.9,0,0,2020,12,18/12/2020,,,solo calidadmp
SAMANCO,2020 - II,1225,37.3,0,0,2020,12,19/12/2020,,,solo calidadmp
SAMANCO,2020 - II,651,30.4,0.01,0.024,2020,12,20/12/2020,,,solo calidadmp
SAMANCO,2020 - II,1029,33.7,0.019,0.015,2020,12,21/12/2020,,,solo calidadmp
SAMANCO,2020 - II,1137,19.2,0.006,0.013,2020,12,22/12/2020,,,solo calidadmp
SAMANCO,2020 - II,852,21.2,0,0.021,2020,12,23/12/2020,,,solo calidadmp
SAMANCO,2020 - II,750,32.3,0,0.076,2020,12,24/12/2020,,,solo calidadmp
SAMANCO,2020 - II,1244,21.2,0,0.013,2020,12,26/12/2020,,,solo calidadmp
SAMANCO,2020 - II,774,15.1,0,0,2020,12,27/12/2020,,,solo calidadmp
SAMANCO,2020 - II,792,19.4,0,0.03,2020,12,28/12/2020,,,solo calidadmp
SAMANCO,2020 - II,988,16.4,0.076,0.01,2020,12,29/12/2020,,,solo calidadmp
SAMANCO,2020 - II,1139,19.2,0.041,0.073,2020,12,30/12/2020,,,solo calidadmp
SAMANCO,2020 - II,455,38.1,0.022,0.042,2020,12,31/12/2020,,,solo calidadmp
SAMANCO,2020 - II,628,16.7,0.03,0.082,2021,1,01/01/2021,,,solo calidadmp
SAMANCO,2020 - II,1455,25.4,0.025,0.003,2021,1,03/01/2021,,,solo calidadmp
SAMANCO,2020 - II,1176,35.6,0.052,0.012,2021,1,04/01/2021,,,solo calidadmp
SAMANCO,2020 - II,1084,52.6,0.018,0.009,2021,1,06/01/2021,,,solo calidadmp
SAMANCO,2020 - II,570,23,0,0.04,2021,1,07/01/2021,,,solo calidadmp
SAMANCO,2020 - II,351,18.6,0.008,0.008,2021,1,08/01/2021,,,solo calidadmp
SAMANCO,2020 - II,436,12.6,0.283,0.029,2021,1,09/01/2021,,,solo calidadmp
SAMANCO,2020 - II,849,22.8,0,0,2021,1,11/01/2021,,,solo calidadmp
SAMANCO,2020 - II,541,22,0,0.001,2021,1,13/01/2021,,,solo calidadmp
SAMANCO,2020 - II,448,22.3,0,0.108,2021,1,15/01/2021,,,solo calidadmp
SAMANCO,2020 - II,669,17,0,0.026,2021,1,16/01/2021,,,solo calidadmp
SAMANCO,2020 - II,103,30.3,0.005,0.199,2021,1,18/01/2021,,,solo calidadmp
SAMANCO,2020 - II,250,10.3,0,0.008,2021,1,19/01/2021,,,solo calidadmp
SAMANCO,2020 - II,332,9,0.226,0.082,2021,1,20/01/2021,,,solo calidadmp
SAMANCO,2021 - I,134,11.6,0,0,2021,4,26/04/2021,1,,ambas
SAMANCO,2021 - I,605,19.7,0.03,0,2021,4,27/04/2021,0.69,1,ambas
SAMANCO,2021 - I,411,19.9,0.021,0,2021,4,28/04/2021,0.65,0.69,ambas
SAMANCO,2021 - I,1095,16,0.122,0,2021,4,29/04/2021,0.13,0.65,ambas
SAMANCO,2021 - I,619,31.9,0.078,0.005,2021,5,01/05/2021,0.65,,ambas
SAMANCO,2021 - I,1163,19,0.005,0.059,2021,5,02/05/2021,0.09,0.65,ambas
SAMANCO,2021 - I,947,16,0,0,2021,5,03/05/2021,0.6,0.09,ambas
SAMANCO,2021 - I,861,15.6,0,0,2021,5,04/05/2021,0.43,0.6,ambas
SAMANCO,2021 - I,725,14.5,0,0.01,2021,5,05/05/2021,0.6,0.43,ambas
SAMANCO,2021 - I,805,21.1,0,0.035,2021,5,06/05/2021,0.11,0.6,ambas
SAMANCO,2021 - I,766,24.9,0.088,0.002,2021,5,07/05/2021,0.29,0.11,ambas
SAMANCO,2021 - I,451,27.5,0.045,0,2021,5,08/05/2021,1,0.29,ambas
SAMANCO,2021 - I,1253,20.1,0,0,2021,5,09/05/2021,0.54,1,ambas
SAMANCO,2021 - I,1129,12.4,0.014,0,2021,5,10/05/2021,0.21,0.54,ambas
SAMANCO,2021 - I,1318,20.9,0.028,0.002,2021,5,11/05/2021,0.01,0.21,ambas
SAMANCO,2021 - I,1102,25,0.001,0.023,2021,5,13/05/2021,0.83,,ambas
SAMANCO,2021 - I,1109,21.3,0.004,0.009,2021,5,14/05/2021,0.06,0.83,ambas
SAMANCO,2021 - I,985,31.3,0,0.04,2021,5,17/05/2021,0.41,,ambas
SAMANCO,2021 - I,721,19.3,0.22,0,2021,5,19/05/2021,0.02,,ambas
SAMANCO,2021 - I,139,32,0,0,2021,5,20/05/2021,0.58,0.02,ambas
SAMANCO,2021 - I,1340,18.7,0.022,0.004,2021,5,23/05/2021,0.16,,ambas
SAMANCO,2021 - I,518,14.3,0.019,0.009,2021,5,24/05/2021,0,0.16,ambas
SAMANCO,2021 - I,885,13.7,0.005,0.001,2021,5,25/05/2021,0.74,0,ambas
SAMANCO,2021 - I,759,15.3,0.066,0.001,2021,5,26/05/2021,0.39,0.74,ambas
SAMANCO,2021 - I,918,9.7,0.028,0,2021,5,27/05/2021,0.5,0.39,ambas
SAMANCO,2021 - I,1413,25.7,0.085,0,2021,5,28/05/2021,0.66,0.5,ambas
SAMANCO,2021 - I,614,24.8,0.204,0,2021,5,29/05/2021,0.54,0.66,ambas
SAMANCO,2021 - I,1581,29,0.347,0,2021,5,30/05/2021,0.51,0.54,ambas
SAMANCO,2021 - I,321,27.3,0.021,0,2021,6,09/06/2021,1,,ambas
SAMANCO,2021 - I,1473,42.4,0.077,0,2021,6,11/06/2021,0.78,,ambas
SAMANCO,2021 - I,1309,48.7,0.235,0,2021,6,15/06/2021,0.28,,ambas
SAMANCO,2021 - I,1207,31.8,0.11,0.005,2021,6,17/06/2021,0.56,,ambas
SAMANCO,2021 - I,698,25.3,0.224,0,2021,6,18/06/2021,0.41,0.56,ambas
SAMANCO,2021 - I,394,28.3,0.096,0,2021,6,23/06/2021,0.17,,ambas
SAMANCO,2021 - I,1047,25.2,0.024,0.024,2021,6,25/06/2021,0.14,,ambas
SAMANCO,2021 - I,607,29.6,0.041,0.005,2021,6,27/06/2021,0.33,,ambas
SAMANCO,2021 - I,449,16.4,0.14,0.022,2021,6,28/06/2021,0.41,0.33,ambas
SAMANCO,2021 - I,203,10.9,0.016,0.005,2021,6,29/06/2021,0.45,0.41,ambas
SAMANCO,2021 - I,882,15.1,0,0.003,2021,6,30/06/2021,0.61,0.45,ambas
SAMANCO,2021 - I,1093,20.2,0.001,0.012,2021,7,01/07/2021,0.43,0.61,ambas
SAMANCO,2021 - I,1023,29.3,0.083,0.031,2021,7,02/07/2021,0.67,0.43,ambas
SAMANCO,2021 - I,1150,35.2,0.039,0.006,2021,7,03/07/2021,0.52,0.67,ambas
SAMANCO,2021 - I,1113,19.6,0,0,2021,7,05/07/2021,0.89,,ambas
SAMANCO,2021 - I,47,18.3,0.021,0,2021,7,09/07/2021,0,,ambas
SAMANCO,2021 - I,29,8.8,0.065,0,2021,7,10/07/2021,0.91,0,ambas
SAMANCO,,,,,,,,12/07/2021,0,,solo sp_p
SAMANCO,2021 - II,803,12.4,0.019,0,2021,11,15/11/2021,0.67,,ambas
SAMANCO,2021 - II,694,16.7,0.076,0,2021,11,16/11/2021,0,0.67,ambas
SAMANCO,2021 - II,831,12.6,0.027,0.001,2021,11,17/11/2021,0.21,0,ambas
SAMANCO,2021 - II,1045,12.7,0.037,0,2021,11,18/11/2021,0.24,0.21,ambas
SAMANCO,2021 - II,1068,10.7,0.013,0,2021,11,19/11/2021,0.19,0.24,ambas
SAMANCO,2021 - II,1009,17.2,0.009,0,2021,11,20/11/2021,0.19,0.19,ambas
SAMANCO,2021 - II,909,12.2,0.024,0,2021,11,21/11/2021,0.47,0.19,ambas
SAMANCO,2021 - II,1288,17,0.015,0,2021,11,22/11/2021,0.22,0.47,ambas
SAMANCO,2021 - II,678,12.4,0.003,0,2021,11,23/11/2021,0,0.22,ambas
SAMANCO,2021 - II,893,11.4,0.04,0,2021,11,24/11/2021,0.12,0,ambas
SAMANCO,2021 - II,222,12.6,0,0,2021,11,25/11/2021,1,0.12,ambas
SAMANCO,2021 - II,609,13.3,0,0,2021,11,26/11/2021,0.27,1,ambas
SAMANCO,2021 - II,1108,12.9,0.054,0,2021,11,29/11/2021,0.14,,ambas
SAMANCO,2021 - II,994,10.3,0.04,0,2021,11,30/11/2021,0,0.14,ambas
SAMANCO,2021 - II,1102,12.3,0.031,0,2021,12,01/12/2021,0.26,0,ambas
SAMANCO,2021 - II,1206,15.1,0.011,0,2021,12,02/12/2021,0.16,0.26,ambas
SAMANCO,2021 - II,1015,12.5,0.012,0,2021,12,03/12/2021,0,0.16,ambas
SAMANCO,2021 - II,621,12.7,0,0,2021,12,04/12/2021,0.61,0,ambas
SAMANCO,2021 - II,1014,10,0,0,2021,12,05/12/2021,0.31,0.61,ambas
SAMANCO,2021 - II,774,27.2,0.01,0,2021,12,06/12/2021,0.94,0.31,ambas
SAMANCO,2022 - I,1014,20.3,0.309,0.003,2022,5,06/05/2022,0.28,,ambas
SAMANCO,2022 - I,507,21.4,0.289,0.15,2022,5,07/05/2022,0.42,0.28,ambas
SAMANCO,2022 - I,529,18.7,0.427,0.075,2022,5,12/05/2022,0,,ambas
SAMANCO,2022 - I,683,32.7,0.357,0.058,2022,5,13/05/2022,0.06,0,ambas
SAMANCO,2022 - I,1261,19.1,0.549,0.013,2022,5,14/05/2022,0.28,0.06,ambas
SAMANCO,2022 - I,1029,14.3,0.091,0.012,2022,5,15/05/2022,0,0.28,ambas
SAMANCO,2022 - I,1191,19.2,0.027,0,2022,5,16/05/2022,0.08,0,ambas
SAMANCO,2022 - I,907,14.1,0.37,0,2022,5,19/05/2022,0.2,,ambas
SAMANCO,2022 - I,383,24.2,0.393,0,2022,5,20/05/2022,0.41,0.2,ambas
SAMANCO,2022 - I,103,14.4,0,0.09,2022,5,23/05/2022,0,,ambas
SAMANCO,2022 - I,319,26,0,0.058,2022,5,24/05/2022,0.14,0,ambas
SAMANCO,2022 - I,1197,12,0.437,0,2022,5,26/05/2022,0.17,,ambas
SAMANCO,2022 - I,562,13.6,0.021,0.078,2022,5,27/05/2022,0.54,0.17,ambas
SAMANCO,2022 - I,1377,11.9,0.243,0.024,2022,5,28/05/2022,0.39,0.54,ambas
SAMANCO,2022 - I,1147,15.6,0.325,0.061,2022,5,29/05/2022,0.48,0.39,ambas
SAMANCO,2022 - I,813,13.2,0.118,0.147,2022,5,30/05/2022,0.48,0.48,ambas
SAMANCO,2022 - I,902,17.1,0.24,0.025,2022,5,31/05/2022,0,0.48,ambas
SAMANCO,2022 - I,828,13.6,0.287,0,2022,6,01/06/2022,0.23,0,ambas
SAMANCO,2022 - I,429,13,0.421,0,2022,6,02/06/2022,0.21,0.23,ambas
SAMANCO,2022 - I,1370,13.6,0.207,0.019,2022,6,03/06/2022,0.78,0.21,ambas
SAMANCO,2022 - I,1156,14.7,0.063,0.053,2022,6,04/06/2022,0.91,0.78,ambas
SAMANCO,2022 - I,748,15.8,0.131,0.038,2022,6,05/06/2022,0.64,0.91,ambas
SAMANCO,2022 - I,894,12.9,0.006,0.197,2022,6,06/06/2022,0.55,0.64,ambas
SAMANCO,2022 - I,1692,24.3,0.304,0,2022,6,08/06/2022,0.86,,ambas
SAMANCO,2022 - I,369,18.4,0,0,2022,6,09/06/2022,0.94,0.86,ambas
SAMANCO,2022 - I,309,10,0,0.013,2022,6,10/06/2022,1,0.94,ambas
SAMANCO,2022 - I,1309,10.7,0.119,0.156,2022,6,11/06/2022,0.87,1,ambas
SAMANCO,2022 - I,1313,14.5,0.26,0.075,2022,6,12/06/2022,0.82,0.87,ambas
SAMANCO,2022 - I,1184,16.4,0.35,0.084,2022,6,13/06/2022,0.93,0.82,ambas
SAMANCO,2022 - I,889,20.7,0.116,0.022,2022,6,14/06/2022,0.11,0.93,ambas
SAMANCO,2022 - I,1129,18.8,0.181,0,2022,6,15/06/2022,0.1,0.11,ambas
SAMANCO,2022 - I,342,9.7,0.03,0.088,2022,6,16/06/2022,1,0.1,ambas
SAMANCO,2022 - I,1160,16.4,0.214,0.033,2022,6,17/06/2022,0.39,1,ambas
SAMANCO,2022 - I,1225,17.1,0.625,0.022,2022,6,18/06/2022,0.06,0.39,ambas
SAMANCO,2022 - I,466,17.5,0.129,0.019,2022,6,19/06/2022,0.35,0.06,ambas
SAMANCO,2022 - I,592,19.9,0.427,0,2022,6,20/06/2022,0.91,0.35,ambas
SAMANCO,2022 - I,1182,20.2,0.11,0,2022,6,21/06/2022,0.36,0.91,ambas
SAMANCO,2022 - I,202,12.5,0,0,2022,6,25/06/2022,1,,ambas
SAMANCO,2022 - I,206,10.2,0.669,0,2022,7,02/07/2022,0.22,,ambas
SAMANCO,2022 - I,810,23.1,0.103,0.053,2022,7,05/07/2022,0.76,,ambas
SAMANCO,2022 - I,746,12.9,0.067,0.128,2022,7,06/07/2022,0.95,0.76,ambas
SAMANCO,2022 - I,753,12.1,0.046,0.113,2022,7,07/07/2022,0.93,0.95,ambas
SAMANCO,2022 - I,1018,18.4,0.093,0.025,2022,7,08/07/2022,0.82,0.93,ambas
SAMANCO,2022 - I,1134,14.9,0.128,0.028,2022,7,09/07/2022,0.6,0.82,ambas
SAMANCO,2022 - I,1044,26.5,0.136,0.014,2022,7,10/07/2022,0.7,0.6,ambas
SAMANCO,2022 - I,355,8.2,0.427,0.096,2022,7,11/07/2022,0.92,0.7,ambas
SAMANCO,2022 - I,323,6,0.642,0.202,2022,7,15/07/2022,0,,ambas
SAMANCO,2022 - II,898,11.6,0.303,0.043,2022,11,23/11/2022,0.96,,ambas
SAMANCO,2022 - II,894,10.5,0.262,0.01,2022,11,24/11/2022,0.78,0.96,ambas
SAMANCO,2022 - II,827,6.5,0.076,0,2022,11,25/11/2022,1,0.78,ambas
SAMANCO,2022 - II,852,18.6,0.06,0.02,2022,11,26/11/2022,0.82,1,ambas
SAMANCO,2022 - II,1095,10.6,0.044,0.012,2022,11,27/11/2022,0.62,0.82,ambas
SAMANCO,2022 - II,1157,12,0.205,0,2022,11,28/11/2022,0.09,0.62,ambas
SAMANCO,2022 - II,362,10.8,0.129,0.157,2022,11,29/11/2022,0.65,0.09,ambas
SAMANCO,2022 - II,189,15.2,0.037,0,2022,11,30/11/2022,0.8,0.65,ambas
SAMANCO,2022 - II,997,17.1,0.199,0,2022,12,01/12/2022,0.43,0.8,ambas
SAMANCO,2022 - II,207,19.3,0.151,0,2022,12,02/12/2022,0,0.43,ambas
SAMANCO,2022 - II,1347,18.1,0.009,0.004,2022,12,04/12/2022,0.87,,ambas
SAMANCO,2022 - II,1027,17.4,0.003,0.012,2022,12,06/12/2022,0.11,,ambas
SAMANCO,2022 - II,1152,11.6,0.206,0.179,2022,12,08/12/2022,0.59,,ambas
SAMANCO,2022 - II,788,13.1,0.173,0.015,2022,12,09/12/2022,0.75,0.59,ambas
SAMANCO,2022 - II,498,11,0.248,0.158,2022,12,10/12/2022,0.98,0.75,ambas
SAMANCO,2022 - II,1116,34.1,0.406,0.018,2022,12,11/12/2022,0.64,0.98,ambas
SAMANCO,2022 - II,934,28.7,0.21,0.01,2022,12,12/12/2022,0.24,0.64,ambas
SAMANCO,2022 - II,108,5.6,0.133,0.034,2022,12,13/12/2022,0.85,0.24,ambas
SAMANCO,2022 - II,977,25.6,0.209,0,2022,12,14/12/2022,0.42,0.85,ambas
SAMANCO,2022 - II,1354,22.9,0.147,0,2022,12,15/12/2022,0.43,0.42,ambas
SAMANCO,2022 - II,599,12.9,0.037,0,2022,12,17/12/2022,0.33,,ambas
SAMANCO,2022 - II,655,14.1,0.016,0,2022,12,18/12/2022,0.32,0.33,ambas
SAMANCO,2022 - II,346,12.4,0.007,0,2022,12,19/12/2022,0.43,0.32,ambas
SAMANCO,2022 - II,776,11,0.24,0.008,2022,12,20/12/2022,0.44,0.43,ambas
SAMANCO,2022 - II,249,14.9,0.538,0.001,2022,12,21/12/2022,0,0.44,ambas
SAMANCO,2022 - II,287,9,0.173,0.161,2022,12,27/12/2022,1,,ambas
SAMANCO,2022 - II,212,12.8,0.218,0,2023,1,01/01/2023,1,,ambas
SAMANCO,2022 - II,41,10.4,0.472,0,2023,1,07/01/2023,0,,ambas
SAMANCO,2022 - II,123,41.9,0.107,0,2023,1,13/01/2023,0.37,,ambas
SAMANCO,2023 - II,331,10.4,0.308,0,2023,10,25/10/2023,0.34,,ambas
SAMANCO,2023 - II,316,11.8,0.109,0,2023,10,28/10/2023,0.69,,ambas
SAMANCO,2023 - II,109,12.3,0.077,0,2023,10,29/10/2023,0.02,0.69,ambas
SAMANCO,2023 - II,291,21.8,0.688,0,2023,10,31/10/2023,0.46,,ambas
SAMANCO,2023 - II,408,21.5,0.805,0,2023,11,01/11/2023,0.84,0.46,ambas
SAMANCO,2023 - II,867,23.5,0.418,0,2023,11,03/11/2023,0.53,,ambas
SAMANCO,2023 - II,609,22.8,0.336,0,2023,11,06/11/2023,0.23,,ambas
SAMANCO,2023 - II,312,17.6,0.37,0,2023,11,11/11/2023,0,,ambas
SAMANCO,2023 - II,1138,14.3,0.415,0,2023,11,13/11/2023,0.61,,ambas
SAMANCO,2023 - II,593,22,0.277,0,2023,11,14/11/2023,0.23,0.61,ambas
SAMANCO,2023 - II,55,10,0.033,0,2023,11,16/11/2023,0,,ambas
SAMANCO,2024 - I,1110,16.7,0.321,0,2024,4,16/04/2024,0,,ambas
SAMANCO,2024 - I,1074,15.2,0.475,0,2024,4,17/04/2024,0,0,ambas
SAMANCO,2024 - I,494,18.1,0.35,0.004,2024,4,18/04/2024,0,0,ambas
SAMANCO,2024 - I,846,20.5,0.239,0,2024,4,19/04/2024,0.16,0,ambas
SAMANCO,2024 - I,1132,16,0.315,0,2024,4,21/04/2024,0.1,,ambas
SAMANCO,2024 - I,699,15.3,0.354,0,2024,4,22/04/2024,0.41,0.1,ambas
SAMANCO,2024 - I,1156,19.9,0.358,0,2024,4,23/04/2024,0.22,0.41,ambas
SAMANCO,2024 - I,987,17.5,0.699,0,2024,4,24/04/2024,0,0.22,ambas
SAMANCO,2024 - I,1013,14.6,0.496,0,2024,4,25/04/2024,0,0,ambas
SAMANCO,2024 - I,702,19.8,0.884,0,2024,4,26/04/2024,0,0,ambas
SAMANCO,2024 - I,542,26.4,0.551,0.006,2024,4,28/04/2024,0.05,,ambas
SAMANCO,2024 - I,685,12.4,0.764,0.006,2024,4,29/04/2024,0.06,0.05,ambas
SAMANCO,2024 - I,1062,14.3,0.245,0,2024,5,01/05/2024,0.34,,ambas
SAMANCO,2024 - I,497,15.1,0.33,0,2024,5,02/05/2024,0.24,0.34,ambas
SAMANCO,2024 - I,229,14.4,0.315,0,2024,5,03/05/2024,0,0.24,ambas
SAMANCO,2024 - I,517,30.7,0.666,0,2024,5,04/05/2024,0.35,0,ambas
SAMANCO,2024 - I,895,21.4,0.177,0.002,2024,5,07/05/2024,0.2,,ambas
SAMANCO,2024 - I,1264,25.4,0.326,0,2024,5,08/05/2024,0.17,0.2,ambas
SAMANCO,2024 - I,784,26,0.387,0.014,2024,5,10/05/2024,0.28,,ambas
SAMANCO,2024 - I,1091,21.1,0.162,0,2024,5,11/05/2024,0.5,0.28,ambas
SAMANCO,2024 - I,282,28.3,0.472,0.023,2024,5,12/05/2024,1,0.5,ambas
SAMANCO,2024 - I,415,20,0.038,0,2024,5,14/05/2024,0.55,,ambas
SAMANCO,2024 - I,1055,13.4,0.109,0,2024,5,15/05/2024,0.92,0.55,ambas
SAMANCO,2024 - I,924,16.2,0.054,0,2024,5,16/05/2024,0.5,0.92,ambas
SAMANCO,2024 - I,739,7.8,0.171,0,2024,5,17/05/2024,0,0.5,ambas
SAMANCO,2024 - I,849,9.9,0.042,0,2024,5,19/05/2024,0.75,,ambas
SAMANCO,2024 - I,1552,18,0.129,0,2024,5,20/05/2024,0.11,0.75,ambas
SAMANCO,2024 - I,1010,11.5,0.085,0,2024,5,22/05/2024,0.31,,ambas
SAMANCO,2024 - I,1111,13.2,0.032,0,2024,5,23/05/2024,0.54,0.31,ambas
SAMANCO,2024 - I,1033,19.4,0.136,0,2024,5,24/05/2024,0.25,0.54,ambas
SAMANCO,2024 - I,1209,23.5,0.1,0,2024,5,26/05/2024,0.41,,ambas
SAMANCO,2024 - I,1200,29.1,0.002,0,2024,5,27/05/2024,0.14,0.41,ambas
SAMANCO,2024 - I,638,12.7,0.211,0,2024,5,28/05/2024,0.73,0.14,ambas
SAMANCO,2024 - I,727,19.1,0.042,0,2024,5,29/05/2024,0.32,0.73,ambas
SAMANCO,2024 - I,993,14.6,0.096,0,2024,5,30/05/2024,0.07,0.32,ambas
SAMANCO,2024 - I,839,14.7,0.115,0,2024,5,31/05/2024,0.09,0.07,ambas
SAMANCO,2024 - I,864,11.5,0.05,0.013,2024,6,01/06/2024,0.54,0.09,ambas
SAMANCO,2024 - I,1071,14.2,0.058,0,2024,6,02/06/2024,0.51,0.54,ambas
SAMANCO,2024 - I,1276,14.5,0.075,0.001,2024,6,03/06/2024,0.43,0.51,ambas
SAMANCO,2024 - I,931,15.8,0.061,0,2024,6,04/06/2024,0.56,0.43,ambas
SAMANCO,2024 - I,1145,16.9,0.031,0,2024,6,05/06/2024,0.34,0.56,ambas
SAMANCO,2024 - I,600,14.3,0.032,0,2024,6,06/06/2024,0.5,0.34,ambas
SAMANCO,2024 - II,1169,11.8,0.005,0,2024,11,05/11/2024,0.26,,ambas
SAMANCO,2024 - II,192,16.3,0.153,0,2024,11,06/11/2024,0,0.26,ambas
SAMANCO,2024 - II,356,20.6,0,0,2024,11,07/11/2024,1,0,ambas
SAMANCO,2024 - II,1168,11.9,0.001,0,2024,11,08/11/2024,0.62,1,ambas
SAMANCO,2024 - II,496,11.2,0.022,0,2024,11,09/11/2024,0.21,0.62,ambas
SAMANCO,2024 - II,1160,11.4,0.032,0,2024,11,10/11/2024,0.49,0.21,ambas
SAMANCO,2024 - II,1122,13.7,0.047,0,2024,11,11/11/2024,0.46,0.49,ambas
SAMANCO,2024 - II,446,18.1,0.038,0,2024,11,12/11/2024,0.87,0.46,ambas
SAMANCO,2024 - II,460,12.3,0.006,0,2024,11,13/11/2024,0.31,0.87,ambas
SAMANCO,2024 - II,276,15,0.004,0,2024,11,14/11/2024,0.52,0.31,ambas
SAMANCO,2024 - II,338,14.8,0,0,2024,11,15/11/2024,0.44,0.52,ambas
SAMANCO,2024 - II,234,11.8,0.038,0,2024,11,16/11/2024,0.48,0.44,ambas
SAMANCO,2024 - II,1183,12.9,0.003,0,2024,11,17/11/2024,0.41,0.48,ambas
SAMANCO,2024 - II,393,20.2,0.035,0,2024,11,18/11/2024,0.47,0.41,ambas
SAMANCO,2024 - II,200,16.3,0.071,0.034,2024,11,19/11/2024,0.4,0.47,ambas
SAMANCO,2024 - II,495,14,0.267,0.106,2024,11,20/11/2024,0.34,0.4,ambas
SAMANCO,2024 - II,1020,13.3,0.052,0.027,2024,11,21/11/2024,0.67,0.34,ambas
SAMANCO,2024 - II,1057,16.6,0.222,0.027,2024,11,22/11/2024,0.07,0.67,ambas
SAMANCO,2024 - II,796,23.5,0.116,0.032,2024,11,23/11/2024,0.36,0.07,ambas
SAMANCO,2024 - II,606,11.6,0.017,0.015,2024,11,24/11/2024,0,0.36,ambas
SAMANCO,,,,,,,,25/11/2024,0.9,0,solo sp_p
SAMANCO,2024 - II,737,25.1,0.121,0.015,2024,11,26/11/2024,0.6,0.9,ambas
SAMANCO,2024 - II,497,19,0.208,0.052,2024,11,27/11/2024,0.24,0.6,ambas
SAMANCO,2024 - II,1014,15.4,0.3,0.071,2024,12,03/12/2024,0.08,,ambas
SAMANCO,2024 - II,508,12.4,0.024,0.012,2024,12,04/12/2024,0,0.08,ambas
SAMANCO,2024 - II,532,13.7,0.081,0.023,2024,12,07/12/2024,1,,ambas
SAMANCO,2024 - II,587,24.5,0.025,0.034,2024,12,08/12/2024,0.32,1,ambas
SAMANCO,2024 - II,745,23.6,0.058,0.003,2024,12,09/12/2024,0.79,0.32,ambas
SAMANCO,2024 - II,1116,13.6,0.233,0.034,2024,12,12/12/2024,0.1,,ambas
SAMANCO,2024 - II,1144,22.8,0.021,0.045,2024,12,13/12/2024,0.07,0.1,ambas
SAMANCO,2024 - II,873,10.8,0,0,2024,12,14/12/2024,0.16,0.07,ambas
SAMANCO,2024 - II,755,13.7,0.015,0,2024,12,16/12/2024,0.25,,ambas
SAMANCO,2024 - II,550,27.7,0.124,0.026,2024,12,17/12/2024,0.56,0.25,ambas
SAMANCO,2024 - II,510,14.2,0,0.044,2024,12,19/12/2024,0,,ambas
SAMANCO,2024 - II,1038,16,0.058,0.168,2024,12,20/12/2024,0.04,0,ambas
SAMANCO,2024 - II,891,11.5,0.009,0.017,2024,12,21/12/2024,0.37,0.04,ambas
SAMANCO,2024 - II,1247,12.6,0.306,0.036,2024,12,22/12/2024,0.1,0.37,ambas
SAMANCO,2024 - II,1408,18.8,0.14,0.017,2024,12,23/12/2024,0.33,0.1,ambas
SAMANCO,2024 - II,720,12.7,0.25,0.061,2024,12,26/12/2024,0.45,,ambas
SAMANCO,2024 - II,564,17.8,0.394,0.018,2024,12,27/12/2024,0.31,0.45,ambas
SAMANCO,2024 - II,347,12.5,0,0.012,2024,12,30/12/2024,0.45,,ambas
SAMANCO,2024 - II,694,11.3,0.289,0.035,2025,1,01/01/2025,0,,ambas
SAMANCO,2024 - II,486,13.2,0.328,0.019,2025,1,02/01/2025,0,0,ambas
SAMANCO,2024 - II,162,12.6,0.613,0.072,2025,1,03/01/2025,0,0,ambas
SAMANCO,2024 - II,411,13.3,0.013,0.038,2025,1,05/01/2025,0,,ambas
SAMANCO,2024 - II,708,12,0.553,0,2025,1,06/01/2025,0.27,0,ambas
SAMANCO,2024 - II,836,12.3,0.715,0.068,2025,1,07/01/2025,0.04,0.27,ambas
SAMANCO,2024 - II,280,26.9,0.545,0.166,2025,1,08/01/2025,0,0.04,ambas
SAMANCO,2024 - II,731,25.3,0.65,0.114,2025,1,09/01/2025,0.09,0,ambas
SAMANCO,2024 - II,905,26.4,0.634,0,2025,1,11/01/2025,0.16,,ambas
SAMANCO,2024 - II,363,11.4,0.35,0.089,2025,1,12/01/2025,0.28,0.16,ambas
SAMANCO,2024 - II,974,16.1,0.092,0.348,2025,1,13/01/2025,0.39,0.28,ambas
SAMANCO,2025 - I,902,11.2,0.132,0.011,2025,4,23/04/2025,0.42,,ambas
SAMANCO,2025 - I,1041,14.8,0.73,0.01,2025,4,24/04/2025,0.01,0.42,ambas
SAMANCO,2025 - I,485,11.3,0.23,0,2025,4,25/04/2025,0,0.01,ambas
SAMANCO,2025 - I,329,8.1,0.387,0.002,2025,4,27/04/2025,0.73,,ambas
SAMANCO,2025 - I,355,12.4,0.21,0.04,2025,4,28/04/2025,0,0.73,ambas
SAMANCO,2025 - I,1007,19.3,0.419,0,2025,4,29/04/2025,0.28,0,ambas
SAMANCO,2025 - I,526,10.3,0.795,0.033,2025,4,30/04/2025,0,0.28,ambas
SAMANCO,2025 - I,869,9.7,0.462,0.035,2025,5,01/05/2025,0.4,0,ambas
SAMANCO,2025 - I,1194,10.6,0.32,0.032,2025,5,02/05/2025,0.41,0.4,ambas
SAMANCO,2025 - I,607,14.6,0.485,0.144,2025,5,03/05/2025,0.33,0.41,ambas
SAMANCO,2025 - I,1187,13.3,0.619,0.021,2025,5,04/05/2025,0,0.33,ambas
SAMANCO,2025 - I,1055,20.1,0.496,0.014,2025,5,05/05/2025,0.04,0,ambas
SAMANCO,2025 - I,983,12.5,0.266,0,2025,5,06/05/2025,0,0.04,ambas
SAMANCO,2025 - I,1247,16.6,0.292,0.015,2025,5,07/05/2025,0,0,ambas
SAMANCO,2025 - I,1101,11.9,0.304,0,2025,5,09/05/2025,0.28,,ambas
SAMANCO,2025 - I,1144,10.2,0.273,0,2025,5,10/05/2025,0.17,0.28,ambas
SAMANCO,2025 - I,1070,14.6,0.16,0,2025,5,11/05/2025,0.58,0.17,ambas
SAMANCO,2025 - I,909,12.7,0.233,0.028,2025,5,12/05/2025,0.16,0.58,ambas
SAMANCO,2025 - I,636,8.9,0.3,0.043,2025,5,13/05/2025,0,0.16,ambas
SAMANCO,2025 - I,1228,21.4,0.316,0.012,2025,5,14/05/2025,0.3,0,ambas
SAMANCO,2025 - I,214,7.3,0.106,0,2025,5,15/05/2025,0,0.3,ambas
SAMANCO,2025 - I,1157,15.1,0.293,0.006,2025,5,17/05/2025,0.31,,ambas
SAMANCO,2025 - I,494,23.8,0.234,0.123,2025,5,18/05/2025,0,0.31,ambas
SAMANCO,2025 - I,812,12.5,0.216,0.021,2025,5,19/05/2025,0.28,0,ambas
SAMANCO,2025 - I,743,15.4,0.199,0.004,2025,5,20/05/2025,0.59,0.28,ambas
SAMANCO,2025 - I,328,37.3,0.634,0.004,2025,5,24/05/2025,0.48,,ambas
SAMANCO,2025 - I,848,8.6,0.412,0.022,2025,5,27/05/2025,0.29,,ambas
SAMANCO,2025 - I,500,10.1,0.48,0.061,2025,5,30/05/2025,0.21,,ambas
SAMANCO,2025 - I,769,13.8,0.623,0.111,2025,5,31/05/2025,0,0.21,ambas
SAMANCO,2025 - I,766,11.1,0.586,0.044,2025,6,01/06/2025,0,0,ambas
SAMANCO,2025 - I,511,15.1,0.711,0.225,2025,6,02/06/2025,0,0,ambas
SAMANCO,2025 - I,1026,14.5,0.751,0.161,2025,6,03/06/2025,0,0,ambas
SAMANCO,2025 - I,469,13.8,0.632,0.034,2025,6,24/06/2025,0,,ambas
SAMANCO,2025 - I,314,8.1,0.594,0.008,2025,6,25/06/2025,0,0,ambas
SUPE,2020 - II,335,11.1,0.021,0.002,2020,11,13/11/2020,,,solo calidadmp
SUPE,2020 - II,1619,15.1,0.023,0.028,2020,11,14/11/2020,,,solo calidadmp
SUPE,2020 - II,706,12.3,0,0,2020,11,15/11/2020,,,solo calidadmp
SUPE,2020 - II,1506,19.3,0.068,0.004,2020,11,16/11/2020,,,solo calidadmp
SUPE,2020 - II,549,12.4,0.092,0.077,2020,11,17/11/2020,,,solo calidadmp
SUPE,2020 - II,853,11.6,0.258,0.061,2020,11,18/11/2020,,,solo calidadmp
SUPE,2020 - II,717,23.2,0.164,0.079,2020,11,19/11/2020,,,solo calidadmp
SUPE,2020 - II,820,16.5,0.01,0,2020,11,22/11/2020,,,solo calidadmp
SUPE,2020 - II,572,15.7,0.002,0.01,2020,11,23/11/2020,,,solo calidadmp
SUPE,2020 - II,874,13.2,0.026,0.066,2020,11,24/11/2020,,,solo calidadmp
SUPE,2020 - II,825,13.3,0,0,2020,11,25/11/2020,,,solo calidadmp
SUPE,2020 - II,1392,16.6,0,0.001,2020,11,26/11/2020,,,solo calidadmp
SUPE,2020 - II,75,8.7,0.565,0,2020,11,28/11/2020,,,solo calidadmp
SUPE,2020 - II,1051,29.4,0.012,0.006,2020,11,29/11/2020,,,solo calidadmp
SUPE,2020 - II,907,29.4,0.036,0.013,2020,11,30/11/2020,,,solo calidadmp
SUPE,2020 - II,427,13.9,0.021,0.008,2020,12,01/12/2020,,,solo calidadmp
SUPE,2020 - II,1091,25.7,0.072,0,2020,12,02/12/2020,,,solo calidadmp
SUPE,2020 - II,449,13.9,0.261,0,2020,12,03/12/2020,,,solo calidadmp
SUPE,2020 - II,939,25.8,0.015,0.001,2020,12,04/12/2020,,,solo calidadmp
SUPE,2020 - II,34,8.9,0.604,0,2020,12,05/12/2020,,,solo calidadmp
SUPE,2020 - II,939,29.4,0.02,0,2020,12,06/12/2020,,,solo calidadmp
SUPE,2020 - II,844,12.6,0.221,0.069,2020,12,07/12/2020,,,solo calidadmp
SUPE,2020 - II,609,14.3,0,0.063,2020,12,09/12/2020,,,solo calidadmp
SUPE,2020 - II,806,12.7,0.003,0,2020,12,10/12/2020,,,solo calidadmp
SUPE,2020 - II,866,13.2,0,0,2020,12,11/12/2020,,,solo calidadmp
SUPE,2020 - II,952,15.3,0,0,2020,12,12/12/2020,,,solo calidadmp
SUPE,2020 - II,1401,18.3,0.014,0.001,2020,12,13/12/2020,,,solo calidadmp
SUPE,2020 - II,874,14.6,0.018,0.012,2020,12,14/12/2020,,,solo calidadmp
SUPE,2020 - II,806,11.1,0.021,0.07,2020,12,15/12/2020,,,solo calidadmp
SUPE,2020 - II,981,13.9,0.038,0.014,2020,12,16/12/2020,,,solo calidadmp
SUPE,2020 - II,1290,28,0.015,0.016,2020,12,17/12/2020,,,solo calidadmp
SUPE,2020 - II,529,11.5,0,0.025,2020,12,18/12/2020,,,solo calidadmp
SUPE,2020 - II,1351,9.9,0.148,0.032,2020,12,19/12/2020,,,solo calidadmp
SUPE,2020 - II,753,28.9,0,0,2020,12,21/12/2020,,,solo calidadmp
SUPE,2020 - II,1274,26.8,0,0.022,2020,12,22/12/2020,,,solo calidadmp
SUPE,2020 - II,562,42.6,0.022,0.128,2020,12,23/12/2020,,,solo calidadmp
SUPE,2020 - II,1158,30.1,0,0.044,2020,12,26/12/2020,,,solo calidadmp
SUPE,2020 - II,1199,21.8,0,0.026,2020,12,27/12/2020,,,solo calidadmp
SUPE,2020 - II,234,13.3,0.026,0,2020,12,29/12/2020,,,solo calidadmp
SUPE,2020 - II,587,34.7,0.007,0.041,2020,12,30/12/2020,,,solo calidadmp
SUPE,2020 - II,874,41.8,0,0,2020,12,31/12/2020,,,solo calidadmp
SUPE,2020 - II,696,33.9,0,0.017,2021,1,04/01/2021,,,solo calidadmp
SUPE,2020 - II,570,18.1,0,0.017,2021,1,05/01/2021,,,solo calidadmp
SUPE,2020 - II,734,16.5,0.176,0.017,2021,1,07/01/2021,,,solo calidadmp
SUPE,2020 - II,658,15.1,0.071,0.021,2021,1,08/01/2021,,,solo calidadmp
SUPE,2020 - II,689,11.4,0.111,0.033,2021,1,10/01/2021,,,solo calidadmp
SUPE,2020 - II,1011,8.5,0.164,0.038,2021,1,11/01/2021,,,solo calidadmp
SUPE,2020 - II,1651,10.6,0.135,0.085,2021,1,12/01/2021,,,solo calidadmp
SUPE,2020 - II,1208,11.3,0.242,0.042,2021,1,13/01/2021,,,solo calidadmp
SUPE,2020 - II,594,9.1,0.316,0.037,2021,1,15/01/2021,,,solo calidadmp
SUPE,2020 - II,601,10.3,0.292,0.046,2021,1,16/01/2021,,,solo calidadmp
SUPE,2021 - I,660,14.3,0.022,0.025,2021,4,30/04/2021,0.45,,ambas
SUPE,2021 - I,793,16.2,0.115,0.076,2021,5,01/05/2021,0.6,0.45,ambas
SUPE,2021 - I,426,10.7,0.42,0.014,2021,5,03/05/2021,0.73,,ambas
SUPE,2021 - I,1285,12.3,0.154,0.001,2021,5,04/05/2021,0.12,0.73,ambas
SUPE,2021 - I,1534,14.8,0.079,0,2021,5,05/05/2021,0.23,0.12,ambas
SUPE,2021 - I,1119,12.8,0.095,0,2021,5,06/05/2021,0.34,0.23,ambas
SUPE,2021 - I,1723,18.7,0.208,0,2021,5,07/05/2021,0.36,0.34,ambas
SUPE,2021 - I,817,21.8,0.258,0.008,2021,5,08/05/2021,0.68,0.36,ambas
SUPE,2021 - I,932,11.4,0.158,0,2021,5,09/05/2021,0.23,0.68,ambas
SUPE,2021 - I,279,26.8,0,0,2021,5,10/05/2021,0.42,0.23,ambas
SUPE,2021 - I,1162,21.3,0.127,0,2021,5,11/05/2021,0.33,0.42,ambas
SUPE,2021 - I,836,18,0.008,0,2021,5,14/05/2021,0.8,,ambas
SUPE,2021 - I,1302,20.9,0.017,0.005,2021,5,23/05/2021,1,,ambas
SUPE,2021 - I,1078,29.2,0.129,0.002,2021,5,24/05/2021,0.87,1,ambas
SUPE,2021 - I,749,19.7,0,0,2021,5,25/05/2021,1,0.87,ambas
SUPE,2021 - I,1232,36.1,0.366,0,2021,5,30/05/2021,0.68,,ambas
SUPE,2021 - I,1145,14.9,0.192,0,2021,6,03/06/2021,1,,ambas
SUPE,2021 - I,352,9.1,0.151,0.001,2021,6,04/06/2021,1,1,ambas
SUPE,2021 - II,474,12,0,0,2021,11,15/11/2021,0.88,,ambas
SUPE,2021 - II,956,15.5,0.113,0.078,2021,11,16/11/2021,0.79,0.88,ambas
SUPE,2021 - II,1036,13.1,0,0.001,2021,11,17/11/2021,1,0.79,ambas
SUPE,2021 - II,1109,12,0.07,0,2021,11,18/11/2021,0.83,1,ambas
SUPE,2021 - II,1642,13.5,0.029,0.001,2021,11,19/11/2021,0.61,0.83,ambas
SUPE,2021 - II,1742,13.6,0.035,0.002,2021,11,20/11/2021,0.93,0.61,ambas
SUPE,2021 - II,1320,15,0.027,0.002,2021,11,21/11/2021,1,0.93,ambas
SUPE,2021 - II,927,6.5,0,0.012,2021,11,22/11/2021,0.93,1,ambas
SUPE,2021 - II,1491,12.8,0.017,0.035,2021,11,23/11/2021,0.65,0.93,ambas
SUPE,2021 - II,1191,10.3,0.041,0.033,2021,11,24/11/2021,0.84,0.65,ambas
SUPE,2021 - II,1563,15.5,0.003,0,2021,11,25/11/2021,0.89,0.84,ambas
SUPE,2021 - II,1552,16.1,0,0,2021,11,26/11/2021,0.35,0.89,ambas
SUPE,2021 - II,1354,14.1,0.003,0,2021,11,27/11/2021,0.63,0.35,ambas
SUPE,2021 - II,1750,13,0.011,0,2021,11,28/11/2021,0.69,0.63,ambas
SUPE,2021 - II,1741,14.4,0.034,0.002,2021,11,29/11/2021,0.96,0.69,ambas
SUPE,2021 - II,210,13,0.016,0,2021,11,30/11/2021,,,solo calidadmp
SUPE,2021 - II,1660,13.7,0,0,2021,12,01/12/2021,0.48,,ambas
SUPE,2021 - II,1689,19.7,0.039,0,2021,12,02/12/2021,0.75,0.48,ambas
SUPE,2021 - II,1748,24.1,0.023,0,2021,12,03/12/2021,0.9,0.75,ambas
SUPE,2021 - II,1520,12.2,0.02,0,2021,12,04/12/2021,0.67,0.9,ambas
SUPE,2021 - II,869,25.2,0.113,0,2021,12,05/12/2021,1,0.67,ambas
SUPE,2021 - II,1784,14.1,0.036,0,2021,12,06/12/2021,0.67,1,ambas
SUPE,2021 - II,1253,14,0.041,0,2021,12,07/12/2021,0.65,0.67,ambas
SUPE,2021 - II,1031,16.5,0.148,0.073,2021,12,08/12/2021,1,0.65,ambas
SUPE,2021 - II,722,16.3,0.138,0.048,2021,12,09/12/2021,1,1,ambas
SUPE,2021 - II,811,12.3,0.058,0.093,2021,12,10/12/2021,1,1,ambas
SUPE,2021 - II,1012,12.9,0.041,0.095,2021,12,11/12/2021,1,1,ambas
SUPE,2021 - II,509,8.6,0.068,0.014,2021,12,12/12/2021,1,1,ambas
SUPE,2021 - II,728,11.6,0.072,0.08,2021,12,13/12/2021,1,1,ambas
SUPE,2021 - II,855,12.2,0.046,0.023,2021,12,15/12/2021,1,,ambas
SUPE,2021 - II,1619,12.7,0.443,0.117,2021,12,16/12/2021,0.27,1,ambas
SUPE,2021 - II,613,11,0.274,0.084,2021,12,17/12/2021,0.36,0.27,ambas
SUPE,2022 - I,1653,14,0.609,0.031,2022,5,05/05/2022,0.38,,ambas
SUPE,2022 - I,1488,13.8,0.515,0.013,2022,5,06/05/2022,0.57,0.38,ambas
SUPE,2022 - I,1601,13.8,0.147,0.038,2022,5,07/05/2022,0.63,0.57,ambas
SUPE,2022 - I,1675,19.8,0.464,0.052,2022,5,08/05/2022,0.58,0.63,ambas
SUPE,2022 - I,1123,32.9,0.22,0,2022,5,11/05/2022,0.66,,ambas
SUPE,2022 - I,1813,12.7,0.361,0.056,2022,5,12/05/2022,0.57,0.66,ambas
SUPE,2022 - I,1665,14.4,0.563,0.11,2022,5,13/05/2022,0.14,0.57,ambas
SUPE,2022 - I,2270,16.4,0.468,0.009,2022,5,14/05/2022,0.24,0.14,ambas
SUPE,2022 - I,1830,28.4,0.077,0.008,2022,5,16/05/2022,0.3,,ambas
SUPE,2022 - I,76,31.3,0.064,0.006,2022,5,17/05/2022,0,0.3,ambas
SUPE,2022 - I,1920,17.1,0.102,0.001,2022,5,19/05/2022,0.09,,ambas
SUPE,2022 - I,1488,16.5,0.098,0,2022,5,21/05/2022,0.21,,ambas
SUPE,2022 - I,1478,12.6,0.145,0,2022,5,22/05/2022,0,0.21,ambas
SUPE,2022 - I,653,15.4,0.214,0,2022,5,23/05/2022,0,0,ambas
SUPE,2022 - I,484,11.3,0.3,0,2022,5,24/05/2022,0,0,ambas
SUPE,2022 - I,1095,19.6,0.398,0,2022,5,26/05/2022,0.14,,ambas
SUPE,2022 - I,621,11.1,0.131,0,2022,5,27/05/2022,0.86,0.14,ambas
SUPE,2022 - I,1684,26.8,0.275,0.011,2022,5,28/05/2022,0.26,0.86,ambas
SUPE,2022 - I,427,14.3,0.219,0.001,2022,5,29/05/2022,1,0.26,ambas
SUPE,2022 - I,990,21.9,0.203,0.004,2022,5,30/05/2022,0.57,1,ambas
SUPE,2022 - I,1163,14.7,0.102,0.001,2022,5,31/05/2022,0.2,0.57,ambas
SUPE,2022 - I,961,20.5,0.126,0,2022,6,01/06/2022,0.93,0.2,ambas
SUPE,2022 - I,1440,28,0.152,0,2022,6,02/06/2022,0.66,0.93,ambas
SUPE,2022 - I,1274,16.3,0.286,0.061,2022,6,03/06/2022,0.35,0.66,ambas
SUPE,2022 - I,237,7.7,0.008,0,2022,6,09/06/2022,0.47,,ambas
SUPE,2022 - I,454,12.9,0.152,0,2022,6,10/06/2022,1,0.47,ambas
SUPE,2022 - I,1930,22.3,0.111,0.061,2022,6,11/06/2022,1,1,ambas
SUPE,2022 - I,1094,16.2,0.111,0.054,2022,6,12/06/2022,0.67,1,ambas
SUPE,2022 - I,1008,17.7,0.306,0.228,2022,6,13/06/2022,0.98,0.67,ambas
SUPE,2022 - I,1128,20,0.201,0.019,2022,6,15/06/2022,0.67,,ambas
SUPE,2022 - I,1191,10.6,0.256,0.018,2022,6,16/06/2022,0.96,0.67,ambas
SUPE,2022 - I,744,19.9,0.332,0.153,2022,6,17/06/2022,0.25,0.96,ambas
SUPE,2022 - I,1580,26.4,0.319,0.027,2022,6,18/06/2022,0.72,0.25,ambas
SUPE,2022 - I,1155,16.3,0.674,0.034,2022,6,19/06/2022,0.45,0.72,ambas
SUPE,2022 - I,1260,10.3,0.192,0.004,2022,6,20/06/2022,0.5,0.45,ambas
SUPE,2022 - I,1928,15.6,0.105,0.005,2022,6,21/06/2022,0.75,0.5,ambas
SUPE,2022 - I,1519,18.7,0.074,0,2022,6,22/06/2022,0.79,0.75,ambas
SUPE,2022 - I,852,9.3,0.362,0,2022,7,02/07/2022,0.78,,ambas
SUPE,2022 - I,1289,22.4,0.036,0.021,2022,7,03/07/2022,0.94,0.78,ambas
SUPE,2022 - I,930,12.2,0.274,0.023,2022,7,05/07/2022,1,,ambas
SUPE,2022 - I,1127,5.8,0.54,0.035,2022,7,06/07/2022,1,1,ambas
SUPE,2022 - I,683,10.7,0.484,0.106,2022,7,07/07/2022,0.69,1,ambas
SUPE,2022 - I,904,32.8,0,0,2022,7,09/07/2022,1,,ambas
SUPE,2022 - I,314,15.8,0.488,0.074,2022,7,11/07/2022,0.78,,ambas
SUPE,2022 - II,1413,13.3,0.198,0.007,2022,11,23/11/2022,0.64,,ambas
SUPE,2022 - II,777,32,0.043,0.001,2022,11,26/11/2022,1,,ambas
SUPE,2022 - II,1671,22.7,0.215,0.031,2022,11,28/11/2022,1,,ambas
SUPE,2022 - II,808,14.1,0.052,0,2022,11,30/11/2022,0.45,,ambas
SUPE,2022 - II,1112,8.6,0.591,0.047,2022,12,04/12/2022,0.22,,ambas
SUPE,2022 - II,687,13.3,0.005,0,2022,12,05/12/2022,0.94,0.22,ambas
SUPE,2022 - II,762,11.4,0.043,0,2022,12,06/12/2022,0.78,0.94,ambas
SUPE,2022 - II,344,33.2,0.044,0.044,2022,12,08/12/2022,0.69,,ambas
SUPE,2022 - II,579,10,0.529,0.038,2022,12,09/12/2022,1,0.69,ambas
SUPE,2022 - II,356,7.2,0.528,0.01,2022,12,10/12/2022,1,1,ambas
SUPE,2022 - II,960,37.9,0.118,0.004,2022,12,12/12/2022,0.48,,ambas
SUPE,2022 - II,1747,15.5,0.053,0,2022,12,14/12/2022,0.39,,ambas
SUPE,2022 - II,858,12.3,0.131,0.003,2022,12,15/12/2022,0.1,0.39,ambas
SUPE,2022 - II,832,11.7,0.062,0,2022,12,16/12/2022,0.05,0.1,ambas
SUPE,2022 - II,1497,17.4,0.16,0.009,2022,12,17/12/2022,0.28,0.05,ambas
SUPE,2022 - II,1260,13.5,0.004,0,2022,12,18/12/2022,0.24,0.28,ambas
SUPE,2022 - II,1427,13.7,0.025,0,2022,12,19/12/2022,0.86,0.24,ambas
SUPE,2022 - II,1723,16.7,0.175,0.002,2022,12,20/12/2022,0.3,0.86,ambas
SUPE,2022 - II,1310,19.9,0.404,0.01,2022,12,21/12/2022,0,0.3,ambas
SUPE,2022 - II,103,13.2,0.269,0.018,2022,12,22/12/2022,0,0,ambas
SUPE,2022 - II,597,15.6,0.238,0.027,2022,12,27/12/2022,1,,ambas
SUPE,2022 - II,1113,16.7,0.028,0,2022,12,29/12/2022,0.81,,ambas
SUPE,2022 - II,592,11.4,0.208,0.011,2022,12,30/12/2022,0.69,0.81,ambas
SUPE,2022 - II,428,7.4,0.544,0.005,2023,1,02/01/2023,0.48,,ambas
SUPE,2022 - II,570,10.7,0.719,0.057,2023,1,14/01/2023,0,,ambas
SUPE,2023 - II,1702,11.4,0.651,0,2023,10,21/10/2023,0.28,,ambas
SUPE,2023 - II,1331,12.5,0.866,0,2023,10,22/10/2023,0.16,0.28,ambas
SUPE,2023 - II,584,12.8,0.848,0,2023,10,25/10/2023,1,,ambas
SUPE,2023 - II,979,14.6,0.519,0,2023,10,26/10/2023,1,1,ambas
SUPE,2023 - II,1644,11.1,0.655,0,2023,10,31/10/2023,0.54,,ambas
SUPE,2023 - II,1746,20.4,0.841,0,2023,11,01/11/2023,0.8,0.54,ambas
SUPE,2023 - II,1188,14.3,0.375,0,2023,11,02/11/2023,0.88,0.8,ambas
SUPE,2023 - II,1921,22.3,0.196,0,2023,11,03/11/2023,0.42,0.88,ambas
SUPE,2023 - II,1765,16.4,0.674,0.054,2023,11,05/11/2023,0.17,,ambas
SUPE,2023 - II,1702,14.1,0.312,0,2023,11,06/11/2023,0.42,0.17,ambas
SUPE,2023 - II,1161,22.1,0.398,0,2023,11,07/11/2023,0.3,0.42,ambas
SUPE,2023 - II,1678,19,0.122,0,2023,11,08/11/2023,0.41,0.3,ambas
SUPE,2023 - II,1699,20.8,0.325,0,2023,11,09/11/2023,0,0.41,ambas
SUPE,2023 - II,1769,12.7,0.489,0.002,2023,11,11/11/2023,0.3,,ambas
SUPE,2023 - II,831,12,0.651,0,2023,11,12/11/2023,0,0.3,ambas
SUPE,2023 - II,982,17.6,0.411,0,2023,11,13/11/2023,0.32,0,ambas
SUPE,2023 - II,407,16.6,0.448,0,2023,11,14/11/2023,0.85,0.32,ambas
SUPE,2023 - II,604,29.2,0.447,0,2023,11,15/11/2023,1,0.85,ambas
SUPE,2023 - II,1518,23.2,0.348,0,2023,11,21/11/2023,0.85,,ambas
SUPE,2023 - II,568,15.8,0.202,0,2023,11,22/11/2023,1,0.85,ambas
SUPE,2023 - II,776,13.1,0.252,0,2023,11,23/11/2023,0.28,1,ambas
SUPE,2023 - II,298,9.7,0.078,0,2023,11,28/11/2023,1,,ambas
SUPE,2023 - II,94,10,0.36,0,2023,11,30/11/2023,1,,ambas
SUPE,2023 - II,177,9.3,0.298,0,2023,12,01/12/2023,0.65,1,ambas
SUPE,2024 - I,1761,21.1,0.797,0.009,2024,4,17/04/2024,0,,ambas
SUPE,2024 - I,311,10.7,0.163,0,2024,4,19/04/2024,0,,ambas
SUPE,2024 - I,664,10,0.577,0.005,2024,4,24/04/2024,0.25,,ambas
SUPE,2024 - I,1686,30.1,0.704,0,2024,4,25/04/2024,0.37,0.25,ambas
SUPE,2024 - I,1006,17.5,0.619,0,2024,4,27/04/2024,0.59,,ambas
SUPE,2024 - I,499,11.1,0.639,0.034,2024,4,28/04/2024,1,0.59,ambas
SUPE,2024 - I,1238,12.8,0.666,0.04,2024,4,29/04/2024,0.42,1,ambas
SUPE,2024 - I,1754,29.1,0.612,0.001,2024,4,30/04/2024,1,0.42,ambas
SUPE,2024 - I,1345,14.8,0.749,0.043,2024,5,01/05/2024,0.4,1,ambas
SUPE,2024 - I,1692,12.5,0.406,0,2024,5,02/05/2024,0.37,0.4,ambas
SUPE,2024 - I,1438,16,0.703,0.029,2024,5,03/05/2024,0,0.37,ambas
SUPE,2024 - I,298,9.1,0.318,0.01,2024,5,04/05/2024,0,0,ambas
SUPE,2024 - I,1494,20.1,0.666,0.098,2024,5,05/05/2024,0.55,0,ambas
SUPE,2024 - I,470,10.6,0.223,0.001,2024,5,06/05/2024,0,0.55,ambas
SUPE,2024 - I,521,17.9,0.301,0.02,2024,5,07/05/2024,0.27,0,ambas
SUPE,2024 - I,1664,14,0.28,0.003,2024,5,08/05/2024,0.52,0.27,ambas
SUPE,2024 - I,885,12.9,0.047,0,2024,5,09/05/2024,0,0.52,ambas
SUPE,2024 - I,1986,11.3,0.029,0,2024,5,10/05/2024,0.39,0,ambas
SUPE,2024 - I,1291,15.2,0.232,0.003,2024,5,11/05/2024,0.62,0.39,ambas
SUPE,2024 - I,358,13.9,0.943,0.369,2024,5,12/05/2024,0,0.62,ambas
SUPE,2024 - I,872,9.6,0.55,0.015,2024,5,14/05/2024,0.73,,ambas
SUPE,2024 - I,926,12,0.272,0.007,2024,5,15/05/2024,0.94,0.73,ambas
SUPE,2024 - I,747,12.1,0.066,0.001,2024,5,19/05/2024,0.99,,ambas
SUPE,2024 - I,810,12.5,0.121,0,2024,5,20/05/2024,0.59,0.99,ambas
SUPE,2024 - I,1242,16.6,0.026,0,2024,5,21/05/2024,0.37,0.59,ambas
SUPE,2024 - I,863,10.4,0.221,0,2024,5,22/05/2024,0.84,0.37,ambas
SUPE,2024 - I,1637,13.5,0.305,0,2024,5,23/05/2024,0.41,0.84,ambas
SUPE,2024 - I,891,15,0.138,0.007,2024,5,24/05/2024,0.96,0.41,ambas
SUPE,2024 - I,740,11.2,0.527,0.018,2024,5,25/05/2024,0.64,0.96,ambas
SUPE,2024 - I,1094,22.1,0.571,0.135,2024,5,26/05/2024,0.18,0.64,ambas
SUPE,2024 - I,643,21.4,0.327,0.031,2024,5,27/05/2024,0,0.18,ambas
SUPE,2024 - I,879,12.2,0.147,0,2024,5,28/05/2024,0.81,0,ambas
SUPE,2024 - I,485,10.6,0.191,0,2024,5,29/05/2024,1,0.81,ambas
SUPE,2024 - I,862,11.6,0.212,0.041,2024,5,30/05/2024,0.95,1,ambas
SUPE,2024 - I,255,11.6,0.649,0.061,2024,5,31/05/2024,0.22,0.95,ambas
SUPE,2024 - I,1609,26.9,0.04,0.001,2024,6,04/06/2024,0.73,,ambas
SUPE,2024 - II,1514,13.7,0.054,0.002,2024,11,01/11/2024,1,,ambas
SUPE,2024 - II,1061,14.5,0.015,0.007,2024,11,02/11/2024,1,1,ambas
SUPE,2024 - II,1396,13.9,0.065,0.058,2024,11,03/11/2024,1,1,ambas
SUPE,2024 - II,1310,18.7,0.046,0.011,2024,11,04/11/2024,1,1,ambas
SUPE,2024 - II,1300,13.1,0.064,0,2024,11,05/11/2024,0.86,1,ambas
SUPE,2024 - II,339,23.3,0.177,0,2024,11,08/11/2024,0.98,,ambas
SUPE,2024 - II,1619,15,0.069,0.041,2024,11,10/11/2024,0.63,,ambas
SUPE,2024 - II,1400,20.5,0.251,0.008,2024,11,11/11/2024,0.71,0.63,ambas
SUPE,2024 - II,592,16.7,0.049,0,2024,11,12/11/2024,0.65,0.71,ambas
SUPE,2024 - II,1447,18.6,0.055,0.008,2024,11,13/11/2024,0.77,0.65,ambas
SUPE,2024 - II,1460,12.9,0.035,0.015,2024,11,14/11/2024,0.33,0.77,ambas
SUPE,2024 - II,1425,20.4,0.043,0,2024,11,15/11/2024,0.48,0.33,ambas
SUPE,2024 - II,496,11.5,0.34,0.002,2024,11,16/11/2024,0,0.48,ambas
SUPE,2024 - II,408,10.5,0.057,0.07,2024,11,17/11/2024,0,0,ambas
SUPE,2024 - II,897,12.6,0.283,0.172,2024,11,23/11/2024,0.66,,ambas
SUPE,2024 - II,1410,9.3,0.371,0.016,2024,11,24/11/2024,0.96,0.66,ambas
SUPE,2024 - II,554,14.2,0.096,0.028,2024,12,09/12/2024,0.32,,ambas
SUPE,2024 - II,1537,24.6,0,0.006,2024,12,13/12/2024,0.44,,ambas
SUPE,2024 - II,590,17.4,0.323,0.211,2024,12,15/12/2024,0.64,,ambas
SUPE,2024 - II,1288,16.9,0.267,0.02,2024,12,17/12/2024,1,,ambas
SUPE,2024 - II,228,13.8,0.011,0.222,2024,12,18/12/2024,1,1,ambas
SUPE,2024 - II,1901,25.3,0.081,0.009,2024,12,23/12/2024,0.89,,ambas
SUPE,2024 - II,1435,16.5,0.427,0.119,2024,12,27/12/2024,0.73,,ambas
SUPE,2024 - II,1769,14.8,0.047,0.147,2024,12,30/12/2024,0.59,,ambas
SUPE,2024 - II,449,6.8,0.051,0.094,2024,12,31/12/2024,0.11,0.59,ambas
SUPE,2024 - II,1503,13.9,0.157,0.044,2025,1,05/01/2025,1,,ambas
SUPE,2024 - II,895,16.3,0.194,0.087,2025,1,06/01/2025,0.47,1,ambas
SUPE,2024 - II,1607,12.1,0.002,0.1,2025,1,07/01/2025,0.69,0.47,ambas
SUPE,2024 - II,438,8.8,0.019,0.156,2025,1,08/01/2025,0.8,0.69,ambas
SUPE,2024 - II,904,12.4,0.057,0.073,2025,1,09/01/2025,1,0.8,ambas
SUPE,2024 - II,400,8.8,0.168,0.23,2025,1,10/01/2025,0.56,1,ambas
SUPE,2024 - II,17,9.5,0,0.45,2025,1,11/01/2025,1,0.56,ambas
SUPE,2024 - II,990,15.6,0.066,0.019,2025,1,12/01/2025,0.7,1,ambas
SUPE,2024 - II,1471,20.5,0.078,0.141,2025,1,13/01/2025,0.51,0.7,ambas
SUPE,2024 - II,33,6,0.033,0.055,2025,1,14/01/2025,0,0.51,ambas
SUPE,2024 - II,229,6.5,0.085,0.053,2025,1,15/01/2025,0,0,ambas
SUPE,2024 - II,298,6.1,0.094,0.012,2025,1,16/01/2025,0.55,0,ambas
SUPE,2024 - II,376,11,0.25,0.02,2025,1,17/01/2025,0.73,0.55,ambas
SUPE,2025 - I,1814,14.2,0.371,0.002,2025,4,22/04/2025,0.21,,ambas
SUPE,2025 - I,1022,9.2,0.429,0.004,2025,4,23/04/2025,0.31,0.21,ambas
SUPE,2025 - I,1526,13.6,0.34,0.051,2025,4,24/04/2025,0.49,0.31,ambas
SUPE,2025 - I,1397,11.5,0.429,0.019,2025,4,25/04/2025,0,0.49,ambas
SUPE,2025 - I,151,10.2,0.137,0.066,2025,4,26/04/2025,0,0,ambas
SUPE,2025 - I,1120,17.5,0.255,0.024,2025,4,27/04/2025,0.71,0,ambas
SUPE,2025 - I,844,13.8,0.489,0.053,2025,4,28/04/2025,0,0.71,ambas
SUPE,2025 - I,1633,9.2,0.319,0.007,2025,4,29/04/2025,0.12,0,ambas
SUPE,2025 - I,1690,12,0.523,0,2025,4,30/04/2025,0.35,0.12,ambas
SUPE,2025 - I,1424,13.1,0.619,0.018,2025,5,01/05/2025,0,0.35,ambas
SUPE,2025 - I,1697,13.8,0.147,0.058,2025,5,02/05/2025,0.23,0,ambas
SUPE,2025 - I,730,17.9,0.594,0.145,2025,5,03/05/2025,0,0.23,ambas
SUPE,2025 - I,1595,19.9,0.46,0.098,2025,5,04/05/2025,0,0,ambas
SUPE,2025 - I,1281,12.2,0.197,0,2025,5,05/05/2025,0.09,0,ambas
SUPE,2025 - I,1615,23.4,0.276,0.07,2025,5,06/05/2025,0.43,0.09,ambas
SUPE,2025 - I,1040,17.1,0.21,0,2025,5,07/05/2025,0.32,0.43,ambas
SUPE,2025 - I,1198,16.4,0.304,0.056,2025,5,09/05/2025,0.29,,ambas
SUPE,2025 - I,1753,17.5,0.242,0.034,2025,5,10/05/2025,0.33,0.29,ambas
SUPE,2025 - I,1215,12.4,0.067,0.014,2025,5,11/05/2025,0.62,0.33,ambas
SUPE,2025 - I,1217,12.1,0.153,0.074,2025,5,12/05/2025,0.48,0.62,ambas
SUPE,2025 - I,1498,14.7,0.15,0,2025,5,13/05/2025,0.37,0.48,ambas
SUPE,2025 - I,1797,14.1,0.28,0.012,2025,5,14/05/2025,0.38,0.37,ambas
SUPE,2025 - I,1401,15.7,0.381,0.001,2025,5,15/05/2025,0.01,0.38,ambas
SUPE,2025 - I,1034,11.1,0.347,0,2025,5,16/05/2025,0.7,0.01,ambas
SUPE,2025 - I,1343,14.3,0.368,0.002,2025,5,17/05/2025,0.47,0.7,ambas
SUPE,2025 - I,1489,11.8,0.173,0.003,2025,5,18/05/2025,0.47,0.47,ambas
SUPE,2025 - I,1738,18.5,0.232,0.007,2025,5,19/05/2025,0.27,0.47,ambas
SUPE,2025 - I,1412,15.5,0.241,0.006,2025,5,20/05/2025,0,0.27,ambas
SUPE,2025 - I,593,15.2,0.254,0,2025,5,21/05/2025,0.16,0,ambas
SUPE,2025 - I,727,21,0.332,0,2025,5,22/05/2025,0.93,0.16,ambas
SUPE,2025 - I,1045,18,0.67,0,2025,5,23/05/2025,0.15,0.93,ambas
SUPE,2025 - I,506,12.9,0.319,0,2025,5,27/05/2025,0,,ambas
SUPE,2025 - I,81,25.7,0.47,0.05,2025,5,28/05/2025,0,0,ambas
SUPE,2025 - I,873,12.6,0.44,0.043,2025,6,03/06/2025,0,,ambas
SUPE,2025 - I,187,6.6,0.062,0.008,2025,6,04/06/2025,0,0,ambas
SUPE,2025 - I,1506,22.4,0.212,0,2025,6,05/06/2025,0.13,0,ambas
SUPE,2025 - I,277,6.7,0.242,0.063,2025,6,09/06/2025,0,,ambas
SUPE,2025 - I,380,10.2,0.505,0.199,2025,6,10/06/2025,0,0,ambas
SUPE,2025 - I,12,7.9,0.016,0,2025,6,16/06/2025,0,,ambas
SUPE,2025 - I,310,11.7,0.22,0.082,2025,6,17/06/2025,0.92,0,ambas
SUPE,2025 - I,172,6.8,0.253,0.179,2025,6,18/06/2025,0.89,0.92,ambas
SUPE,2025 - I,447,10.7,0.132,0.06,2025,6,19/06/2025,0.69,0.89,ambas
SUPE,2025 - I,349,9.4,0.532,0.064,2025,7,10/07/2025,0,,ambas
SUPE,2025 - II,204,17.8,0.747,0,2025,11,14/11/2025,1,,ambas
SUPE,2026 - I,710,10.4,0.361,0,2026,4,10/04/2026,1,,ambas
SUPE,2026 - I,477,12.3,0.497,0.023,2026,4,11/04/2026,1,1,ambas
SUPE,2026 - I,942,9.6,0.38,0,2026,4,12/04/2026,0.29,1,ambas
SUPE,2026 - I,177,7.4,0.53,0,2026,4,13/04/2026,0,0.29,ambas
SUPE,2026 - I,892,19.1,0.498,0.069,2026,4,21/04/2026,0.02,,ambas
SUPE,2026 - I,1682,17.6,0.528,0,2026,4,22/04/2026,0.37,0.02,ambas
SUPE,2026 - I,1471,16.1,0.685,0.027,2026,4,23/04/2026,0.08,0.37,ambas
SUPE,2026 - I,694,26.1,0.625,0.006,2026,4,24/04/2026,0,0.08,ambas
VEGUETA,2020 - II,446,9.2,0.013,0.001,2020,11,12/11/2020,,,solo calidadmp
VEGUETA,2020 - II,1322,10.7,0.007,0.001,2020,11,13/11/2020,,,solo calidadmp
VEGUETA,2020 - II,2498,16.3,0.093,0,2020,11,14/11/2020,,,solo calidadmp
VEGUETA,2020 - II,591,10,0.015,0,2020,11,15/11/2020,,,solo calidadmp
VEGUETA,2020 - II,2457,22,0.194,0.006,2020,11,16/11/2020,,,solo calidadmp
VEGUETA,2020 - II,1591,16.2,0.161,0.034,2020,11,17/11/2020,,,solo calidadmp
VEGUETA,2020 - II,2462,12.9,0.268,0.043,2020,11,18/11/2020,,,solo calidadmp
VEGUETA,2020 - II,1478,17.4,0.212,0.023,2020,11,19/11/2020,,,solo calidadmp
VEGUETA,2020 - II,767,14.1,0.016,0.026,2020,11,20/11/2020,,,solo calidadmp
VEGUETA,2020 - II,613,10.6,0.014,0,2020,11,21/11/2020,,,solo calidadmp
VEGUETA,2020 - II,1999,18,0.001,0,2020,11,22/11/2020,,,solo calidadmp
VEGUETA,2020 - II,1299,10.5,0,0.001,2020,11,23/11/2020,,,solo calidadmp
VEGUETA,2020 - II,1288,12.5,0.024,0.005,2020,11,24/11/2020,,,solo calidadmp
VEGUETA,2020 - II,1519,12.1,0,0,2020,11,25/11/2020,,,solo calidadmp
VEGUETA,2020 - II,2275,15.6,0,0,2020,11,26/11/2020,,,solo calidadmp
VEGUETA,2020 - II,1212,14,0.068,0.043,2020,11,27/11/2020,,,solo calidadmp
VEGUETA,2020 - II,1956,30.7,0.04,0,2020,11,30/11/2020,,,solo calidadmp
VEGUETA,2020 - II,1414,31.1,0.011,0,2020,12,02/12/2020,,,solo calidadmp
VEGUETA,2020 - II,491,11.1,0.285,0,2020,12,03/12/2020,,,solo calidadmp
VEGUETA,2020 - II,1130,31.6,0.037,0,2020,12,04/12/2020,,,solo calidadmp
VEGUETA,2020 - II,1962,15.4,0.024,0.007,2020,12,06/12/2020,,,solo calidadmp
VEGUETA,2020 - II,1636,14.3,0.144,0.008,2020,12,07/12/2020,,,solo calidadmp
VEGUETA,2020 - II,1606,11.4,0.147,0.074,2020,12,08/12/2020,,,solo calidadmp
VEGUETA,2020 - II,752,10.9,0.066,0.006,2020,12,09/12/2020,,,solo calidadmp
VEGUETA,2020 - II,964,16.6,0.006,0.008,2020,12,12/12/2020,,,solo calidadmp
VEGUETA,2020 - II,1855,17.1,0,0,2020,12,13/12/2020,,,solo calidadmp
VEGUETA,2020 - II,1278,13.6,0.006,0.069,2020,12,14/12/2020,,,solo calidadmp
VEGUETA,2020 - II,1221,9.4,0.035,0.107,2020,12,15/12/2020,,,solo calidadmp
VEGUETA,2020 - II,1382,12.5,0,0.03,2020,12,16/12/2020,,,solo calidadmp
VEGUETA,2020 - II,2333,30.4,0.002,0.009,2020,12,17/12/2020,,,solo calidadmp
VEGUETA,2020 - II,2426,11.6,0.133,0.066,2020,12,19/12/2020,,,solo calidadmp
VEGUETA,2020 - II,197,6.9,0.045,0.112,2020,12,20/12/2020,,,solo calidadmp
VEGUETA,2020 - II,718,27.5,0,0.025,2020,12,21/12/2020,,,solo calidadmp
VEGUETA,2020 - II,966,28.3,0,0.036,2020,12,22/12/2020,,,solo calidadmp
VEGUETA,2020 - II,688,39.8,0,0.035,2020,12,23/12/2020,,,solo calidadmp
VEGUETA,2020 - II,558,27.9,0,0.004,2020,12,26/12/2020,,,solo calidadmp
VEGUETA,2020 - II,1520,24.7,0.008,0,2020,12,27/12/2020,,,solo calidadmp
VEGUETA,2020 - II,1042,36.2,0,0.003,2020,12,28/12/2020,,,solo calidadmp
VEGUETA,2020 - II,1408,41.2,0,0.037,2020,12,31/12/2020,,,solo calidadmp
VEGUETA,2020 - II,1129,7.7,0.286,0.008,2021,1,06/01/2021,,,solo calidadmp
VEGUETA,2020 - II,816,10.9,0.062,0.029,2021,1,09/01/2021,,,solo calidadmp
VEGUETA,2020 - II,994,13.2,0.185,0.016,2021,1,10/01/2021,,,solo calidadmp
VEGUETA,2020 - II,1450,10.6,0.07,0.015,2021,1,11/01/2021,,,solo calidadmp
VEGUETA,2020 - II,2278,13.6,0.212,0.048,2021,1,12/01/2021,,,solo calidadmp
VEGUETA,2020 - II,1490,13.1,0.245,0.029,2021,1,13/01/2021,,,solo calidadmp
VEGUETA,2020 - II,454,9.5,0.493,0.092,2021,1,15/01/2021,,,solo calidadmp
VEGUETA,2020 - II,896,13.3,0.266,0.012,2021,1,16/01/2021,,,solo calidadmp
VEGUETA,2020 - II,664,8.3,0.672,0.004,2021,1,18/01/2021,,,solo calidadmp
VEGUETA,2020 - II,1578,7.2,0.22,0.019,2021,1,19/01/2021,,,solo calidadmp
VEGUETA,2020 - II,698,8.4,0.314,0.043,2021,1,21/01/2021,,,solo calidadmp
VEGUETA,2021 - I,1741,11.9,0.29,0.008,2021,4,30/04/2021,0.57,,ambas
VEGUETA,2021 - I,2643,14.5,0.159,0.03,2021,5,01/05/2021,0.71,0.57,ambas
VEGUETA,2021 - I,2973,13.5,0.077,0.003,2021,5,02/05/2021,0.64,0.71,ambas
VEGUETA,2021 - I,1188,10.6,0.258,0.009,2021,5,03/05/2021,0.82,0.64,ambas
VEGUETA,2021 - I,2656,12.9,0.152,0,2021,5,04/05/2021,0.55,0.82,ambas
VEGUETA,2021 - I,2533,14.2,0.178,0,2021,5,05/05/2021,0.53,0.55,ambas
VEGUETA,2021 - I,2586,13.8,0.129,0.006,2021,5,06/05/2021,0.74,0.53,ambas
VEGUETA,2021 - I,2693,14,0.114,0,2021,5,07/05/2021,0.63,0.74,ambas
VEGUETA,2021 - I,2048,13.8,0.366,0.001,2021,5,08/05/2021,0.54,0.63,ambas
VEGUETA,2021 - I,2410,15.6,0.335,0,2021,5,09/05/2021,0.36,0.54,ambas
VEGUETA,2021 - I,336,10.4,0.598,0,2021,5,10/05/2021,0.34,0.36,ambas
VEGUETA,2021 - I,524,13.2,0.181,0.001,2021,5,11/05/2021,0.68,0.34,ambas
VEGUETA,2021 - I,1817,13.3,0.309,0.014,2021,5,12/05/2021,0.66,0.68,ambas
VEGUETA,2021 - I,915,10.2,0.591,0,2021,5,13/05/2021,0.86,0.66,ambas
VEGUETA,2021 - I,711,10.1,0.227,0,2021,5,14/05/2021,0.69,0.86,ambas
VEGUETA,2021 - I,3261,25.2,0.07,0.007,2021,5,15/05/2021,0.92,0.69,ambas
VEGUETA,2021 - I,1832,11.1,0.366,0,2021,5,16/05/2021,0.78,0.92,ambas
VEGUETA,2021 - I,973,11.5,0.431,0.011,2021,5,18/05/2021,0.57,,ambas
VEGUETA,2021 - I,1275,9.8,0.508,0,2021,5,22/05/2021,1,,ambas
VEGUETA,2021 - I,4275,30,0.023,0,2021,5,23/05/2021,0.9,1,ambas
VEGUETA,2021 - I,794,16.7,0.084,0,2021,5,24/05/2021,0.66,0.9,ambas
VEGUETA,2021 - I,102,14.6,0.413,0,2021,5,28/05/2021,0.99,,ambas
VEGUETA,2021 - I,1218,8.5,0.041,0,2021,5,29/05/2021,1,0.99,ambas
VEGUETA,2021 - I,3055,17.3,0.17,0,2021,5,30/05/2021,0.83,1,ambas
VEGUETA,2021 - I,1960,19,0.279,0,2021,6,03/06/2021,0.39,,ambas
VEGUETA,2021 - I,726,10.6,0.223,0,2021,6,04/06/2021,0.6,0.39,ambas
VEGUETA,2021 - I,920,13.3,0.15,0,2021,6,05/06/2021,1,0.6,ambas
VEGUETA,2021 - I,538,14.3,0.174,0,2021,6,06/06/2021,0.68,1,ambas
VEGUETA,2021 - I,112,13.6,0.302,0,2021,6,07/06/2021,1,0.68,ambas
VEGUETA,2021 - I,399,12.7,0.125,0,2021,6,09/06/2021,1,,ambas
VEGUETA,2021 - I,420,7,0.325,0,2021,6,10/06/2021,1,1,ambas
VEGUETA,2021 - I,284,7.2,0.248,0,2021,6,16/06/2021,1,,ambas
VEGUETA,2021 - I,2356,11.7,0.218,0.004,2021,6,17/06/2021,0.91,1,ambas
VEGUETA,2021 - I,2705,15.9,0.274,0.017,2021,6,18/06/2021,0.31,0.91,ambas
VEGUETA,2021 - I,32,8,0.786,0.078,2021,6,19/06/2021,,,solo calidadmp
VEGUETA,2021 - I,1212,8.5,0.316,0,2021,6,23/06/2021,0.45,,ambas
VEGUETA,2021 - I,283,19.6,0,0.002,2021,7,03/07/2021,0.35,,ambas
VEGUETA,2021 - I,1659,36.7,0,0,2021,7,05/07/2021,0.87,,ambas
VEGUETA,2021 - II,1279,16.4,0.03,0.103,2021,11,15/11/2021,0,,ambas
VEGUETA,2021 - II,2605,14.6,0.248,0.03,2021,11,17/11/2021,0.76,,ambas
VEGUETA,2021 - II,1983,16.7,0.093,0.017,2021,11,18/11/2021,1,0.76,ambas
VEGUETA,2021 - II,2914,19.6,0.054,0.004,2021,11,19/11/2021,0.51,1,ambas
VEGUETA,2021 - II,2532,16.5,0.051,0,2021,11,20/11/2021,0.71,0.51,ambas
VEGUETA,2021 - II,2723,14.9,0.034,0,2021,11,21/11/2021,0.97,0.71,ambas
VEGUETA,2021 - II,1178,18.4,0.109,0.005,2021,11,22/11/2021,0.83,0.97,ambas
VEGUETA,2021 - II,2759,14.4,0.064,0.001,2021,11,23/11/2021,0.38,0.83,ambas
VEGUETA,2021 - II,1741,12.9,0.157,0.015,2021,11,24/11/2021,0.78,0.38,ambas
VEGUETA,2021 - II,2026,16.1,0.005,0,2021,11,25/11/2021,0.84,0.78,ambas
VEGUETA,2021 - II,2817,20,0.032,0,2021,11,26/11/2021,0.2,0.84,ambas
VEGUETA,2021 - II,1758,15.4,0.058,0,2021,11,27/11/2021,0.6,0.2,ambas
VEGUETA,2021 - II,3002,13.8,0.022,0.011,2021,11,28/11/2021,0.52,0.6,ambas
VEGUETA,2021 - II,2881,16.2,0.066,0.018,2021,11,29/11/2021,0.42,0.52,ambas
VEGUETA,2021 - II,771,15.6,0.063,0.003,2021,11,30/11/2021,0,0.42,ambas
VEGUETA,2021 - II,2722,15.4,0.016,0.001,2021,12,01/12/2021,0.23,0,ambas
VEGUETA,2021 - II,2046,21.6,0.007,0,2021,12,02/12/2021,0.28,0.23,ambas
VEGUETA,2021 - II,640,17.8,0.024,0,2021,12,03/12/2021,0.22,0.28,ambas
VEGUETA,2021 - II,2422,12.3,0.074,0,2021,12,04/12/2021,0.79,0.22,ambas
VEGUETA,2021 - II,653,15.9,0.058,0.002,2021,12,05/12/2021,1,0.79,ambas
VEGUETA,2021 - II,3056,17.1,0.017,0.006,2021,12,06/12/2021,0.7,1,ambas
VEGUETA,2021 - II,2328,12.7,0.09,0.008,2021,12,07/12/2021,0.84,0.7,ambas
VEGUETA,2021 - II,2752,17.2,0.271,0.059,2021,12,08/12/2021,0.91,0.84,ambas
VEGUETA,2021 - II,577,10.4,0.038,0.064,2021,12,09/12/2021,1,0.91,ambas
VEGUETA,2021 - II,1630,12.9,0.026,0.045,2021,12,10/12/2021,0.8,1,ambas
VEGUETA,2021 - II,1358,10.6,0.051,0.042,2021,12,11/12/2021,1,0.8,ambas
VEGUETA,2021 - II,1013,9.2,0.061,0.009,2021,12,12/12/2021,1,1,ambas
VEGUETA,2021 - II,1568,11.5,0.084,0.038,2021,12,13/12/2021,1,1,ambas
VEGUETA,2021 - II,1081,8.6,0.067,0.025,2021,12,14/12/2021,0.82,1,ambas
VEGUETA,2021 - II,1902,12.9,0.046,0.034,2021,12,15/12/2021,0.83,0.82,ambas
VEGUETA,2021 - II,2358,11.9,0.311,0.023,2021,12,16/12/2021,0.33,0.83,ambas
VEGUETA,2021 - II,1070,8.4,0.382,0.011,2021,12,17/12/2021,0.72,0.33,ambas
VEGUETA,2021 - II,1202,9.7,0.164,0,2021,12,18/12/2021,0.53,0.72,ambas
VEGUETA,2021 - II,1139,10.7,0.269,0,2021,12,19/12/2021,0.71,0.53,ambas
VEGUETA,2021 - II,198,6,0.001,0,2021,12,20/12/2021,0.72,0.71,ambas
VEGUETA,2022 - I,1707,8.2,0.689,0.022,2022,5,04/05/2022,0.06,,ambas
VEGUETA,2022 - I,2953,15.8,0.678,0.022,2022,5,05/05/2022,0.18,0.06,ambas
VEGUETA,2022 - I,2091,23.7,0.552,0.017,2022,5,06/05/2022,0,0.18,ambas
VEGUETA,2022 - I,586,12.9,0.445,0.001,2022,5,07/05/2022,0,0,ambas
VEGUETA,2022 - I,1392,18.1,0.241,0,2022,5,08/05/2022,0.24,0,ambas
VEGUETA,2022 - I,595,27,0.128,0,2022,5,10/05/2022,0.91,,ambas
VEGUETA,2022 - I,2044,27.5,0.045,0.008,2022,5,11/05/2022,0.52,0.91,ambas
VEGUETA,2022 - I,2891,14.2,0.62,0.014,2022,5,12/05/2022,0,0.52,ambas
VEGUETA,2022 - I,3363,19.7,0.687,0.043,2022,5,13/05/2022,0.12,0,ambas
VEGUETA,2022 - I,2172,26.8,0.636,0.011,2022,5,14/05/2022,0,0.12,ambas
VEGUETA,2022 - I,2818,28.1,0.061,0,2022,5,16/05/2022,0.46,,ambas
VEGUETA,2022 - I,1924,14.6,0.162,0,2022,5,18/05/2022,0.21,,ambas
VEGUETA,2022 - I,2398,17.4,0.078,0,2022,5,19/05/2022,0.17,0.21,ambas
VEGUETA,2022 - I,1707,22.3,0.241,0,2022,5,21/05/2022,0.08,,ambas
VEGUETA,2022 - I,3186,19.7,0.093,0,2022,5,22/05/2022,0.2,0.08,ambas
VEGUETA,2022 - I,889,18,0.064,0,2022,5,23/05/2022,0,0.2,ambas
VEGUETA,2022 - I,425,8.7,0.062,0,2022,5,24/05/2022,0.87,0,ambas
VEGUETA,2022 - I,1490,30.5,0.075,0.04,2022,5,26/05/2022,0.5,,ambas
VEGUETA,2022 - I,2768,27.4,0.192,0.001,2022,5,28/05/2022,0.6,,ambas
VEGUETA,2022 - I,938,11.6,0.492,0.019,2022,5,29/05/2022,0.63,0.6,ambas
VEGUETA,2022 - I,2052,23.4,0.318,0,2022,5,30/05/2022,0.94,0.63,ambas
VEGUETA,2022 - I,1743,16.9,0.236,0,2022,5,31/05/2022,0.58,0.94,ambas
VEGUETA,2022 - I,1703,21.8,0.106,0.007,2022,6,01/06/2022,0.69,0.58,ambas
VEGUETA,2022 - I,1627,26,0.232,0,2022,6,02/06/2022,0.67,0.69,ambas
VEGUETA,2022 - I,1934,24,0.359,0.016,2022,6,03/06/2022,0.65,0.67,ambas
VEGUETA,2022 - I,723,13.3,0.194,0,2022,6,10/06/2022,1,,ambas
VEGUETA,2022 - I,2769,20.2,0.199,0.052,2022,6,11/06/2022,0.85,1,ambas
VEGUETA,2022 - I,2097,15.9,0.248,0.074,2022,6,12/06/2022,0.78,0.85,ambas
VEGUETA,2022 - I,1935,21.3,0.451,0.072,2022,6,13/06/2022,0.87,0.78,ambas
VEGUETA,2022 - I,712,13.5,0.024,0.022,2022,6,15/06/2022,0.93,,ambas
VEGUETA,2022 - I,1928,10.8,0.077,0.003,2022,6,16/06/2022,0.47,0.93,ambas
VEGUETA,2022 - I,2050,29.9,0.271,0.043,2022,6,18/06/2022,0.73,,ambas
VEGUETA,2022 - I,1579,22.4,0.587,0.026,2022,6,19/06/2022,0.15,0.73,ambas
VEGUETA,2022 - I,2094,12.9,0.402,0,2022,6,20/06/2022,0.74,0.15,ambas
VEGUETA,2022 - I,2933,15.6,0.207,0,2022,6,21/06/2022,0.37,0.74,ambas
VEGUETA,2022 - I,1996,16.6,0.171,0,2022,6,22/06/2022,0.76,0.37,ambas
VEGUETA,2022 - I,922,9.4,0.13,0,2022,7,02/07/2022,0.6,,ambas
VEGUETA,2022 - I,2413,20.7,0.106,0.02,2022,7,03/07/2022,0.94,0.6,ambas
VEGUETA,2022 - I,1256,9.7,0.625,0.087,2022,7,05/07/2022,0.77,,ambas
VEGUETA,2022 - I,1802,9.7,0.489,0.026,2022,7,06/07/2022,0.93,0.77,ambas
VEGUETA,2022 - I,984,10.3,0.549,0.038,2022,7,07/07/2022,0.43,0.93,ambas
VEGUETA,2022 - I,472,12.8,0.388,0.053,2022,7,11/07/2022,0.25,,ambas
VEGUETA,2022 - I,765,20.4,0.514,0.044,2022,7,12/07/2022,0,0.25,ambas
VEGUETA,2022 - I,997,12.1,0.511,0.044,2022,7,13/07/2022,0.19,0,ambas
VEGUETA,2022 - I,1436,15,0.389,0,2022,7,14/07/2022,0.68,0.19,ambas
VEGUETA,2022 - I,932,9.6,0.794,0.033,2022,7,23/07/2022,0.24,,ambas
VEGUETA,2022 - II,2083,13.7,0.311,0,2022,11,23/11/2022,1,,ambas
VEGUETA,2022 - II,1123,17.8,0.23,0.007,2022,11,24/11/2022,1,1,ambas
VEGUETA,2022 - II,260,3.7,0.481,0.004,2022,11,27/11/2022,0.43,,ambas
VEGUETA,2022 - II,2916,20.6,0.369,0.009,2022,11,28/11/2022,0.85,0.43,ambas
VEGUETA,2022 - II,1322,14.4,0.033,0.003,2022,11,30/11/2022,0.98,,ambas
VEGUETA,2022 - II,616,12.3,0.122,0.023,2022,12,01/12/2022,0.88,0.98,ambas
VEGUETA,2022 - II,810,12.8,0.13,0.032,2022,12,02/12/2022,0.73,0.88,ambas
VEGUETA,2022 - II,1430,9.3,0.596,0.117,2022,12,04/12/2022,0.48,,ambas
VEGUETA,2022 - II,850,24.7,0.045,0,2022,12,07/12/2022,0.38,,ambas
VEGUETA,2022 - II,49,4,0.106,0.02,2022,12,08/12/2022,0,0.38,ambas
VEGUETA,2022 - II,1122,12.3,0.58,0.009,2022,12,09/12/2022,0.42,0,ambas
VEGUETA,2022 - II,869,7.2,0.406,0.009,2022,12,10/12/2022,1,0.42,ambas
VEGUETA,2022 - II,426,6.1,0.6,0.043,2022,12,11/12/2022,0.88,1,ambas
VEGUETA,2022 - II,739,27.1,0.554,0.005,2022,12,12/12/2022,0.5,0.88,ambas
VEGUETA,2022 - II,1098,11.6,0.108,0.008,2022,12,13/12/2022,1,0.5,ambas
VEGUETA,2022 - II,2605,14.4,0.032,0,2022,12,14/12/2022,0.42,1,ambas
VEGUETA,2022 - II,1078,14.2,0.043,0,2022,12,15/12/2022,0.21,0.42,ambas
VEGUETA,2022 - II,1178,17.6,0.027,0.002,2022,12,16/12/2022,0,0.21,ambas
VEGUETA,2022 - II,2826,21,0.003,0,2022,12,18/12/2022,0.27,,ambas
VEGUETA,2022 - II,1860,25.2,0.004,0,2022,12,19/12/2022,0,0.27,ambas
VEGUETA,2022 - II,349,11.1,0.358,0.001,2022,12,20/12/2022,0.39,0,ambas
VEGUETA,2022 - II,2517,11.1,0.534,0.026,2022,12,21/12/2022,0.4,0.39,ambas
VEGUETA,2022 - II,1156,14.5,0.023,0.011,2022,12,29/12/2022,0.83,,ambas
VEGUETA,2022 - II,440,10.1,0,0.003,2022,12,30/12/2022,0.73,0.83,ambas
VEGUETA,2022 - II,1371,6.2,0.325,0.016,2023,1,03/01/2023,0.95,,ambas
VEGUETA,2022 - II,253,9.2,0.717,0.079,2023,1,04/01/2023,0,0.95,ambas
VEGUETA,2022 - II,440,9.8,0.108,0.048,2023,1,07/01/2023,0.59,,ambas
VEGUETA,2022 - II,89,5.9,0.675,0.01,2023,1,10/01/2023,0,,ambas
VEGUETA,2022 - II,683,13,0.47,0.092,2023,1,14/01/2023,0.56,,ambas
VEGUETA,2023 - I,1058,24,0.83,0.005,2023,8,07/08/2023,0.4,,ambas
VEGUETA,2023 - I,676,38.7,0.66,0,2023,8,08/08/2023,0.35,0.4,ambas
VEGUETA,2023 - I,282,7.4,0.839,0.008,2023,8,09/08/2023,0,0.35,ambas
VEGUETA,2023 - I,272,8.6,0.748,0.019,2023,8,10/08/2023,0.16,0,ambas
VEGUETA,2023 - II,2723,12.2,0.653,0,2023,10,21/10/2023,0.32,,ambas
VEGUETA,2023 - II,2032,12.9,0.405,0,2023,10,22/10/2023,0,0.32,ambas
VEGUETA,2023 - II,903,10.9,0.729,0,2023,10,23/10/2023,0.16,0,ambas
VEGUETA,2023 - II,858,12.1,0.756,0,2023,10,24/10/2023,0.72,0.16,ambas
VEGUETA,2023 - II,839,12,0.585,0,2023,10,25/10/2023,0.59,0.72,ambas
VEGUETA,2023 - II,1281,12.9,0.482,0,2023,10,26/10/2023,0.55,0.59,ambas
VEGUETA,2023 - II,965,13.4,0,0,2023,10,27/10/2023,0,0.55,ambas
VEGUETA,2023 - II,872,36.3,0.234,0,2023,10,28/10/2023,0.8,0,ambas
VEGUETA,2023 - II,2426,12.3,0.57,0,2023,10,31/10/2023,0.55,,ambas
VEGUETA,2023 - II,2538,20.3,0.719,0,2023,11,01/11/2023,0.05,0.55,ambas
VEGUETA,2023 - II,988,14.2,0.323,0,2023,11,02/11/2023,0.08,0.05,ambas
VEGUETA,2023 - II,1552,15.4,0.249,0,2023,11,03/11/2023,0,0.08,ambas
VEGUETA,2023 - II,1758,12.8,0.417,0,2023,11,04/11/2023,0,0,ambas
VEGUETA,2023 - II,2640,17.3,0.675,0.062,2023,11,05/11/2023,0.15,0,ambas
VEGUETA,2023 - II,1956,15.6,0.443,0,2023,11,06/11/2023,0.14,0.15,ambas
VEGUETA,2023 - II,1345,15.7,0.506,0,2023,11,07/11/2023,0.17,0.14,ambas
VEGUETA,2023 - II,2307,16.7,0.32,0,2023,11,08/11/2023,0.12,0.17,ambas
VEGUETA,2023 - II,1242,15.3,0.182,0,2023,11,09/11/2023,0,0.12,ambas
VEGUETA,2023 - II,1635,11.3,0.612,0.003,2023,11,10/11/2023,0.11,0,ambas
VEGUETA,2023 - II,2015,13.9,0.362,0,2023,11,12/11/2023,0.41,,ambas
VEGUETA,2023 - II,2242,18.5,0.356,0,2023,11,13/11/2023,0.05,0.41,ambas
VEGUETA,2023 - II,945,10.4,0.26,0,2023,11,19/11/2023,1,,ambas
VEGUETA,2023 - II,400,12,0.415,0,2023,11,20/11/2023,1,1,ambas
VEGUETA,2023 - II,2109,21.4,0.31,0,2023,11,21/11/2023,0.64,1,ambas
VEGUETA,2023 - II,1514,14.6,0.284,0,2023,11,22/11/2023,0.55,0.64,ambas
VEGUETA,2023 - II,973,16.9,0.21,0,2023,11,23/11/2023,0.85,0.55,ambas
VEGUETA,2023 - II,1159,11,0.361,0,2023,11,26/11/2023,0.8,,ambas
VEGUETA,2023 - II,405,19.2,0.328,0,2023,12,03/12/2023,1,,ambas
VEGUETA,2023 - II,416,10.3,0.168,0,2023,12,07/12/2023,1,,ambas
VEGUETA,2023 - II,705,9,0.023,0,2023,12,08/12/2023,0.97,1,ambas
VEGUETA,2023 - II,377,6.6,0.003,0,2023,12,09/12/2023,1,0.97,ambas
VEGUETA,2023 - II,227,11.8,0.097,0,2023,12,10/12/2023,1,1,ambas
VEGUETA,2023 - II,156,6.7,0.016,0.002,2023,12,11/12/2023,0.92,1,ambas
VEGUETA,2024 - I,249,9.7,0.253,0.011,2024,4,16/04/2024,0.48,,ambas
VEGUETA,2024 - I,2187,21.2,0.496,0.019,2024,4,17/04/2024,0.11,0.48,ambas
VEGUETA,2024 - I,1678,14.4,0.524,0.001,2024,4,18/04/2024,0.12,0.11,ambas
VEGUETA,2024 - I,2416,17,0.42,0,2024,4,19/04/2024,0.35,0.12,ambas
VEGUETA,2024 - I,1991,12.3,0.443,0.01,2024,4,20/04/2024,0,0.35,ambas
VEGUETA,2024 - I,2043,19.1,0.849,0,2024,4,21/04/2024,0.06,0,ambas
VEGUETA,2024 - I,2243,23.4,0.844,0.001,2024,4,22/04/2024,0.1,0.06,ambas
VEGUETA,2024 - I,627,12.2,0.554,0.029,2024,4,24/04/2024,,,solo calidadmp
VEGUETA,2024 - I,2037,11.3,0.259,0,2024,4,25/04/2024,0.82,,ambas
VEGUETA,2024 - I,2332,23.8,0.614,0.042,2024,4,26/04/2024,0.42,0.82,ambas
VEGUETA,2024 - I,1438,9,0.235,0,2024,4,27/04/2024,0.33,0.42,ambas
VEGUETA,2024 - I,1386,10.8,0.587,0.044,2024,4,28/04/2024,0.95,0.33,ambas
VEGUETA,2024 - I,2058,11.3,0.468,0.017,2024,4,29/04/2024,0.74,0.95,ambas
VEGUETA,2024 - I,2302,13.8,0.384,0.006,2024,4,30/04/2024,0.54,0.74,ambas
VEGUETA,2024 - I,2483,15.2,0.659,0.035,2024,5,01/05/2024,0.17,0.54,ambas
VEGUETA,2024 - I,2446,11.9,0.31,0.001,2024,5,02/05/2024,0.5,0.17,ambas
VEGUETA,2024 - I,2571,14.3,0.764,0.032,2024,5,03/05/2024,0,0.5,ambas
VEGUETA,2024 - I,625,8,0.639,0.011,2024,5,04/05/2024,0,0,ambas
VEGUETA,2024 - I,2259,16.7,0.466,0.068,2024,5,05/05/2024,0.07,0,ambas
VEGUETA,2024 - I,700,9.8,0.217,0.005,2024,5,06/05/2024,0,0.07,ambas
VEGUETA,2024 - I,1351,14.7,0.32,0.009,2024,5,07/05/2024,0.47,0,ambas
VEGUETA,2024 - I,1999,17.4,0.307,0.007,2024,5,08/05/2024,0.17,0.47,ambas
VEGUETA,2024 - I,1574,13.4,0.105,0,2024,5,09/05/2024,0.19,0.17,ambas
VEGUETA,2024 - I,2363,12.6,0.03,0,2024,5,10/05/2024,0.25,0.19,ambas
VEGUETA,2024 - I,233,6.4,0.078,0,2024,5,11/05/2024,0,0.25,ambas
VEGUETA,2024 - I,1987,13.2,0.723,0.066,2024,5,12/05/2024,0.3,0,ambas
VEGUETA,2024 - I,1483,13.4,0.442,0.033,2024,5,13/05/2024,0.64,0.3,ambas
VEGUETA,2024 - I,1517,11.2,0.526,0.05,2024,5,14/05/2024,0.42,0.64,ambas
VEGUETA,2024 - I,1173,10.3,0.148,0.024,2024,5,15/05/2024,0.78,0.42,ambas
VEGUETA,2024 - I,788,12.1,0.283,0,2024,5,16/05/2024,0.57,0.78,ambas
VEGUETA,2024 - I,486,8.1,0.221,0.002,2024,5,17/05/2024,0.59,0.57,ambas
VEGUETA,2024 - I,827,8,0.17,0.002,2024,5,18/05/2024,1,0.59,ambas
VEGUETA,2024 - I,1179,12.4,0.04,0,2024,5,19/05/2024,0.94,1,ambas
VEGUETA,2024 - I,491,10.1,0.028,0,2024,5,20/05/2024,1,0.94,ambas
VEGUETA,2024 - I,1399,13.7,0.047,0.001,2024,5,21/05/2024,0.91,1,ambas
VEGUETA,2024 - I,1129,12.4,0.237,0.015,2024,5,22/05/2024,0.9,0.91,ambas
VEGUETA,2024 - I,2265,13.1,0.244,0.004,2024,5,23/05/2024,0.71,0.9,ambas
VEGUETA,2024 - I,971,11.4,0.104,0.001,2024,5,24/05/2024,0.84,0.71,ambas
VEGUETA,2024 - I,1814,8.9,0.2,0.02,2024,5,25/05/2024,0.79,0.84,ambas
VEGUETA,2024 - I,1038,12,0.523,0.215,2024,5,26/05/2024,0.11,0.79,ambas
VEGUETA,2024 - I,738,10.7,0.642,0.18,2024,5,27/05/2024,0.34,0.11,ambas
VEGUETA,2024 - I,747,13.1,0.146,0,2024,5,28/05/2024,0.93,0.34,ambas
VEGUETA,2024 - II,1923,12.7,0.001,0.004,2024,11,01/11/2024,0.58,,ambas
VEGUETA,2024 - II,1808,12.9,0.012,0.007,2024,11,02/11/2024,0.63,0.58,ambas
VEGUETA,2024 - II,1849,12.6,0.013,0.044,2024,11,03/11/2024,0.81,0.63,ambas
VEGUETA,2024 - II,1632,15.7,0.015,0.013,2024,11,04/11/2024,0.56,0.81,ambas
VEGUETA,2024 - II,492,7.8,0,0,2024,11,05/11/2024,0.89,0.56,ambas
VEGUETA,2024 - II,896,9.3,0.092,0.015,2024,11,08/11/2024,0.77,,ambas
VEGUETA,2024 - II,635,10.6,0.01,0.067,2024,11,09/11/2024,1,0.77,ambas
VEGUETA,2024 - II,1797,11.2,0.028,0.003,2024,11,11/11/2024,0.71,,ambas
VEGUETA,2024 - II,1042,10.2,0.024,0,2024,11,12/11/2024,0.81,0.71,ambas
VEGUETA,2024 - II,1880,12.8,0.004,0.004,2024,11,13/11/2024,0.83,0.81,ambas
VEGUETA,2024 - II,2827,16,0.01,0.005,2024,11,14/11/2024,0.7,0.83,ambas
VEGUETA,2024 - II,2274,21.2,0.007,0.001,2024,11,15/11/2024,0.05,0.7,ambas
VEGUETA,2024 - II,829,11,0.034,0.004,2024,11,16/11/2024,0,0.05,ambas
VEGUETA,2024 - II,916,9.6,0.018,0.023,2024,11,17/11/2024,0.91,0,ambas
VEGUETA,2024 - II,1516,12.3,0.014,0.034,2024,11,18/11/2024,0.44,0.91,ambas
VEGUETA,2024 - II,606,8.9,0.001,0.003,2024,11,19/11/2024,0.65,0.44,ambas
VEGUETA,2024 - II,444,11.6,0.02,0.01,2024,11,20/11/2024,0.73,0.65,ambas
VEGUETA,2024 - II,914,11.5,0.028,0.07,2024,11,21/11/2024,0.19,0.73,ambas
VEGUETA,2024 - II,915,14.9,0.289,0.108,2024,11,22/11/2024,0.22,0.19,ambas
VEGUETA,2024 - II,1560,8.3,0.115,0.016,2024,11,23/11/2024,0.76,0.22,ambas
VEGUETA,2024 - II,2223,10.9,0.123,0.009,2024,11,24/11/2024,0.67,0.76,ambas
VEGUETA,2024 - II,549,13.3,0.108,0.007,2024,11,25/11/2024,0,0.67,ambas
VEGUETA,2024 - II,191,11,0.286,0.016,2024,11,28/11/2024,0,,ambas
VEGUETA,2024 - II,203,11.9,0.236,0.04,2024,11,29/11/2024,0.27,0,ambas
VEGUETA,2024 - II,492,9.6,0.026,0.094,2024,12,03/12/2024,0.52,,ambas
VEGUETA,2024 - II,984,31.9,0.06,0.081,2024,12,04/12/2024,0.61,0.52,ambas
VEGUETA,2024 - II,1369,32.9,0.015,0.039,2024,12,13/12/2024,0.16,,ambas
VEGUETA,2024 - II,244,11.2,0.45,0.02,2024,12,14/12/2024,0,0.16,ambas
VEGUETA,2024 - II,812,16.4,0.161,0.042,2024,12,15/12/2024,0.18,0,ambas
VEGUETA,2025 - I,2822,15.4,0.257,0.007,2025,4,22/04/2025,0.02,,ambas
VEGUETA,2025 - I,972,17.2,0.328,0.001,2025,4,23/04/2025,0,0.02,ambas
VEGUETA,2025 - I,303,9.1,0.327,0.034,2025,4,24/04/2025,0,0,ambas
VEGUETA,2025 - I,1775,16,0.126,0.055,2025,4,25/04/2025,0.21,0,ambas
VEGUETA,2025 - I,1818,16.6,0.408,0.057,2025,4,27/04/2025,0.13,,ambas
VEGUETA,2025 - I,1304,14.9,0.298,0.108,2025,4,28/04/2025,0,0.13,ambas
VEGUETA,2025 - I,1566,8.8,0.348,0.031,2025,4,29/04/2025,0.13,0,ambas
VEGUETA,2025 - I,2621,14.4,0.454,0.009,2025,4,30/04/2025,0.23,0.13,ambas
VEGUETA,2025 - I,2524,13.3,0.419,0.09,2025,5,01/05/2025,0,0.23,ambas
VEGUETA,2025 - I,3129,14.2,0.273,0.073,2025,5,02/05/2025,0.53,0,ambas
VEGUETA,2025 - I,1399,16.1,0.426,0.103,2025,5,03/05/2025,0.06,0.53,ambas
VEGUETA,2025 - I,2598,12.3,0.627,0.138,2025,5,04/05/2025,0,0.06,ambas
VEGUETA,2025 - I,1903,10,0.108,0.012,2025,5,05/05/2025,0,0,ambas
VEGUETA,2025 - I,1483,13.5,0.233,0.058,2025,5,06/05/2025,0.16,0,ambas
VEGUETA,2025 - I,2561,16.9,0.625,0.102,2025,5,07/05/2025,0,0.16,ambas
VEGUETA,2025 - I,2268,13.4,0.43,0.034,2025,5,08/05/2025,0,0,ambas
VEGUETA,2025 - I,2568,20.8,0.434,0.158,2025,5,09/05/2025,0.05,0,ambas
VEGUETA,2025 - I,2644,11.7,0.096,0.001,2025,5,10/05/2025,0.59,0.05,ambas
VEGUETA,2025 - I,3309,14.4,0.176,0,2025,5,11/05/2025,0.41,0.59,ambas
VEGUETA,2025 - I,2314,12,0.151,0.011,2025,5,12/05/2025,0.37,0.41,ambas
VEGUETA,2025 - I,1216,15.5,0.161,0.042,2025,5,13/05/2025,0,0.37,ambas
VEGUETA,2025 - I,2074,13.6,0.19,0.01,2025,5,14/05/2025,0.36,0,ambas
VEGUETA,2025 - I,1423,14.5,0.135,0.002,2025,5,16/05/2025,0.58,,ambas
VEGUETA,2025 - I,2902,15.1,0.238,0.062,2025,5,17/05/2025,0.09,0.58,ambas
VEGUETA,2025 - I,2003,11.9,0.371,0.042,2025,5,18/05/2025,0.1,0.09,ambas
VEGUETA,2025 - I,2772,16.6,0.318,0.008,2025,5,19/05/2025,0.34,0.1,ambas
VEGUETA,2025 - I,3041,14.5,0.259,0.013,2025,5,20/05/2025,0.32,0.34,ambas
VEGUETA,2025 - I,274,8.7,0.244,0,2025,5,21/05/2025,0.53,0.32,ambas
VEGUETA,2025 - I,638,10.2,0.278,0,2025,5,30/05/2025,0.1,,ambas
VEGUETA,2025 - I,830,18.5,0.619,0.323,2025,5,31/05/2025,0,0.1,ambas
VEGUETA,2025 - I,1293,14.4,0.413,0.006,2025,6,02/06/2025,0.37,,ambas
VEGUETA,2025 - I,1198,12.2,0.289,0.07,2025,6,03/06/2025,0.46,0.37,ambas
VEGUETA,2025 - I,1299,28.4,0.313,0.013,2025,6,04/06/2025,0.32,0.46,ambas
VEGUETA,2025 - I,2349,19.7,0.369,0.022,2025,6,05/06/2025,0.11,0.32,ambas
VEGUETA,2025 - I,616,13.6,0.717,0.011,2025,6,11/06/2025,0,,ambas
VEGUETA,2025 - I,196,10.9,0.406,0.019,2025,6,12/06/2025,0,0,ambas
VEGUETA,2025 - I,862,10.6,0.451,0.063,2025,6,20/06/2025,0,,ambas
VEGUETA,2025 - I,827,6.3,0.422,0.02,2025,6,21/06/2025,0,0,ambas
VEGUETA,2025 - I,1334,9.1,0.553,0.045,2025,6,22/06/2025,0,0,ambas
VEGUETA,2025 - I,260,5.8,0.636,0.018,2025,6,23/06/2025,0,0,ambas
VEGUETA,2025 - I,261,5.4,0.422,0.031,2025,6,24/06/2025,0,0,ambas
VEGUETA,2025 - I,385,12.3,0.253,0.13,2025,6,25/06/2025,0,0,ambas
VEGUETA,2025 - I,79,5.2,0.514,0.06,2025,6,26/06/2025,0,0,ambas
VEGUETA,2025 - I,118,14.4,0.909,0.01,2025,7,02/07/2025,0,,ambas
VEGUETA,2025 - II,679,10.3,0.531,0.077,2025,11,11/11/2025,0,,ambas
VEGUETA,2025 - II,1264,19.8,0.051,0,2025,11,14/11/2025,0,,ambas
VEGUETA,2025 - II,1415,29.9,0.077,0,2025,11,19/11/2025,0,,ambas
VEGUETA,2025 - II,931,21.3,0.067,0.004,2025,11,20/11/2025,0.02,0,ambas
VEGUETA,2025 - II,317,13.7,0.15,0.008,2025,11,23/11/2025,0.91,,ambas
VEGUETA,2025 - II,2619,15.7,0.102,0.012,2025,11,24/11/2025,0.22,0.91,ambas
VEGUETA,2025 - II,273,11.9,0.041,0.012,2025,11,25/11/2025,0.14,0.22,ambas
VEGUETA,2025 - II,918,14.1,0.071,0,2025,11,26/11/2025,0.39,0.14,ambas
VEGUETA,2025 - II,293,12.6,0.064,0.005,2025,11,27/11/2025,0,0.39,ambas
VEGUETA,2025 - II,274,14.9,0.025,0.002,2025,11,28/11/2025,0.17,0,ambas
VEGUETA,2025 - II,2854,15.7,0.034,0,2025,11,29/11/2025,0.26,0.17,ambas
VEGUETA,2025 - II,2743,12.4,0.026,0,2025,11,30/11/2025,0.1,0.26,ambas
VEGUETA,2025 - II,1052,10.2,0.015,0.018,2025,12,01/12/2025,0.37,0.1,ambas
VEGUETA,2025 - II,428,12.3,0.023,0.029,2025,12,02/12/2025,1,0.37,ambas
VEGUETA,2025 - II,1521,17.7,0.041,0.018,2025,12,04/12/2025,0.54,,ambas
VEGUETA,2025 - II,3087,22.7,0.014,0,2025,12,05/12/2025,0.28,0.54,ambas
VEGUETA,2025 - II,2722,24.7,0.039,0.001,2025,12,06/12/2025,0.16,0.28,ambas
VEGUETA,2025 - II,3176,19.1,0.033,0,2025,12,07/12/2025,0.42,0.16,ambas
VEGUETA,2025 - II,1835,16,0.023,0.007,2025,12,08/12/2025,0.44,0.42,ambas
VEGUETA,2025 - II,150,7.2,0.017,0.006,2025,12,09/12/2025,0,0.44,ambas
VEGUETA,2025 - II,1741,12.2,0.008,0,2025,12,10/12/2025,0.87,0,ambas
VEGUETA,2025 - II,1760,13.3,0.023,0.014,2025,12,11/12/2025,0.31,0.87,ambas
VEGUETA,2025 - II,936,27.3,0.008,0,2025,12,16/12/2025,1,,ambas
VEGUETA,2025 - II,1898,15.9,0.053,0,2025,12,19/12/2025,0.3,,ambas
VEGUETA,2025 - II,2479,13.8,0.037,0.001,2025,12,20/12/2025,0.7,0.3,ambas
VEGUETA,2025 - II,133,24.6,0.025,0,2025,12,21/12/2025,1,0.7,ambas
VEGUETA,2025 - II,868,7.3,0.032,0.053,2025,12,27/12/2025,1,,ambas
VEGUETA,2025 - II,385,27.3,0.464,0.038,2025,12,28/12/2025,0.81,1,ambas
VEGUETA,2025 - II,1081,23.2,0.07,0.011,2026,1,10/01/2026,0.56,,ambas
VEGUETA,2026 - I,2829,16.4,0.206,0.081,2026,4,09/04/2026,0.03,,ambas
VEGUETA,2026 - I,2336,13.5,0.209,0.031,2026,4,10/04/2026,0.3,0.03,ambas
VEGUETA,2026 - I,1185,10.5,0.383,0.024,2026,4,11/04/2026,0.38,0.3,ambas
VEGUETA,2026 - I,596,8.2,0.076,0.002,2026,4,12/04/2026,0.83,0.38,ambas
VEGUETA,2026 - I,510,8.7,0.624,0.013,2026,4,13/04/2026,0,0.83,ambas
VEGUETA,2026 - I,947,11.2,0.135,0.025,2026,4,14/04/2026,0.24,0,ambas
VEGUETA,2026 - I,224,5.2,0.519,0.002,2026,4,17/04/2026,0,,ambas
VEGUETA,2026 - I,290,9.1,0.93,0.017,2026,4,18/04/2026,0,0,ambas
VEGUETA,2026 - I,352,10.5,0.875,0.003,2026,4,19/04/2026,0,0,ambas
VEGUETA,2026 - I,465,11.7,0.49,0.08,2026,4,20/04/2026,0.2,0,ambas
VEGUETA,2026 - I,1030,14.1,0.497,0.077,2026,4,21/04/2026,0.15,0.2,ambas
VEGUETA,2026 - I,3327,21,0.334,0,2026,4,22/04/2026,0.32,0.15,ambas
VEGUETA,2026 - I,2977,21.1,0.386,0.097,2026,4,23/04/2026,0,0.32,ambas
VEGUETA,2026 - I,2023,22.4,0.588,0.003,2026,4,24/04/2026,0.19,0,ambas
VEGUETA,2026 - I,32,10.5,0.816,0.051,2026,5,07/05/2026,0,,ambas
