PLANTA,TEMPORADA,F. BATCH,%SP+P,ANO,MES,%SP+P ANTERIOR
CALLAO,2021 - I,2021-04-24,0.4,2021,4,
CALLAO,2021 - I,2021-04-25,0.06,2021,4,0.4
CALLAO,2021 - I,2021-04-26,0.0,2021,4,0.06
CALLAO,2021 - I,2021-04-27,0.78,2021,4,0.0
CALLAO,2021 - I,2021-04-28,0.56,2021,4,0.78
CALLAO,2021 - I,2021-04-29,0.42,2021,4,0.56
CALLAO,2021 - I,2021-04-30,0.26,2021,4,0.42
CALLAO,2021 - I,2021-05-01,0.55,2021,5,0.26
CALLAO,2021 - I,2021-05-02,0.46,2021,5,0.55
CALLAO,2021 - I,2021-05-03,0.65,2021,5,0.46
CALLAO,2021 - I,2021-05-04,0.03,2021,5,0.65
CALLAO,2021 - I,2021-05-05,0.29,2021,5,0.03
CALLAO,2021 - I,2021-05-06,0.0,2021,5,0.29
CALLAO,2021 - I,2021-05-10,0.32,2021,5,
CALLAO,2021 - I,2021-05-11,0.3,2021,5,0.32
CALLAO,2021 - I,2021-05-12,0.36,2021,5,0.3
CALLAO,2021 - I,2021-05-13,0.39,2021,5,0.36
CALLAO,2021 - I,2021-05-14,0.55,2021,5,0.39
CALLAO,2021 - I,2021-05-15,0.4,2021,5,0.55
CALLAO,2021 - I,2021-05-16,0.0,2021,5,0.4
CALLAO,2021 - I,2021-05-17,0.0,2021,5,0.0
CALLAO,2021 - I,2021-05-18,0.0,2021,5,0.0
CALLAO,2021 - I,2021-05-21,0.3,2021,5,
CALLAO,2021 - I,2021-05-22,0.61,2021,5,0.3
CALLAO,2021 - I,2021-05-23,0.69,2021,5,0.61
CALLAO,2021 - I,2021-05-24,0.7,2021,5,0.69
CALLAO,2021 - I,2021-05-25,0.32,2021,5,0.7
CALLAO,2021 - I,2021-05-26,1.0,2021,5,0.32
CALLAO,2021 - I,2021-05-28,0.0,2021,5,
CALLAO,2021 - I,2021-05-29,1.0,2021,5,0.0
CALLAO,2021 - I,2021-05-30,1.0,2021,5,1.0
CALLAO,2021 - I,2021-06-01,0.0,2021,6,
CALLAO,2021 - I,2021-06-02,1.0,2021,6,0.0
CALLAO,2021 - I,2021-06-03,0.87,2021,6,1.0
CALLAO,2021 - I,2021-06-04,0.43,2021,6,0.87
CALLAO,2021 - I,2021-06-05,0.66,2021,6,0.43
CALLAO,2021 - I,2021-06-06,0.85,2021,6,0.66
CALLAO,2021 - I,2021-06-07,0.5,2021,6,0.85
CALLAO,2021 - I,2021-06-08,0.72,2021,6,0.5
CALLAO,2021 - I,2021-06-09,0.53,2021,6,0.72
CALLAO,2021 - I,2021-06-10,0.0,2021,6,0.53
CALLAO,2021 - I,2021-06-11,1.0,2021,6,0.0
CALLAO,2021 - I,2021-06-12,0.76,2021,6,1.0
CALLAO,2021 - I,2021-06-13,1.0,2021,6,0.76
CALLAO,2021 - I,2021-06-15,0.61,2021,6,
CALLAO,2021 - I,2021-06-19,0.73,2021,6,
CALLAO,2021 - I,2021-06-22,1.0,2021,6,
CALLAO,2021 - II,2021-11-15,0.07,2021,11,
CALLAO,2021 - II,2021-11-16,0.36,2021,11,0.07
CALLAO,2021 - II,2021-11-17,0.23,2021,11,0.36
CALLAO,2021 - II,2021-11-18,0.47,2021,11,0.23
CALLAO,2021 - II,2021-11-19,0.55,2021,11,0.47
CALLAO,2021 - II,2021-11-20,0.89,2021,11,0.55
CALLAO,2021 - II,2021-11-21,0.95,2021,11,0.89
CALLAO,2021 - II,2021-11-22,0.81,2021,11,0.95
CALLAO,2021 - II,2021-11-23,0.9,2021,11,0.81
CALLAO,2021 - II,2021-11-24,0.85,2021,11,0.9
CALLAO,2021 - II,2021-11-27,0.92,2021,11,
CALLAO,2021 - II,2021-11-28,0.97,2021,11,0.92
CALLAO,2021 - II,2021-11-29,0.83,2021,11,0.97
CALLAO,2021 - II,2021-11-30,1.0,2021,11,0.83
CALLAO,2021 - II,2021-12-01,0.86,2021,12,1.0
CALLAO,2021 - II,2021-12-03,0.69,2021,12,
CALLAO,2021 - II,2021-12-04,0.93,2021,12,0.69
CALLAO,2021 - II,2021-12-06,0.77,2021,12,
CALLAO,2021 - II,2021-12-07,0.89,2021,12,0.77
CALLAO,2021 - II,2021-12-08,0.83,2021,12,0.89
CALLAO,2021 - II,2021-12-09,0.99,2021,12,0.83
CALLAO,2021 - II,2021-12-10,1.0,2021,12,0.99
CALLAO,2021 - II,2021-12-11,0.79,2021,12,1.0
CALLAO,2021 - II,2021-12-12,0.04,2021,12,0.79
CALLAO,2021 - II,2021-12-13,0.88,2021,12,0.04
CALLAO,2021 - II,2021-12-14,0.84,2021,12,0.88
CALLAO,2021 - II,2021-12-15,0.79,2021,12,0.84
CALLAO,2021 - II,2021-12-16,0.97,2021,12,0.79
CALLAO,2021 - II,2021-12-17,0.78,2021,12,0.97
CALLAO,2021 - II,2021-12-18,0.88,2021,12,0.78
CALLAO,2021 - II,2021-12-19,1.0,2021,12,0.88
CALLAO,2021 - II,2021-12-20,0.54,2021,12,1.0
CALLAO,2021 - II,2021-12-21,0.67,2021,12,0.54
CALLAO,2021 - II,2021-12-22,1.0,2021,12,0.67
CALLAO,2021 - II,2021-12-23,0.91,2021,12,1.0
CALLAO,2021 - II,2021-12-25,0.48,2021,12,
CALLAO,2021 - II,2021-12-26,0.55,2021,12,0.48
CALLAO,2021 - II,2021-12-27,1.0,2021,12,0.55
CALLAO,2021 - II,2021-12-28,0.62,2021,12,1.0
CALLAO,2021 - II,2021-12-29,0.78,2021,12,0.62
CALLAO,2021 - II,2021-12-31,0.73,2021,12,
CALLAO,2021 - II,2022-01-01,0.49,2022,1,0.73
CALLAO,2021 - II,2022-01-02,0.66,2022,1,0.49
CALLAO,2021 - II,2022-01-03,0.0,2022,1,0.66
CALLAO,2022 - I,2022-05-04,0.63,2022,5,
CALLAO,2022 - I,2022-05-05,0.72,2022,5,0.63
CALLAO,2022 - I,2022-05-06,0.86,2022,5,0.72
CALLAO,2022 - I,2022-05-07,0.72,2022,5,0.86
CALLAO,2022 - I,2022-05-08,0.49,2022,5,0.72
CALLAO,2022 - I,2022-05-09,0.83,2022,5,0.49
CALLAO,2022 - I,2022-05-10,0.42,2022,5,0.83
CALLAO,2022 - I,2022-05-11,0.57,2022,5,0.42
CALLAO,2022 - I,2022-05-12,0.03,2022,5,0.57
CALLAO,2022 - I,2022-05-18,0.12,2022,5,
CALLAO,2022 - I,2022-05-19,0.59,2022,5,0.12
CALLAO,2022 - I,2022-05-20,0.0,2022,5,0.59
CALLAO,2022 - I,2022-05-21,1.0,2022,5,0.0
CALLAO,2022 - I,2022-05-22,0.46,2022,5,1.0
CALLAO,2022 - I,2022-05-23,0.18,2022,5,0.46
CALLAO,2022 - I,2022-05-24,0.0,2022,5,0.18
CALLAO,2022 - I,2022-05-25,0.0,2022,5,0.0
CALLAO,2022 - I,2022-05-26,0.0,2022,5,0.0
CALLAO,2022 - I,2022-05-27,0.0,2022,5,0.0
CALLAO,2022 - I,2022-05-28,0.4,2022,5,0.0
CALLAO,2022 - I,2022-05-29,0.25,2022,5,0.4
CALLAO,2022 - I,2022-05-30,0.65,2022,5,0.25
CALLAO,2022 - I,2022-05-31,0.57,2022,5,0.65
CALLAO,2022 - I,2022-06-01,0.71,2022,6,0.57
CALLAO,2022 - I,2022-06-02,0.52,2022,6,0.71
CALLAO,2022 - I,2022-06-09,0.45,2022,6,
CALLAO,2022 - I,2022-06-10,0.78,2022,6,0.45
CALLAO,2022 - I,2022-06-11,0.81,2022,6,0.78
CALLAO,2022 - I,2022-06-12,0.92,2022,6,0.81
CALLAO,2022 - I,2022-06-13,0.78,2022,6,0.92
CALLAO,2022 - I,2022-06-14,0.41,2022,6,0.78
CALLAO,2022 - I,2022-06-16,0.02,2022,6,
CALLAO,2022 - I,2022-06-20,0.89,2022,6,
CALLAO,2022 - I,2022-06-21,0.75,2022,6,0.89
CALLAO,2022 - I,2022-06-22,0.85,2022,6,0.75
CALLAO,2022 - I,2022-07-01,1.0,2022,7,
CALLAO,2022 - I,2022-07-02,0.79,2022,7,1.0
CALLAO,2022 - I,2022-07-03,0.66,2022,7,0.79
CALLAO,2022 - I,2022-07-04,0.91,2022,7,0.66
CALLAO,2022 - I,2022-07-05,0.54,2022,7,0.91
CALLAO,2022 - I,2022-07-12,0.54,2022,7,
CALLAO,2022 - I,2022-07-13,0.58,2022,7,0.54
CALLAO,2022 - I,2022-07-14,0.83,2022,7,0.58
CALLAO,2022 - I,2022-07-19,0.68,2022,7,
CALLAO,2022 - I,2022-07-20,0.5,2022,7,0.68
CALLAO,2022 - I,2022-07-21,0.87,2022,7,0.5
CALLAO,2022 - I,2022-07-22,0.86,2022,7,0.87
CALLAO,2022 - I,2022-07-23,0.83,2022,7,0.86
CALLAO,2022 - II,2022-11-23,1.0,2022,11,
CALLAO,2022 - II,2022-11-24,0.66,2022,11,1.0
CALLAO,2022 - II,2022-11-25,1.0,2022,11,0.66
CALLAO,2022 - II,2022-11-26,0.71,2022,11,1.0
CALLAO,2022 - II,2022-11-27,0.37,2022,11,0.71
CALLAO,2022 - II,2022-11-28,0.54,2022,11,0.37
CALLAO,2022 - II,2022-11-29,0.6,2022,11,0.54
CALLAO,2022 - II,2022-11-30,0.5,2022,11,0.6
CALLAO,2022 - II,2022-12-01,1.0,2022,12,0.5
CALLAO,2022 - II,2022-12-02,0.83,2022,12,1.0
CALLAO,2022 - II,2022-12-03,0.63,2022,12,0.83
CALLAO,2022 - II,2022-12-04,0.74,2022,12,0.63
CALLAO,2022 - II,2022-12-05,0.51,2022,12,0.74
CALLAO,2022 - II,2022-12-06,0.43,2022,12,0.51
CALLAO,2022 - II,2022-12-07,0.0,2022,12,0.43
CALLAO,2022 - II,2022-12-10,0.02,2022,12,
CALLAO,2022 - II,2022-12-11,0.96,2022,12,0.02
CALLAO,2022 - II,2022-12-13,0.88,2022,12,
CALLAO,2022 - II,2022-12-14,0.45,2022,12,0.88
CALLAO,2022 - II,2022-12-15,0.43,2022,12,0.45
CALLAO,2022 - II,2022-12-16,0.4,2022,12,0.43
CALLAO,2022 - II,2022-12-17,0.96,2022,12,0.4
CALLAO,2022 - II,2022-12-18,0.0,2022,12,0.96
CALLAO,2022 - II,2022-12-19,0.0,2022,12,0.0
CALLAO,2022 - II,2022-12-20,0.7,2022,12,0.0
CALLAO,2022 - II,2022-12-21,0.59,2022,12,0.7
CALLAO,2022 - II,2022-12-22,0.09,2022,12,0.59
CALLAO,2022 - II,2022-12-26,0.25,2022,12,
CALLAO,2022 - II,2022-12-27,0.78,2022,12,0.25
CALLAO,2022 - II,2022-12-28,0.71,2022,12,0.78
CALLAO,2022 - II,2022-12-29,0.0,2022,12,0.71
CALLAO,2022 - II,2022-12-30,0.0,2022,12,0.0
CALLAO,2022 - II,2022-12-31,0.0,2022,12,0.0
CALLAO,2022 - II,2023-01-01,0.0,2023,1,0.0
CALLAO,2022 - II,2023-01-02,0.56,2023,1,0.0
CALLAO,2022 - II,2023-01-03,0.89,2023,1,0.56
CALLAO,2022 - II,2023-01-04,0.44,2023,1,0.89
CALLAO,2022 - II,2023-01-06,0.25,2023,1,
CALLAO,2022 - II,2023-01-07,0.0,2023,1,0.25
CALLAO,2022 - II,2023-01-08,0.75,2023,1,0.0
CALLAO,2022 - II,2023-01-09,0.84,2023,1,0.75
CALLAO,2022 - II,2023-01-10,0.64,2023,1,0.84
CALLAO,2022 - II,2023-01-14,0.04,2023,1,
CALLAO,2022 - II,2023-01-15,0.72,2023,1,0.04
CALLAO,2022 - II,2023-01-16,0.0,2023,1,0.72
CALLAO,2022 - II,2023-01-17,0.0,2023,1,0.0
CALLAO,2022 - II,2023-01-18,0.0,2023,1,0.0
CALLAO,2022 - II,2023-01-19,0.0,2023,1,0.0
CALLAO,2022 - II,2023-01-21,0.0,2023,1,
CALLAO,2022 - II,2023-01-22,0.34,2023,1,0.0
CALLAO,2022 - II,2023-01-23,0.0,2023,1,0.34
CALLAO,2022 - II,2023-01-24,0.05,2023,1,0.0
CALLAO,2022 - II,2023-01-25,0.56,2023,1,0.05
CALLAO,2022 - II,2023-01-27,0.67,2023,1,
CALLAO,2022 - II,2023-01-28,0.0,2023,1,0.67
CALLAO,2022 - II,2023-01-29,0.0,2023,1,0.0
CALLAO,2022 - II,2023-01-30,0.63,2023,1,0.0
CALLAO,2022 - II,2023-01-31,0.0,2023,1,0.63
CALLAO,2022 - II,2023-02-01,0.74,2023,2,0.0
CALLAO,2023 - I,2023-06-03,0.16,2023,6,
CALLAO,2023 - I,2023-06-04,0.0,2023,6,0.16
CALLAO,2023 - I,2023-08-05,0.0,2023,8,
CALLAO,2023 - II,2023-10-21,0.35,2023,10,
CALLAO,2023 - II,2023-10-23,0.38,2023,10,
CALLAO,2023 - II,2023-10-24,0.05,2023,10,0.38
CALLAO,2023 - II,2023-10-25,0.0,2023,10,0.05
CALLAO,2023 - II,2023-10-26,0.8,2023,10,0.0
CALLAO,2023 - II,2023-10-27,0.84,2023,10,0.8
CALLAO,2023 - II,2023-10-28,0.52,2023,10,0.84
CALLAO,2023 - II,2023-10-29,0.66,2023,10,0.52
CALLAO,2023 - II,2023-10-31,0.82,2023,10,
CALLAO,2023 - II,2023-11-01,0.36,2023,11,0.82
CALLAO,2023 - II,2023-11-02,0.29,2023,11,0.36
CALLAO,2023 - II,2023-11-03,0.0,2023,11,0.29
CALLAO,2023 - II,2023-11-04,0.13,2023,11,0.0
CALLAO,2023 - II,2023-11-05,0.18,2023,11,0.13
CALLAO,2023 - II,2023-11-06,0.54,2023,11,0.18
CALLAO,2023 - II,2023-11-07,0.47,2023,11,0.54
CALLAO,2023 - II,2023-11-08,0.46,2023,11,0.47
CALLAO,2023 - II,2023-11-09,0.0,2023,11,0.46
CALLAO,2023 - II,2023-11-11,0.06,2023,11,
CALLAO,2023 - II,2023-11-12,0.41,2023,11,0.06
CALLAO,2023 - II,2023-11-13,0.0,2023,11,0.41
CALLAO,2023 - II,2023-11-14,0.15,2023,11,0.0
CALLAO,2023 - II,2023-11-15,0.46,2023,11,0.15
CALLAO,2023 - II,2023-11-16,0.09,2023,11,0.46
CALLAO,2023 - II,2023-11-17,0.54,2023,11,0.09
CALLAO,2023 - II,2023-11-19,0.63,2023,11,
CALLAO,2023 - II,2023-11-20,0.41,2023,11,0.63
CALLAO,2023 - II,2023-11-21,0.75,2023,11,0.41
CALLAO,2023 - II,2023-11-22,0.68,2023,11,0.75
CALLAO,2023 - II,2023-11-23,0.1,2023,11,0.68
CALLAO,2023 - II,2023-11-24,0.16,2023,11,0.1
CALLAO,2023 - II,2023-11-25,0.67,2023,11,0.16
CALLAO,2023 - II,2023-11-26,0.41,2023,11,0.67
CALLAO,2023 - II,2023-11-27,0.27,2023,11,0.41
CALLAO,2023 - II,2023-11-28,0.43,2023,11,0.27
CALLAO,2023 - II,2023-11-29,0.21,2023,11,0.43
CALLAO,2023 - II,2023-11-30,0.16,2023,11,0.21
CALLAO,2023 - II,2023-12-01,0.72,2023,12,0.16
CALLAO,2023 - II,2023-12-03,0.79,2023,12,
CALLAO,2023 - II,2023-12-04,0.66,2023,12,0.79
CALLAO,2023 - II,2023-12-05,0.33,2023,12,0.66
CALLAO,2023 - II,2023-12-06,0.28,2023,12,0.33
CALLAO,2023 - II,2023-12-10,0.57,2023,12,
CALLAO,2023 - II,2023-12-11,0.0,2023,12,0.57
CALLAO,2023 - II,2023-12-17,0.0,2023,12,
CALLAO,2023 - II,2023-12-18,0.0,2023,12,0.0
CALLAO,2023 - II,2023-12-19,0.0,2023,12,0.0
CALLAO,2023 - II,2023-12-29,0.9,2023,12,
CALLAO,2023 - II,2023-12-30,0.96,2023,12,0.9
CALLAO,2023 - II,2023-12-31,0.58,2023,12,0.96
CALLAO,2023 - II,2024-01-01,0.08,2024,1,0.58
CALLAO,2023 - II,2024-01-02,0.0,2024,1,0.08
CALLAO,2023 - II,2024-01-03,0.0,2024,1,0.0
CALLAO,2023 - II,2024-01-05,0.0,2024,1,
CALLAO,2023 - II,2024-01-06,0.0,2024,1,0.0
CALLAO,2023 - II,2024-01-07,0.0,2024,1,0.0
CALLAO,2023 - II,2024-01-08,0.32,2024,1,0.0
CALLAO,2023 - II,2024-01-09,0.59,2024,1,0.32
CALLAO,2023 - II,2024-01-10,0.1,2024,1,0.59
CALLAO,2023 - II,2024-01-11,0.17,2024,1,0.1
CALLAO,2023 - II,2024-01-12,0.0,2024,1,0.17
CALLAO,2024 - I,2024-04-16,0.0,2024,4,
CALLAO,2024 - I,2024-04-17,0.0,2024,4,0.0
CALLAO,2024 - I,2024-04-18,0.0,2024,4,0.0
CALLAO,2024 - I,2024-04-20,0.16,2024,4,
CALLAO,2024 - I,2024-04-21,0.04,2024,4,0.16
CALLAO,2024 - I,2024-04-22,0.09,2024,4,0.04
CALLAO,2024 - I,2024-04-23,0.49,2024,4,0.09
CALLAO,2024 - I,2024-04-24,0.46,2024,4,0.49
CALLAO,2024 - I,2024-04-25,0.24,2024,4,0.46
CALLAO,2024 - I,2024-04-26,0.0,2024,4,0.24
CALLAO,2024 - I,2024-04-27,0.03,2024,4,0.0
CALLAO,2024 - I,2024-04-28,0.67,2024,4,0.03
CALLAO,2024 - I,2024-04-29,0.0,2024,4,0.67
CALLAO,2024 - I,2024-04-30,0.35,2024,4,0.0
CALLAO,2024 - I,2024-05-01,0.62,2024,5,0.35
CALLAO,2024 - I,2024-05-02,0.0,2024,5,0.62
CALLAO,2024 - I,2024-05-03,0.0,2024,5,0.0
CALLAO,2024 - I,2024-05-06,0.09,2024,5,
CALLAO,2024 - I,2024-05-07,0.0,2024,5,0.09
CALLAO,2024 - I,2024-05-08,0.0,2024,5,0.0
CALLAO,2024 - I,2024-05-09,0.0,2024,5,0.0
CALLAO,2024 - I,2024-05-10,0.1,2024,5,0.0
CALLAO,2024 - I,2024-05-11,0.66,2024,5,0.1
CALLAO,2024 - I,2024-05-12,0.23,2024,5,0.66
CALLAO,2024 - I,2024-05-13,0.0,2024,5,0.23
CALLAO,2024 - I,2024-05-14,0.0,2024,5,0.0
CALLAO,2024 - I,2024-05-15,0.52,2024,5,0.0
CALLAO,2024 - I,2024-05-17,0.0,2024,5,
CALLAO,2024 - I,2024-05-18,0.67,2024,5,0.0
CALLAO,2024 - I,2024-05-25,0.55,2024,5,
CALLAO,2024 - I,2024-05-26,0.0,2024,5,0.55
CALLAO,2024 - I,2024-05-30,0.0,2024,5,
CALLAO,2024 - I,2024-05-31,0.0,2024,5,0.0
CALLAO,2024 - I,2024-06-01,0.64,2024,6,0.0
CALLAO,2024 - I,2024-06-02,0.6,2024,6,0.64
CALLAO,2024 - I,2024-06-03,0.0,2024,6,0.6
CALLAO,2024 - II,2024-11-01,0.82,2024,11,
CALLAO,2024 - II,2024-11-02,0.87,2024,11,0.82
CALLAO,2024 - II,2024-11-03,0.78,2024,11,0.87
CALLAO,2024 - II,2024-11-04,0.91,2024,11,0.78
CALLAO,2024 - II,2024-11-05,0.98,2024,11,0.91
CALLAO,2024 - II,2024-11-06,0.58,2024,11,0.98
CALLAO,2024 - II,2024-11-07,0.85,2024,11,0.58
CALLAO,2024 - II,2024-11-08,0.73,2024,11,0.85
CALLAO,2024 - II,2024-11-09,0.95,2024,11,0.73
CALLAO,2024 - II,2024-11-10,0.65,2024,11,0.95
CALLAO,2024 - II,2024-11-11,1.0,2024,11,0.65
CALLAO,2024 - II,2024-11-14,0.8,2024,11,
CALLAO,2024 - II,2024-11-15,0.7,2024,11,0.8
CALLAO,2024 - II,2024-11-16,0.92,2024,11,0.7
CALLAO,2024 - II,2024-11-17,0.89,2024,11,0.92
CALLAO,2024 - II,2024-11-18,0.43,2024,11,0.89
CALLAO,2024 - II,2024-11-19,0.52,2024,11,0.43
CALLAO,2024 - II,2024-11-20,0.85,2024,11,0.52
CALLAO,2024 - II,2024-11-21,0.0,2024,11,0.85
CALLAO,2024 - II,2024-11-22,0.14,2024,11,0.0
CALLAO,2024 - II,2024-11-23,0.11,2024,11,0.14
CALLAO,2024 - II,2024-11-25,0.24,2024,11,
CALLAO,2024 - II,2024-11-26,0.75,2024,11,0.24
CALLAO,2024 - II,2024-11-27,0.58,2024,11,0.75
CALLAO,2024 - II,2024-11-28,0.48,2024,11,0.58
CALLAO,2024 - II,2024-11-29,0.07,2024,11,0.48
CALLAO,2024 - II,2024-11-30,0.63,2024,11,0.07
CALLAO,2024 - II,2024-12-01,0.33,2024,12,0.63
CALLAO,2024 - II,2024-12-02,0.39,2024,12,0.33
CALLAO,2024 - II,2024-12-03,0.0,2024,12,0.39
CALLAO,2024 - II,2024-12-05,0.0,2024,12,
CALLAO,2024 - II,2024-12-06,0.92,2024,12,0.0
CALLAO,2024 - II,2024-12-07,0.97,2024,12,0.92
CALLAO,2024 - II,2024-12-08,0.78,2024,12,0.97
CALLAO,2024 - II,2024-12-09,0.93,2024,12,0.78
CALLAO,2024 - II,2024-12-10,0.37,2024,12,0.93
CALLAO,2024 - II,2024-12-11,0.82,2024,12,0.37
CALLAO,2024 - II,2024-12-12,0.8,2024,12,0.82
CALLAO,2024 - II,2024-12-16,0.39,2024,12,
CALLAO,2024 - II,2024-12-17,0.6,2024,12,0.39
CALLAO,2024 - II,2024-12-18,0.71,2024,12,0.6
CALLAO,2024 - II,2024-12-19,0.65,2024,12,0.71
CALLAO,2024 - II,2024-12-20,0.49,2024,12,0.65
CALLAO,2024 - II,2024-12-21,0.57,2024,12,0.49
CALLAO,2024 - II,2024-12-22,0.29,2024,12,0.57
CALLAO,2024 - II,2024-12-23,0.72,2024,12,0.29
CALLAO,2024 - II,2024-12-27,0.19,2024,12,
CALLAO,2024 - II,2024-12-30,0.24,2024,12,
CALLAO,2024 - II,2024-12-31,0.63,2024,12,0.24
CALLAO,2024 - II,2025-01-01,0.56,2025,1,0.63
CALLAO,2024 - II,2025-01-02,0.24,2025,1,0.56
CALLAO,2024 - II,2025-01-03,0.75,2025,1,0.24
CALLAO,2024 - II,2025-01-04,0.8,2025,1,0.75
CALLAO,2024 - II,2025-01-05,0.81,2025,1,0.8
CALLAO,2024 - II,2025-01-18,0.74,2025,1,
CALLAO,2024 - II,2025-01-19,0.54,2025,1,0.74
CALLAO,2024 - II,2025-01-20,0.32,2025,1,0.54
CALLAO,2025 - I,2025-04-22,0.0,2025,4,
CALLAO,2025 - I,2025-04-23,0.06,2025,4,0.0
CALLAO,2025 - I,2025-04-24,0.1,2025,4,0.06
CALLAO,2025 - I,2025-04-25,0.0,2025,4,0.1
CALLAO,2025 - I,2025-04-26,0.39,2025,4,0.0
CALLAO,2025 - I,2025-04-27,0.63,2025,4,0.39
CALLAO,2025 - I,2025-04-28,0.13,2025,4,0.63
CALLAO,2025 - I,2025-04-29,0.2,2025,4,0.13
CALLAO,2025 - I,2025-04-30,0.5,2025,4,0.2
CALLAO,2025 - I,2025-05-01,0.19,2025,5,0.5
CALLAO,2025 - I,2025-05-02,0.5,2025,5,0.19
CALLAO,2025 - I,2025-05-03,0.32,2025,5,0.5
CALLAO,2025 - I,2025-05-04,0.07,2025,5,0.32
CALLAO,2025 - I,2025-05-05,0.18,2025,5,0.07
CALLAO,2025 - I,2025-05-06,0.22,2025,5,0.18
CALLAO,2025 - I,2025-05-07,0.0,2025,5,0.22
CALLAO,2025 - I,2025-05-08,0.37,2025,5,0.0
CALLAO,2025 - I,2025-05-09,0.2,2025,5,0.37
CALLAO,2025 - I,2025-05-10,0.41,2025,5,0.2
CALLAO,2025 - I,2025-05-11,0.63,2025,5,0.41
CALLAO,2025 - I,2025-05-12,0.7,2025,5,0.63
CALLAO,2025 - I,2025-05-13,0.2,2025,5,0.7
CALLAO,2025 - I,2025-05-14,0.12,2025,5,0.2
CALLAO,2025 - I,2025-05-17,0.5,2025,5,
CALLAO,2025 - I,2025-05-18,0.34,2025,5,0.5
CALLAO,2025 - I,2025-05-19,0.47,2025,5,0.34
CALLAO,2025 - I,2025-05-20,0.48,2025,5,0.47
CALLAO,2025 - I,2025-05-21,0.04,2025,5,0.48
CALLAO,2025 - I,2025-05-26,0.74,2025,5,
CALLAO,2025 - I,2025-05-27,0.14,2025,5,0.74
CALLAO,2025 - I,2025-05-30,0.87,2025,5,
CALLAO,2025 - I,2025-05-31,0.1,2025,5,0.87
CALLAO,2025 - I,2025-06-01,0.0,2025,6,0.1
CALLAO,2025 - I,2025-06-02,0.54,2025,6,0.0
CALLAO,2025 - I,2025-06-03,0.0,2025,6,0.54
CALLAO,2025 - I,2025-06-04,0.47,2025,6,0.0
CALLAO,2025 - I,2025-06-05,0.25,2025,6,0.47
CALLAO,2025 - I,2025-06-06,0.0,2025,6,0.25
CALLAO,2025 - I,2025-06-07,0.09,2025,6,0.0
CALLAO,2025 - I,2025-06-08,0.14,2025,6,0.09
CALLAO,2025 - I,2025-06-09,0.22,2025,6,0.14
CALLAO,2025 - I,2025-06-10,0.0,2025,6,0.22
CALLAO,2025 - I,2025-06-11,0.0,2025,6,0.0
CALLAO,2025 - I,2025-06-12,0.0,2025,6,0.0
CALLAO,2025 - I,2025-06-15,0.0,2025,6,
CALLAO,2025 - I,2025-06-16,0.0,2025,6,0.0
CALLAO,2025 - I,2025-06-17,0.66,2025,6,0.0
CALLAO,2025 - I,2025-06-18,0.0,2025,6,0.66
CALLAO,2025 - I,2025-06-19,0.0,2025,6,0.0
CALLAO,2025 - I,2025-06-20,0.0,2025,6,0.0
CALLAO,2025 - I,2025-06-21,0.21,2025,6,0.0
CALLAO,2025 - I,2025-06-22,0.05,2025,6,0.21
CALLAO,2025 - I,2025-06-23,0.0,2025,6,0.05
CALLAO,2025 - I,2025-06-24,0.36,2025,6,0.0
CALLAO,2025 - I,2025-06-25,0.13,2025,6,0.36
CALLAO,2025 - I,2025-07-01,0.12,2025,7,
CALLAO,2025 - I,2025-07-02,0.12,2025,7,0.12
CALLAO,2025 - I,2025-07-03,0.23,2025,7,0.12
CALLAO,2025 - I,2025-07-04,0.54,2025,7,0.23
CALLAO,2025 - I,2025-07-05,0.08,2025,7,0.54
CALLAO,2025 - I,2025-07-06,0.0,2025,7,0.08
CALLAO,2025 - I,2025-07-07,0.0,2025,7,0.0
CALLAO,2025 - I,2025-07-08,0.02,2025,7,0.0
CALLAO,2025 - I,2025-07-09,0.0,2025,7,0.02
CALLAO,2025 - I,2025-07-10,0.0,2025,7,0.0
CALLAO,2025 - I,2025-07-11,0.0,2025,7,0.0
CALLAO,2025 - I,2025-07-12,0.0,2025,7,0.0
CALLAO,2025 - I,2025-07-13,0.0,2025,7,0.0
CALLAO,2025 - I,2025-07-14,0.0,2025,7,0.0
CALLAO,2025 - I,2025-07-18,0.0,2025,7,
CALLAO,2025 - I,2025-07-19,0.0,2025,7,0.0
CALLAO,2025 - I,2025-07-20,0.0,2025,7,0.0
CALLAO,2025 - I,2025-07-21,0.0,2025,7,0.0
CALLAO,2025 - I,2025-07-22,0.0,2025,7,0.0
CALLAO,2025 - I,2025-07-23,0.0,2025,7,0.0
CALLAO,2025 - II,2025-11-07,0.14,2025,11,
CALLAO,2025 - II,2025-11-08,0.11,2025,11,0.14
CALLAO,2025 - II,2025-11-09,0.42,2025,11,0.11
CALLAO,2025 - II,2025-11-10,0.0,2025,11,0.42
CALLAO,2025 - II,2025-11-12,0.0,2025,11,
CALLAO,2025 - II,2025-11-29,0.43,2025,11,
CALLAO,2025 - II,2025-11-30,0.58,2025,11,0.43
CALLAO,2025 - II,2025-12-01,0.12,2025,12,0.58
CALLAO,2025 - II,2025-12-02,0.63,2025,12,0.12
CALLAO,2025 - II,2025-12-03,0.82,2025,12,0.63
CALLAO,2025 - II,2025-12-04,0.78,2025,12,0.82
CALLAO,2025 - II,2025-12-05,0.76,2025,12,0.78
CALLAO,2025 - II,2025-12-06,0.64,2025,12,0.76
CALLAO,2025 - II,2025-12-07,0.86,2025,12,0.64
CALLAO,2025 - II,2025-12-08,0.84,2025,12,0.86
CALLAO,2025 - II,2025-12-09,0.72,2025,12,0.84
CALLAO,2025 - II,2025-12-10,0.13,2025,12,0.72
CALLAO,2025 - II,2025-12-11,0.85,2025,12,0.13
CALLAO,2025 - II,2025-12-12,0.72,2025,12,0.85
CALLAO,2025 - II,2025-12-13,0.13,2025,12,0.72
CALLAO,2025 - II,2025-12-14,0.11,2025,12,0.13
CALLAO,2025 - II,2025-12-15,0.04,2025,12,0.11
CALLAO,2025 - II,2025-12-16,0.89,2025,12,0.04
CALLAO,2025 - II,2025-12-17,0.41,2025,12,0.89
CALLAO,2025 - II,2025-12-18,0.48,2025,12,0.41
CALLAO,2025 - II,2025-12-19,0.0,2025,12,0.48
CALLAO,2025 - II,2025-12-20,0.53,2025,12,0.0
CALLAO,2025 - II,2025-12-21,0.48,2025,12,0.53
CALLAO,2025 - II,2025-12-22,0.31,2025,12,0.48
CALLAO,2025 - II,2025-12-23,0.0,2025,12,0.31
CALLAO,2025 - II,2025-12-27,0.26,2025,12,
CALLAO,2025 - II,2025-12-28,0.0,2025,12,0.26
CALLAO,2025 - II,2025-12-29,0.0,2025,12,0.0
CALLAO,2025 - II,2025-12-30,0.0,2025,12,0.0
CALLAO,2025 - II,2025-12-31,0.15,2025,12,0.0
CALLAO,2025 - II,2026-01-01,0.0,2026,1,0.15
CALLAO,2025 - II,2026-01-05,0.0,2026,1,
CALLAO,2026 - I,2026-04-09,0.07,2026,4,
CALLAO,2026 - I,2026-04-10,0.0,2026,4,0.07
CALLAO,2026 - I,2026-04-11,0.18,2026,4,0.0
CALLAO,2026 - I,2026-04-12,0.0,2026,4,0.18
CALLAO,2026 - I,2026-04-13,0.0,2026,4,0.0
CALLAO,2026 - I,2026-04-14,0.0,2026,4,0.0
CALLAO,2026 - I,2026-04-15,0.0,2026,4,0.0
CALLAO,2026 - I,2026-04-16,0.02,2026,4,0.0
CALLAO,2026 - I,2026-04-17,0.05,2026,4,0.02
CALLAO,2026 - I,2026-04-18,0.0,2026,4,0.05
CALLAO,2026 - I,2026-04-19,0.0,2026,4,0.0
CALLAO,2026 - I,2026-04-20,0.0,2026,4,0.0
CALLAO,2026 - I,2026-04-21,0.03,2026,4,0.0
CALLAO,2026 - I,2026-04-22,0.22,2026,4,0.03
CALLAO,2026 - I,2026-04-23,0.0,2026,4,0.22
CALLAO,2026 - I,2026-04-25,0.0,2026,4,
CHIMBOTE,2021 - I,2021-04-24,0.69,2021,4,
CHIMBOTE,2021 - I,2021-04-25,0.25,2021,4,0.69
CHIMBOTE,2021 - I,2021-04-26,0.61,2021,4,0.25
CHIMBOTE,2021 - I,2021-04-27,0.48,2021,4,0.61
CHIMBOTE,2021 - I,2021-04-28,0.82,2021,4,0.48
CHIMBOTE,2021 - I,2021-04-29,0.46,2021,4,0.82
CHIMBOTE,2021 - I,2021-04-30,0.06,2021,4,0.46
CHIMBOTE,2021 - I,2021-05-01,0.46,2021,5,0.06
CHIMBOTE,2021 - I,2021-05-02,0.32,2021,5,0.46
CHIMBOTE,2021 - I,2021-05-03,0.42,2021,5,0.32
CHIMBOTE,2021 - I,2021-05-04,0.74,2021,5,0.42
CHIMBOTE,2021 - I,2021-05-05,0.7,2021,5,0.74
CHIMBOTE,2021 - I,2021-05-06,0.84,2021,5,0.7
CHIMBOTE,2021 - I,2021-05-07,0.63,2021,5,0.84
CHIMBOTE,2021 - I,2021-05-08,0.94,2021,5,0.63
CHIMBOTE,2021 - I,2021-05-09,0.93,2021,5,0.94
CHIMBOTE,2021 - I,2021-05-10,0.87,2021,5,0.93
CHIMBOTE,2021 - I,2021-05-11,0.79,2021,5,0.87
CHIMBOTE,2021 - I,2021-05-12,0.08,2021,5,0.79
CHIMBOTE,2021 - I,2021-05-13,0.95,2021,5,0.08
CHIMBOTE,2021 - I,2021-05-14,0.62,2021,5,0.95
CHIMBOTE,2021 - I,2021-05-15,0.46,2021,5,0.62
CHIMBOTE,2021 - I,2021-05-16,0.88,2021,5,0.46
CHIMBOTE,2021 - I,2021-05-17,0.65,2021,5,0.88
CHIMBOTE,2021 - I,2021-05-19,0.36,2021,5,
CHIMBOTE,2021 - I,2021-05-22,0.72,2021,5,
CHIMBOTE,2021 - I,2021-05-23,0.61,2021,5,0.72
CHIMBOTE,2021 - I,2021-05-24,0.5,2021,5,0.61
CHIMBOTE,2021 - I,2021-05-25,0.63,2021,5,0.5
CHIMBOTE,2021 - I,2021-05-26,0.88,2021,5,0.63
CHIMBOTE,2021 - I,2021-05-27,0.77,2021,5,0.88
CHIMBOTE,2021 - I,2021-05-28,0.69,2021,5,0.77
CHIMBOTE,2021 - I,2021-05-30,0.26,2021,5,
CHIMBOTE,2021 - I,2021-05-31,0.53,2021,5,0.26
CHIMBOTE,2021 - I,2021-06-01,0.0,2021,6,0.53
CHIMBOTE,2021 - I,2021-06-04,0.99,2021,6,
CHIMBOTE,2021 - I,2021-06-07,0.93,2021,6,
CHIMBOTE,2021 - I,2021-06-08,0.59,2021,6,0.93
CHIMBOTE,2021 - I,2021-06-09,0.98,2021,6,0.59
CHIMBOTE,2021 - I,2021-06-11,0.76,2021,6,
CHIMBOTE,2021 - I,2021-06-12,0.14,2021,6,0.76
CHIMBOTE,2021 - I,2021-06-15,0.81,2021,6,
CHIMBOTE,2021 - I,2021-06-16,0.95,2021,6,0.81
CHIMBOTE,2021 - I,2021-06-17,0.48,2021,6,0.95
CHIMBOTE,2021 - I,2021-06-18,0.66,2021,6,0.48
CHIMBOTE,2021 - I,2021-06-20,0.65,2021,6,
CHIMBOTE,2021 - I,2021-06-22,0.19,2021,6,
CHIMBOTE,2021 - I,2021-06-23,0.77,2021,6,0.19
CHIMBOTE,2021 - I,2021-06-25,0.48,2021,6,
CHIMBOTE,2021 - I,2021-06-26,0.6,2021,6,0.48
CHIMBOTE,2021 - I,2021-06-27,0.85,2021,6,0.6
CHIMBOTE,2021 - I,2021-06-28,0.88,2021,6,0.85
CHIMBOTE,2021 - I,2021-06-29,0.85,2021,6,0.88
CHIMBOTE,2021 - I,2021-06-30,0.89,2021,6,0.85
CHIMBOTE,2021 - I,2021-07-01,0.78,2021,7,0.89
CHIMBOTE,2021 - I,2021-07-02,0.8,2021,7,0.78
CHIMBOTE,2021 - I,2021-07-03,1.0,2021,7,0.8
CHIMBOTE,2021 - I,2021-07-04,1.0,2021,7,1.0
CHIMBOTE,2021 - I,2021-07-05,0.85,2021,7,1.0
CHIMBOTE,2021 - I,2021-07-06,0.85,2021,7,0.85
CHIMBOTE,2021 - I,2021-07-07,1.0,2021,7,0.85
CHIMBOTE,2021 - I,2021-07-08,0.97,2021,7,1.0
CHIMBOTE,2021 - II,2021-11-15,0.62,2021,11,
CHIMBOTE,2021 - II,2021-11-16,0.13,2021,11,0.62
CHIMBOTE,2021 - II,2021-11-17,0.0,2021,11,0.13
CHIMBOTE,2021 - II,2021-11-18,0.41,2021,11,0.0
CHIMBOTE,2021 - II,2021-11-19,0.55,2021,11,0.41
CHIMBOTE,2021 - II,2021-11-20,0.76,2021,11,0.55
CHIMBOTE,2021 - II,2021-11-21,0.7,2021,11,0.76
CHIMBOTE,2021 - II,2021-11-22,0.52,2021,11,0.7
CHIMBOTE,2021 - II,2021-11-23,0.73,2021,11,0.52
CHIMBOTE,2021 - II,2021-11-24,0.76,2021,11,0.73
CHIMBOTE,2021 - II,2021-11-25,0.57,2021,11,0.76
CHIMBOTE,2021 - II,2021-11-26,0.94,2021,11,0.57
CHIMBOTE,2021 - II,2021-11-27,1.0,2021,11,0.94
CHIMBOTE,2021 - II,2021-11-28,0.77,2021,11,1.0
CHIMBOTE,2021 - II,2021-11-29,0.38,2021,11,0.77
CHIMBOTE,2021 - II,2021-11-30,0.56,2021,11,0.38
CHIMBOTE,2021 - II,2021-12-01,0.68,2021,12,0.56
CHIMBOTE,2021 - II,2021-12-02,0.56,2021,12,0.68
CHIMBOTE,2021 - II,2021-12-03,0.74,2021,12,0.56
CHIMBOTE,2021 - II,2021-12-04,0.77,2021,12,0.74
CHIMBOTE,2021 - II,2021-12-05,0.92,2021,12,0.77
CHIMBOTE,2021 - II,2021-12-06,0.62,2021,12,0.92
CHIMBOTE,2021 - II,2021-12-07,0.22,2021,12,0.62
CHIMBOTE,2021 - II,2021-12-08,0.52,2021,12,0.22
CHIMBOTE,2021 - II,2021-12-09,0.9,2021,12,0.52
CHIMBOTE,2021 - II,2021-12-10,0.3,2021,12,0.9
CHIMBOTE,2021 - II,2021-12-11,0.88,2021,12,0.3
CHIMBOTE,2021 - II,2021-12-12,0.3,2021,12,0.88
CHIMBOTE,2021 - II,2021-12-13,0.79,2021,12,0.3
CHIMBOTE,2021 - II,2021-12-14,1.0,2021,12,0.79
CHIMBOTE,2021 - II,2021-12-15,1.0,2021,12,1.0
CHIMBOTE,2021 - II,2021-12-20,0.63,2021,12,
CHIMBOTE,2022 - I,2022-05-06,0.37,2022,5,
CHIMBOTE,2022 - I,2022-05-08,0.26,2022,5,
CHIMBOTE,2022 - I,2022-05-12,0.21,2022,5,
CHIMBOTE,2022 - I,2022-05-13,0.16,2022,5,0.21
CHIMBOTE,2022 - I,2022-05-14,0.23,2022,5,0.16
CHIMBOTE,2022 - I,2022-05-15,0.35,2022,5,0.23
CHIMBOTE,2022 - I,2022-05-16,0.03,2022,5,0.35
CHIMBOTE,2022 - I,2022-05-19,0.08,2022,5,
CHIMBOTE,2022 - I,2022-05-20,0.0,2022,5,0.08
CHIMBOTE,2022 - I,2022-05-21,0.29,2022,5,0.0
CHIMBOTE,2022 - I,2022-05-22,0.73,2022,5,0.29
CHIMBOTE,2022 - I,2022-05-24,0.35,2022,5,
CHIMBOTE,2022 - I,2022-05-25,0.36,2022,5,0.35
CHIMBOTE,2022 - I,2022-05-26,0.66,2022,5,0.36
CHIMBOTE,2022 - I,2022-05-27,0.83,2022,5,0.66
CHIMBOTE,2022 - I,2022-05-28,0.51,2022,5,0.83
CHIMBOTE,2022 - I,2022-05-29,0.6,2022,5,0.51
CHIMBOTE,2022 - I,2022-05-30,0.79,2022,5,0.6
CHIMBOTE,2022 - I,2022-05-31,0.69,2022,5,0.79
CHIMBOTE,2022 - I,2022-06-01,0.74,2022,6,0.69
CHIMBOTE,2022 - I,2022-06-02,0.6,2022,6,0.74
CHIMBOTE,2022 - I,2022-06-03,0.66,2022,6,0.6
CHIMBOTE,2022 - I,2022-06-04,0.57,2022,6,0.66
CHIMBOTE,2022 - I,2022-06-05,0.46,2022,6,0.57
CHIMBOTE,2022 - I,2022-06-06,0.5,2022,6,0.46
CHIMBOTE,2022 - I,2022-06-07,0.86,2022,6,0.5
CHIMBOTE,2022 - I,2022-06-08,0.6,2022,6,0.86
CHIMBOTE,2022 - I,2022-06-09,0.93,2022,6,0.6
CHIMBOTE,2022 - I,2022-06-10,0.56,2022,6,0.93
CHIMBOTE,2022 - I,2022-06-11,0.68,2022,6,0.56
CHIMBOTE,2022 - I,2022-06-12,0.74,2022,6,0.68
CHIMBOTE,2022 - I,2022-06-13,0.77,2022,6,0.74
CHIMBOTE,2022 - I,2022-06-14,0.33,2022,6,0.77
CHIMBOTE,2022 - I,2022-06-15,0.77,2022,6,0.33
CHIMBOTE,2022 - I,2022-06-16,0.25,2022,6,0.77
CHIMBOTE,2022 - I,2022-06-17,0.52,2022,6,0.25
CHIMBOTE,2022 - I,2022-06-18,0.65,2022,6,0.52
CHIMBOTE,2022 - I,2022-06-19,0.85,2022,6,0.65
CHIMBOTE,2022 - I,2022-06-20,0.0,2022,6,0.85
CHIMBOTE,2022 - I,2022-06-21,0.32,2022,6,0.0
CHIMBOTE,2022 - I,2022-06-22,0.34,2022,6,0.32
CHIMBOTE,2022 - I,2022-06-24,0.64,2022,6,
CHIMBOTE,2022 - I,2022-06-30,0.0,2022,6,
CHIMBOTE,2022 - I,2022-07-01,1.0,2022,7,0.0
CHIMBOTE,2022 - I,2022-07-03,0.63,2022,7,
CHIMBOTE,2022 - I,2022-07-04,0.0,2022,7,0.63
CHIMBOTE,2022 - I,2022-07-05,0.7,2022,7,0.0
CHIMBOTE,2022 - I,2022-07-06,1.0,2022,7,0.7
CHIMBOTE,2022 - I,2022-07-07,0.93,2022,7,1.0
CHIMBOTE,2022 - I,2022-07-08,0.81,2022,7,0.93
CHIMBOTE,2022 - I,2022-07-09,0.65,2022,7,0.81
CHIMBOTE,2022 - I,2022-07-10,0.7,2022,7,0.65
CHIMBOTE,2022 - I,2022-07-11,0.28,2022,7,0.7
CHIMBOTE,2022 - I,2022-07-15,0.33,2022,7,
CHIMBOTE,2022 - I,2022-07-19,0.3,2022,7,
CHIMBOTE,2022 - I,2022-07-20,0.61,2022,7,0.3
CHIMBOTE,2022 - I,2022-07-21,0.98,2022,7,0.61
CHIMBOTE,2022 - I,2022-07-22,0.82,2022,7,0.98
CHIMBOTE,2022 - II,2022-11-23,1.0,2022,11,
CHIMBOTE,2022 - II,2022-11-24,0.77,2022,11,1.0
CHIMBOTE,2022 - II,2022-11-25,0.59,2022,11,0.77
CHIMBOTE,2022 - II,2022-11-26,0.33,2022,11,0.59
CHIMBOTE,2022 - II,2022-11-27,0.09,2022,11,0.33
CHIMBOTE,2022 - II,2022-11-28,0.49,2022,11,0.09
CHIMBOTE,2022 - II,2022-11-29,0.18,2022,11,0.49
CHIMBOTE,2022 - II,2022-11-30,0.36,2022,11,0.18
CHIMBOTE,2022 - II,2022-12-01,0.37,2022,12,0.36
CHIMBOTE,2022 - II,2022-12-02,0.3,2022,12,0.37
CHIMBOTE,2022 - II,2022-12-03,0.21,2022,12,0.3
CHIMBOTE,2022 - II,2022-12-04,0.86,2022,12,0.21
CHIMBOTE,2022 - II,2022-12-05,0.55,2022,12,0.86
CHIMBOTE,2022 - II,2022-12-06,0.56,2022,12,0.55
CHIMBOTE,2022 - II,2022-12-07,0.3,2022,12,0.56
CHIMBOTE,2022 - II,2022-12-08,0.67,2022,12,0.3
CHIMBOTE,2022 - II,2022-12-09,0.34,2022,12,0.67
CHIMBOTE,2022 - II,2022-12-10,0.7,2022,12,0.34
CHIMBOTE,2022 - II,2022-12-11,0.13,2022,12,0.7
CHIMBOTE,2022 - II,2022-12-12,0.0,2022,12,0.13
CHIMBOTE,2022 - II,2022-12-13,0.56,2022,12,0.0
CHIMBOTE,2022 - II,2022-12-14,0.0,2022,12,0.56
CHIMBOTE,2022 - II,2022-12-15,0.53,2022,12,0.0
CHIMBOTE,2022 - II,2022-12-16,0.38,2022,12,0.53
CHIMBOTE,2022 - II,2022-12-17,0.51,2022,12,0.38
CHIMBOTE,2022 - II,2022-12-18,0.65,2022,12,0.51
CHIMBOTE,2022 - II,2022-12-19,0.37,2022,12,0.65
CHIMBOTE,2022 - II,2022-12-20,0.78,2022,12,0.37
CHIMBOTE,2022 - II,2022-12-22,0.47,2022,12,
CHIMBOTE,2022 - II,2022-12-23,0.64,2022,12,0.47
CHIMBOTE,2022 - II,2022-12-24,0.29,2022,12,0.64
CHIMBOTE,2022 - II,2022-12-26,0.68,2022,12,
CHIMBOTE,2022 - II,2022-12-27,0.86,2022,12,0.68
CHIMBOTE,2022 - II,2022-12-28,0.0,2022,12,0.86
CHIMBOTE,2022 - II,2022-12-29,0.41,2022,12,0.0
CHIMBOTE,2022 - II,2022-12-30,0.61,2022,12,0.41
CHIMBOTE,2022 - II,2022-12-31,0.91,2022,12,0.61
CHIMBOTE,2022 - II,2023-01-02,0.26,2023,1,
CHIMBOTE,2022 - II,2023-01-03,0.56,2023,1,0.26
CHIMBOTE,2022 - II,2023-01-11,0.0,2023,1,
CHIMBOTE,2022 - II,2023-01-12,0.0,2023,1,0.0
CHIMBOTE,2022 - II,2023-01-15,0.0,2023,1,
CHIMBOTE,2022 - II,2023-01-17,0.0,2023,1,
CHIMBOTE,2022 - II,2023-01-18,0.06,2023,1,0.0
CHIMBOTE,2022 - II,2023-01-19,0.0,2023,1,0.06
CHIMBOTE,2022 - II,2023-01-20,0.0,2023,1,0.0
CHIMBOTE,2022 - II,2023-01-21,0.1,2023,1,0.0
CHIMBOTE,2022 - II,2023-01-22,0.48,2023,1,0.1
CHIMBOTE,2022 - II,2023-01-23,0.18,2023,1,0.48
CHIMBOTE,2022 - II,2023-01-24,0.0,2023,1,0.18
CHIMBOTE,2022 - II,2023-01-25,0.06,2023,1,0.0
CHIMBOTE,2022 - II,2023-01-26,0.07,2023,1,0.06
CHIMBOTE,2022 - II,2023-01-27,0.66,2023,1,0.07
CHIMBOTE,2022 - II,2023-01-28,0.0,2023,1,0.66
CHIMBOTE,2022 - II,2023-01-30,0.0,2023,1,
CHIMBOTE,2022 - II,2023-02-03,0.32,2023,2,
CHIMBOTE,2022 - II,2023-02-04,0.15,2023,2,0.32
CHIMBOTE,2023 - I,2023-06-03,0.0,2023,6,
CHIMBOTE,2023 - I,2023-06-04,0.0,2023,6,0.0
CHIMBOTE,2023 - I,2023-06-06,0.0,2023,6,
CHIMBOTE,2023 - I,2023-08-05,0.15,2023,8,
CHIMBOTE,2023 - I,2023-08-06,0.0,2023,8,0.15
CHIMBOTE,2023 - I,2023-08-07,0.0,2023,8,0.0
CHIMBOTE,2023 - I,2023-08-08,0.0,2023,8,0.0
CHIMBOTE,2023 - I,2023-08-10,0.0,2023,8,
CHIMBOTE,2023 - I,2023-08-11,0.0,2023,8,0.0
CHIMBOTE,2023 - I,2023-08-12,0.0,2023,8,0.0
CHIMBOTE,2023 - II,2023-10-21,0.0,2023,10,
CHIMBOTE,2023 - II,2023-10-22,0.0,2023,10,0.0
CHIMBOTE,2023 - II,2023-10-23,0.13,2023,10,0.0
CHIMBOTE,2023 - II,2023-10-26,0.49,2023,10,
CHIMBOTE,2023 - II,2023-10-31,0.47,2023,10,
CHIMBOTE,2023 - II,2023-11-01,0.42,2023,11,0.47
CHIMBOTE,2023 - II,2023-11-02,0.3,2023,11,0.42
CHIMBOTE,2023 - II,2023-11-03,0.22,2023,11,0.3
CHIMBOTE,2023 - II,2023-11-05,0.88,2023,11,
CHIMBOTE,2023 - II,2023-11-06,0.9,2023,11,0.88
CHIMBOTE,2023 - II,2023-11-08,0.25,2023,11,
CHIMBOTE,2023 - II,2023-11-09,0.27,2023,11,0.25
CHIMBOTE,2023 - II,2023-11-10,0.78,2023,11,0.27
CHIMBOTE,2023 - II,2023-11-11,0.7,2023,11,0.78
CHIMBOTE,2023 - II,2023-11-12,0.52,2023,11,0.7
CHIMBOTE,2023 - II,2023-11-13,0.52,2023,11,0.52
CHIMBOTE,2023 - II,2023-11-14,0.33,2023,11,0.52
CHIMBOTE,2023 - II,2023-11-19,0.83,2023,11,
CHIMBOTE,2023 - II,2023-11-20,0.72,2023,11,0.83
CHIMBOTE,2023 - II,2023-11-21,0.81,2023,11,0.72
CHIMBOTE,2023 - II,2023-11-22,0.38,2023,11,0.81
CHIMBOTE,2023 - II,2023-11-26,0.0,2023,11,
CHIMBOTE,2023 - II,2023-11-27,0.09,2023,11,0.0
CHIMBOTE,2023 - II,2023-11-28,0.39,2023,11,0.09
CHIMBOTE,2023 - II,2023-11-29,0.44,2023,11,0.39
CHIMBOTE,2023 - II,2023-11-30,0.5,2023,11,0.44
CHIMBOTE,2023 - II,2023-12-01,0.38,2023,12,0.5
CHIMBOTE,2023 - II,2023-12-02,0.94,2023,12,0.38
CHIMBOTE,2023 - II,2023-12-05,0.0,2023,12,
CHIMBOTE,2024 - I,2024-04-16,0.38,2024,4,
CHIMBOTE,2024 - I,2024-04-17,0.42,2024,4,0.38
CHIMBOTE,2024 - I,2024-04-18,0.0,2024,4,0.42
CHIMBOTE,2024 - I,2024-04-19,0.23,2024,4,0.0
CHIMBOTE,2024 - I,2024-04-20,0.39,2024,4,0.23
CHIMBOTE,2024 - I,2024-04-21,0.51,2024,4,0.39
CHIMBOTE,2024 - I,2024-04-22,0.1,2024,4,0.51
CHIMBOTE,2024 - I,2024-04-23,0.0,2024,4,0.1
CHIMBOTE,2024 - I,2024-04-24,0.25,2024,4,0.0
CHIMBOTE,2024 - I,2024-04-25,0.0,2024,4,0.25
CHIMBOTE,2024 - I,2024-04-26,0.0,2024,4,0.0
CHIMBOTE,2024 - I,2024-04-27,0.12,2024,4,0.0
CHIMBOTE,2024 - I,2024-04-28,0.69,2024,4,0.12
CHIMBOTE,2024 - I,2024-04-29,0.09,2024,4,0.69
CHIMBOTE,2024 - I,2024-04-30,0.47,2024,4,0.09
CHIMBOTE,2024 - I,2024-05-01,0.64,2024,5,0.47
CHIMBOTE,2024 - I,2024-05-02,0.39,2024,5,0.64
CHIMBOTE,2024 - I,2024-05-05,0.23,2024,5,
CHIMBOTE,2024 - I,2024-05-06,0.0,2024,5,0.23
CHIMBOTE,2024 - I,2024-05-07,0.63,2024,5,0.0
CHIMBOTE,2024 - I,2024-05-08,0.43,2024,5,0.63
CHIMBOTE,2024 - I,2024-05-09,0.54,2024,5,0.43
CHIMBOTE,2024 - I,2024-05-10,0.67,2024,5,0.54
CHIMBOTE,2024 - I,2024-05-11,0.83,2024,5,0.67
CHIMBOTE,2024 - I,2024-05-12,0.49,2024,5,0.83
CHIMBOTE,2024 - I,2024-05-13,0.65,2024,5,0.49
CHIMBOTE,2024 - I,2024-05-14,0.76,2024,5,0.65
CHIMBOTE,2024 - I,2024-05-15,0.6,2024,5,0.76
CHIMBOTE,2024 - I,2024-05-16,0.6,2024,5,0.6
CHIMBOTE,2024 - I,2024-05-17,0.56,2024,5,0.6
CHIMBOTE,2024 - I,2024-05-18,0.55,2024,5,0.56
CHIMBOTE,2024 - I,2024-05-19,0.52,2024,5,0.55
CHIMBOTE,2024 - I,2024-05-20,0.48,2024,5,0.52
CHIMBOTE,2024 - I,2024-05-21,0.76,2024,5,0.48
CHIMBOTE,2024 - I,2024-05-22,0.46,2024,5,0.76
CHIMBOTE,2024 - I,2024-05-23,0.46,2024,5,0.46
CHIMBOTE,2024 - I,2024-05-24,0.27,2024,5,0.46
CHIMBOTE,2024 - I,2024-05-25,0.26,2024,5,0.27
CHIMBOTE,2024 - I,2024-05-26,0.0,2024,5,0.26
CHIMBOTE,2024 - I,2024-05-27,0.32,2024,5,0.0
CHIMBOTE,2024 - I,2024-05-28,0.75,2024,5,0.32
CHIMBOTE,2024 - I,2024-05-29,0.5,2024,5,0.75
CHIMBOTE,2024 - I,2024-05-30,0.63,2024,5,0.5
CHIMBOTE,2024 - I,2024-05-31,0.44,2024,5,0.63
CHIMBOTE,2024 - I,2024-06-01,0.76,2024,6,0.44
CHIMBOTE,2024 - I,2024-06-02,0.29,2024,6,0.76
CHIMBOTE,2024 - I,2024-06-03,0.31,2024,6,0.29
CHIMBOTE,2024 - I,2024-06-04,0.28,2024,6,0.31
CHIMBOTE,2024 - I,2024-06-05,0.48,2024,6,0.28
CHIMBOTE,2024 - I,2024-06-06,0.43,2024,6,0.48
CHIMBOTE,2024 - I,2024-06-07,0.77,2024,6,0.43
CHIMBOTE,2024 - I,2024-06-08,0.86,2024,6,0.77
CHIMBOTE,2024 - II,2024-11-01,0.76,2024,11,
CHIMBOTE,2024 - II,2024-11-02,0.48,2024,11,0.76
CHIMBOTE,2024 - II,2024-11-03,0.36,2024,11,0.48
CHIMBOTE,2024 - II,2024-11-04,0.75,2024,11,0.36
CHIMBOTE,2024 - II,2024-11-05,0.73,2024,11,0.75
CHIMBOTE,2024 - II,2024-11-06,0.62,2024,11,0.73
CHIMBOTE,2024 - II,2024-11-08,0.0,2024,11,
CHIMBOTE,2024 - II,2024-11-09,0.69,2024,11,0.0
CHIMBOTE,2024 - II,2024-11-10,0.39,2024,11,0.69
CHIMBOTE,2024 - II,2024-11-11,0.42,2024,11,0.39
CHIMBOTE,2024 - II,2024-11-12,0.27,2024,11,0.42
CHIMBOTE,2024 - II,2024-11-13,0.76,2024,11,0.27
CHIMBOTE,2024 - II,2024-11-14,0.37,2024,11,0.76
CHIMBOTE,2024 - II,2024-11-16,0.64,2024,11,
CHIMBOTE,2024 - II,2024-11-17,0.95,2024,11,0.64
CHIMBOTE,2024 - II,2024-11-18,0.53,2024,11,0.95
CHIMBOTE,2024 - II,2024-11-19,0.5,2024,11,0.53
CHIMBOTE,2024 - II,2024-11-20,0.34,2024,11,0.5
CHIMBOTE,2024 - II,2024-11-21,0.39,2024,11,0.34
CHIMBOTE,2024 - II,2024-11-22,0.35,2024,11,0.39
CHIMBOTE,2024 - II,2024-11-23,0.77,2024,11,0.35
CHIMBOTE,2024 - II,2024-11-24,0.5,2024,11,0.77
CHIMBOTE,2024 - II,2024-11-25,0.83,2024,11,0.5
CHIMBOTE,2024 - II,2024-11-27,0.54,2024,11,
CHIMBOTE,2024 - II,2024-11-28,0.16,2024,11,0.54
CHIMBOTE,2024 - II,2024-11-29,0.15,2024,11,0.16
CHIMBOTE,2024 - II,2024-11-30,0.24,2024,11,0.15
CHIMBOTE,2024 - II,2024-12-01,0.29,2024,12,0.24
CHIMBOTE,2024 - II,2024-12-02,0.0,2024,12,0.29
CHIMBOTE,2024 - II,2024-12-03,0.0,2024,12,0.0
CHIMBOTE,2024 - II,2024-12-04,0.14,2024,12,0.0
CHIMBOTE,2024 - II,2024-12-05,0.41,2024,12,0.14
CHIMBOTE,2024 - II,2024-12-06,0.28,2024,12,0.41
CHIMBOTE,2024 - II,2024-12-07,0.65,2024,12,0.28
CHIMBOTE,2024 - II,2024-12-08,0.5,2024,12,0.65
CHIMBOTE,2024 - II,2024-12-09,0.37,2024,12,0.5
CHIMBOTE,2024 - II,2024-12-10,0.49,2024,12,0.37
CHIMBOTE,2024 - II,2024-12-11,0.36,2024,12,0.49
CHIMBOTE,2024 - II,2024-12-12,0.39,2024,12,0.36
CHIMBOTE,2024 - II,2024-12-13,0.13,2024,12,0.39
CHIMBOTE,2024 - II,2024-12-14,0.21,2024,12,0.13
CHIMBOTE,2024 - II,2024-12-15,0.17,2024,12,0.21
CHIMBOTE,2024 - II,2024-12-16,0.11,2024,12,0.17
CHIMBOTE,2024 - II,2024-12-17,0.64,2024,12,0.11
CHIMBOTE,2024 - II,2024-12-18,0.6,2024,12,0.64
CHIMBOTE,2024 - II,2024-12-19,0.09,2024,12,0.6
CHIMBOTE,2024 - II,2024-12-20,0.36,2024,12,0.09
CHIMBOTE,2024 - II,2024-12-21,0.49,2024,12,0.36
CHIMBOTE,2024 - II,2024-12-22,0.09,2024,12,0.49
CHIMBOTE,2024 - II,2024-12-23,0.0,2024,12,0.09
CHIMBOTE,2024 - II,2024-12-27,0.34,2024,12,
CHIMBOTE,2024 - II,2024-12-28,0.0,2024,12,0.34
CHIMBOTE,2024 - II,2024-12-31,0.03,2024,12,
CHIMBOTE,2024 - II,2025-01-01,0.38,2025,1,0.03
CHIMBOTE,2024 - II,2025-01-02,0.03,2025,1,0.38
CHIMBOTE,2024 - II,2025-01-03,0.42,2025,1,0.03
CHIMBOTE,2024 - II,2025-01-04,0.24,2025,1,0.42
CHIMBOTE,2024 - II,2025-01-05,0.56,2025,1,0.24
CHIMBOTE,2024 - II,2025-01-06,0.66,2025,1,0.56
CHIMBOTE,2024 - II,2025-01-07,0.43,2025,1,0.66
CHIMBOTE,2024 - II,2025-01-08,0.19,2025,1,0.43
CHIMBOTE,2024 - II,2025-01-09,0.07,2025,1,0.19
CHIMBOTE,2024 - II,2025-01-10,0.0,2025,1,0.07
CHIMBOTE,2024 - II,2025-01-11,0.25,2025,1,0.0
CHIMBOTE,2024 - II,2025-01-12,0.42,2025,1,0.25
CHIMBOTE,2024 - II,2025-01-13,0.23,2025,1,0.42
CHIMBOTE,2024 - II,2025-01-15,0.48,2025,1,
CHIMBOTE,2024 - II,2025-01-16,0.21,2025,1,0.48
CHIMBOTE,2024 - II,2025-01-17,0.67,2025,1,0.21
CHIMBOTE,2024 - II,2025-01-18,0.37,2025,1,0.67
CHIMBOTE,2025 - I,2025-04-22,0.43,2025,4,
CHIMBOTE,2025 - I,2025-04-23,0.05,2025,4,0.43
CHIMBOTE,2025 - I,2025-04-24,0.0,2025,4,0.05
CHIMBOTE,2025 - I,2025-04-25,0.55,2025,4,0.0
CHIMBOTE,2025 - I,2025-04-26,0.06,2025,4,0.55
CHIMBOTE,2025 - I,2025-04-28,0.47,2025,4,
CHIMBOTE,2025 - I,2025-04-29,0.05,2025,4,0.47
CHIMBOTE,2025 - I,2025-04-30,0.28,2025,4,0.05
CHIMBOTE,2025 - I,2025-05-01,0.06,2025,5,0.28
CHIMBOTE,2025 - I,2025-05-02,0.08,2025,5,0.06
CHIMBOTE,2025 - I,2025-05-03,0.14,2025,5,0.08
CHIMBOTE,2025 - I,2025-05-04,0.14,2025,5,0.14
CHIMBOTE,2025 - I,2025-05-05,0.17,2025,5,0.14
CHIMBOTE,2025 - I,2025-05-06,0.2,2025,5,0.17
CHIMBOTE,2025 - I,2025-05-07,0.15,2025,5,0.2
CHIMBOTE,2025 - I,2025-05-08,0.35,2025,5,0.15
CHIMBOTE,2025 - I,2025-05-09,0.25,2025,5,0.35
CHIMBOTE,2025 - I,2025-05-10,0.0,2025,5,0.25
CHIMBOTE,2025 - I,2025-05-11,0.21,2025,5,0.0
CHIMBOTE,2025 - I,2025-05-12,0.18,2025,5,0.21
CHIMBOTE,2025 - I,2025-05-13,0.19,2025,5,0.18
CHIMBOTE,2025 - I,2025-05-14,0.1,2025,5,0.19
CHIMBOTE,2025 - I,2025-05-15,0.54,2025,5,0.1
CHIMBOTE,2025 - I,2025-05-16,0.53,2025,5,0.54
CHIMBOTE,2025 - I,2025-05-17,0.0,2025,5,0.53
CHIMBOTE,2025 - I,2025-05-18,0.0,2025,5,0.0
CHIMBOTE,2025 - I,2025-05-19,0.39,2025,5,0.0
CHIMBOTE,2025 - I,2025-05-20,0.39,2025,5,0.39
CHIMBOTE,2025 - I,2025-05-21,0.47,2025,5,0.39
CHIMBOTE,2025 - I,2025-05-22,0.34,2025,5,0.47
CHIMBOTE,2025 - I,2025-05-23,0.0,2025,5,0.34
CHIMBOTE,2025 - I,2025-05-27,0.14,2025,5,
CHIMBOTE,2025 - I,2025-05-28,0.0,2025,5,0.14
CHIMBOTE,2025 - I,2025-05-31,0.0,2025,5,
CHIMBOTE,2025 - I,2025-06-02,0.0,2025,6,
CHIMBOTE,2025 - I,2025-06-03,0.0,2025,6,0.0
CHIMBOTE,2025 - I,2025-06-04,0.0,2025,6,0.0
CHIMBOTE,2025 - I,2025-06-11,0.04,2025,6,
CHIMBOTE,2025 - I,2025-06-12,0.0,2025,6,0.04
CHIMBOTE,2025 - I,2025-06-26,0.0,2025,6,
CHIMBOTE,2025 - I,2025-07-01,0.42,2025,7,
CHIMBOTE,2025 - I,2025-07-02,0.0,2025,7,0.42
CHIMBOTE,2025 - I,2025-07-03,0.0,2025,7,0.0
CHIMBOTE,2025 - I,2025-07-04,0.0,2025,7,0.0
CHIMBOTE,2025 - I,2025-07-07,0.0,2025,7,
CHIMBOTE,2025 - I,2025-07-15,0.0,2025,7,
CHIMBOTE,2025 - I,2025-07-16,0.0,2025,7,0.0
CHIMBOTE,2025 - I,2025-07-17,0.0,2025,7,0.0
CHIMBOTE,2025 - I,2025-07-18,0.0,2025,7,0.0
CHIMBOTE,2025 - I,2025-07-19,0.0,2025,7,0.0
CHIMBOTE,2025 - I,2025-07-20,0.0,2025,7,0.0
CHIMBOTE,2025 - I,2025-07-22,0.24,2025,7,
CHIMBOTE,2025 - I,2025-07-23,0.0,2025,7,0.24
CHIMBOTE,2025 - II,2025-11-07,0.04,2025,11,
CHIMBOTE,2025 - II,2025-11-08,0.18,2025,11,0.04
CHIMBOTE,2025 - II,2025-11-09,0.24,2025,11,0.18
CHIMBOTE,2025 - II,2025-11-10,0.01,2025,11,0.24
CHIMBOTE,2025 - II,2025-11-11,0.0,2025,11,0.01
CHIMBOTE,2025 - II,2025-11-12,0.06,2025,11,0.0
CHIMBOTE,2025 - II,2025-11-13,0.0,2025,11,0.06
CHIMBOTE,2025 - II,2025-11-14,0.0,2025,11,0.0
CHIMBOTE,2025 - II,2025-11-15,0.0,2025,11,0.0
CHIMBOTE,2025 - II,2025-11-16,0.07,2025,11,0.0
CHIMBOTE,2025 - II,2025-11-17,0.02,2025,11,0.07
CHIMBOTE,2025 - II,2025-11-18,0.04,2025,11,0.02
CHIMBOTE,2025 - II,2025-11-19,0.0,2025,11,0.04
CHIMBOTE,2025 - II,2025-11-20,0.14,2025,11,0.0
CHIMBOTE,2025 - II,2025-11-21,0.27,2025,11,0.14
CHIMBOTE,2025 - II,2025-11-22,0.39,2025,11,0.27
CHIMBOTE,2025 - II,2025-11-23,0.24,2025,11,0.39
CHIMBOTE,2025 - II,2025-11-24,0.12,2025,11,0.24
CHIMBOTE,2025 - II,2025-11-25,0.02,2025,11,0.12
CHIMBOTE,2025 - II,2025-11-26,0.16,2025,11,0.02
CHIMBOTE,2025 - II,2025-11-27,0.04,2025,11,0.16
CHIMBOTE,2025 - II,2025-11-28,0.74,2025,11,0.04
CHIMBOTE,2025 - II,2025-11-29,0.53,2025,11,0.74
CHIMBOTE,2025 - II,2025-11-30,0.33,2025,11,0.53
CHIMBOTE,2025 - II,2025-12-01,0.87,2025,12,0.33
CHIMBOTE,2025 - II,2025-12-02,0.7,2025,12,0.87
CHIMBOTE,2025 - II,2025-12-03,0.59,2025,12,0.7
CHIMBOTE,2025 - II,2025-12-04,0.64,2025,12,0.59
CHIMBOTE,2025 - II,2025-12-05,0.42,2025,12,0.64
CHIMBOTE,2025 - II,2025-12-06,0.22,2025,12,0.42
CHIMBOTE,2025 - II,2025-12-07,0.37,2025,12,0.22
CHIMBOTE,2025 - II,2025-12-08,0.44,2025,12,0.37
CHIMBOTE,2025 - II,2025-12-09,0.53,2025,12,0.44
CHIMBOTE,2025 - II,2025-12-10,0.38,2025,12,0.53
CHIMBOTE,2025 - II,2025-12-11,0.47,2025,12,0.38
CHIMBOTE,2025 - II,2025-12-12,0.11,2025,12,0.47
CHIMBOTE,2025 - II,2025-12-13,0.64,2025,12,0.11
CHIMBOTE,2025 - II,2025-12-14,0.04,2025,12,0.64
CHIMBOTE,2025 - II,2025-12-15,0.74,2025,12,0.04
CHIMBOTE,2025 - II,2025-12-16,0.71,2025,12,0.74
CHIMBOTE,2025 - II,2025-12-17,0.61,2025,12,0.71
CHIMBOTE,2025 - II,2025-12-18,0.61,2025,12,0.61
CHIMBOTE,2025 - II,2025-12-19,0.53,2025,12,0.61
CHIMBOTE,2025 - II,2025-12-22,0.17,2025,12,
CHIMBOTE,2025 - II,2025-12-30,0.6,2025,12,
CHIMBOTE,2025 - II,2025-12-31,0.48,2025,12,0.6
CHIMBOTE,2025 - II,2026-01-01,0.74,2026,1,0.48
CHIMBOTE,2025 - II,2026-01-02,0.08,2026,1,0.74
CHIMBOTE,2025 - II,2026-01-03,0.12,2026,1,0.08
CHIMBOTE,2025 - II,2026-01-04,0.0,2026,1,0.12
CHIMBOTE,2025 - II,2026-01-05,0.31,2026,1,0.0
CHIMBOTE,2025 - II,2026-01-06,0.13,2026,1,0.31
CHIMBOTE,2025 - II,2026-01-07,0.04,2026,1,0.13
CHIMBOTE,2025 - II,2026-01-08,0.34,2026,1,0.04
CHIMBOTE,2025 - II,2026-01-09,0.36,2026,1,0.34
CHIMBOTE,2025 - II,2026-01-10,0.27,2026,1,0.36
CHIMBOTE,2025 - II,2026-01-12,0.3,2026,1,
CHIMBOTE,2026 - I,2026-04-20,0.08,2026,4,
MALABRIGO,2021 - I,2021-04-27,0.72,2021,4,
MALABRIGO,2021 - I,2021-04-28,0.33,2021,4,0.72
MALABRIGO,2021 - I,2021-04-29,0.24,2021,4,0.33
MALABRIGO,2021 - I,2021-04-30,0.17,2021,4,0.24
MALABRIGO,2021 - I,2021-05-01,0.34,2021,5,0.17
MALABRIGO,2021 - I,2021-05-02,0.19,2021,5,0.34
MALABRIGO,2021 - I,2021-05-03,0.28,2021,5,0.19
MALABRIGO,2021 - I,2021-05-04,0.32,2021,5,0.28
MALABRIGO,2021 - I,2021-05-05,0.64,2021,5,0.32
MALABRIGO,2021 - I,2021-05-06,0.56,2021,5,0.64
MALABRIGO,2021 - I,2021-05-07,0.5,2021,5,0.56
MALABRIGO,2021 - I,2021-05-08,0.48,2021,5,0.5
MALABRIGO,2021 - I,2021-05-09,0.87,2021,5,0.48
MALABRIGO,2021 - I,2021-05-10,0.5,2021,5,0.87
MALABRIGO,2021 - I,2021-05-11,0.68,2021,5,0.5
MALABRIGO,2021 - I,2021-05-12,0.88,2021,5,0.68
MALABRIGO,2021 - I,2021-05-13,0.63,2021,5,0.88
MALABRIGO,2021 - I,2021-05-14,0.6,2021,5,0.63
MALABRIGO,2021 - I,2021-05-22,0.26,2021,5,
MALABRIGO,2021 - I,2021-05-24,0.61,2021,5,
MALABRIGO,2021 - I,2021-05-25,0.88,2021,5,0.61
MALABRIGO,2021 - I,2021-05-26,0.77,2021,5,0.88
MALABRIGO,2021 - I,2021-05-27,0.25,2021,5,0.77
MALABRIGO,2021 - I,2021-05-28,0.05,2021,5,0.25
MALABRIGO,2021 - I,2021-05-29,0.0,2021,5,0.05
MALABRIGO,2021 - I,2021-05-30,0.0,2021,5,0.0
MALABRIGO,2021 - I,2021-05-31,0.91,2021,5,0.0
MALABRIGO,2021 - I,2021-06-01,0.94,2021,6,0.91
MALABRIGO,2021 - I,2021-06-03,1.0,2021,6,
MALABRIGO,2021 - I,2021-06-04,0.83,2021,6,1.0
MALABRIGO,2021 - I,2021-06-05,1.0,2021,6,0.83
MALABRIGO,2021 - I,2021-06-06,0.51,2021,6,1.0
MALABRIGO,2021 - I,2021-06-07,0.67,2021,6,0.51
MALABRIGO,2021 - I,2021-06-08,0.68,2021,6,0.67
MALABRIGO,2021 - I,2021-06-09,0.89,2021,6,0.68
MALABRIGO,2021 - I,2021-06-10,0.7,2021,6,0.89
MALABRIGO,2021 - I,2021-06-12,0.73,2021,6,
MALABRIGO,2021 - I,2021-06-13,0.49,2021,6,0.73
MALABRIGO,2021 - I,2021-06-14,0.22,2021,6,0.49
MALABRIGO,2021 - I,2021-06-15,0.38,2021,6,0.22
MALABRIGO,2021 - I,2021-06-16,0.34,2021,6,0.38
MALABRIGO,2021 - I,2021-06-17,0.21,2021,6,0.34
MALABRIGO,2021 - I,2021-06-18,0.04,2021,6,0.21
MALABRIGO,2021 - I,2021-06-19,0.0,2021,6,0.04
MALABRIGO,2021 - I,2021-06-21,0.35,2021,6,
MALABRIGO,2021 - I,2021-06-23,0.94,2021,6,
MALABRIGO,2021 - I,2021-06-24,0.83,2021,6,0.94
MALABRIGO,2021 - I,2021-06-25,0.32,2021,6,0.83
MALABRIGO,2021 - I,2021-06-27,0.94,2021,6,
MALABRIGO,2021 - I,2021-06-28,1.0,2021,6,0.94
MALABRIGO,2021 - I,2021-06-29,1.0,2021,6,1.0
MALABRIGO,2021 - I,2021-07-01,1.0,2021,7,
MALABRIGO,2021 - I,2021-07-03,0.99,2021,7,
MALABRIGO,2021 - I,2021-07-05,0.92,2021,7,
MALABRIGO,2021 - II,2021-11-15,1.0,2021,11,
MALABRIGO,2021 - II,2021-11-16,1.0,2021,11,1.0
MALABRIGO,2021 - II,2021-11-17,1.0,2021,11,1.0
MALABRIGO,2021 - II,2021-11-18,0.95,2021,11,1.0
MALABRIGO,2021 - II,2021-11-19,1.0,2021,11,0.95
MALABRIGO,2021 - II,2021-11-20,1.0,2021,11,1.0
MALABRIGO,2021 - II,2021-11-21,1.0,2021,11,1.0
MALABRIGO,2021 - II,2021-11-22,1.0,2021,11,1.0
MALABRIGO,2021 - II,2021-11-23,1.0,2021,11,1.0
MALABRIGO,2021 - II,2021-11-24,0.97,2021,11,1.0
MALABRIGO,2021 - II,2021-11-25,0.89,2021,11,0.97
MALABRIGO,2021 - II,2021-11-26,0.19,2021,11,0.89
MALABRIGO,2021 - II,2021-11-27,0.23,2021,11,0.19
MALABRIGO,2021 - II,2021-11-28,0.23,2021,11,0.23
MALABRIGO,2021 - II,2021-12-04,1.0,2021,12,
MALABRIGO,2021 - II,2021-12-05,1.0,2021,12,1.0
MALABRIGO,2021 - II,2021-12-14,0.77,2021,12,
MALABRIGO,2021 - II,2021-12-15,0.65,2021,12,0.77
MALABRIGO,2021 - II,2021-12-16,0.93,2021,12,0.65
MALABRIGO,2021 - II,2021-12-17,0.75,2021,12,0.93
MALABRIGO,2021 - II,2021-12-18,0.73,2021,12,0.75
MALABRIGO,2021 - II,2021-12-19,0.39,2021,12,0.73
MALABRIGO,2021 - II,2021-12-20,0.0,2021,12,0.39
MALABRIGO,2021 - II,2021-12-21,0.79,2021,12,0.0
MALABRIGO,2021 - II,2021-12-22,1.0,2021,12,0.79
MALABRIGO,2021 - II,2021-12-23,0.92,2021,12,1.0
MALABRIGO,2022 - I,2022-05-12,0.0,2022,5,
MALABRIGO,2022 - I,2022-05-13,0.0,2022,5,0.0
MALABRIGO,2022 - I,2022-05-15,0.52,2022,5,
MALABRIGO,2022 - I,2022-05-21,0.46,2022,5,
MALABRIGO,2022 - I,2022-05-22,0.74,2022,5,0.46
MALABRIGO,2022 - I,2022-05-26,0.36,2022,5,
MALABRIGO,2022 - I,2022-05-28,0.56,2022,5,
MALABRIGO,2022 - I,2022-05-29,0.1,2022,5,0.56
MALABRIGO,2022 - I,2022-05-30,0.61,2022,5,0.1
MALABRIGO,2022 - I,2022-06-03,0.51,2022,6,
MALABRIGO,2022 - I,2022-06-04,0.8,2022,6,0.51
MALABRIGO,2022 - I,2022-06-05,0.51,2022,6,0.8
MALABRIGO,2022 - I,2022-06-06,0.73,2022,6,0.51
MALABRIGO,2022 - I,2022-06-07,0.84,2022,6,0.73
MALABRIGO,2022 - I,2022-06-08,0.67,2022,6,0.84
MALABRIGO,2022 - I,2022-06-09,0.22,2022,6,0.67
MALABRIGO,2022 - I,2022-06-10,0.0,2022,6,0.22
MALABRIGO,2022 - I,2022-06-11,0.93,2022,6,0.0
MALABRIGO,2022 - I,2022-06-12,0.22,2022,6,0.93
MALABRIGO,2022 - I,2022-06-13,0.43,2022,6,0.22
MALABRIGO,2022 - I,2022-06-17,0.88,2022,6,
MALABRIGO,2022 - I,2022-06-18,0.65,2022,6,0.88
MALABRIGO,2022 - I,2022-06-19,0.5,2022,6,0.65
MALABRIGO,2022 - I,2022-06-20,0.0,2022,6,0.5
MALABRIGO,2022 - I,2022-06-24,0.17,2022,6,
MALABRIGO,2022 - II,2022-11-24,0.88,2022,11,
MALABRIGO,2022 - II,2022-11-25,0.77,2022,11,0.88
MALABRIGO,2022 - II,2022-11-26,0.75,2022,11,0.77
MALABRIGO,2022 - II,2022-11-27,0.95,2022,11,0.75
MALABRIGO,2022 - II,2022-11-28,0.92,2022,11,0.95
MALABRIGO,2022 - II,2022-11-30,0.98,2022,11,
MALABRIGO,2022 - II,2022-12-01,0.89,2022,12,0.98
MALABRIGO,2022 - II,2022-12-02,0.83,2022,12,0.89
MALABRIGO,2022 - II,2022-12-03,1.0,2022,12,0.83
MALABRIGO,2022 - II,2022-12-04,0.84,2022,12,1.0
MALABRIGO,2022 - II,2022-12-05,0.97,2022,12,0.84
MALABRIGO,2022 - II,2022-12-06,0.63,2022,12,0.97
MALABRIGO,2022 - II,2022-12-07,0.53,2022,12,0.63
MALABRIGO,2022 - II,2022-12-08,0.18,2022,12,0.53
MALABRIGO,2022 - II,2022-12-09,0.32,2022,12,0.18
MALABRIGO,2022 - II,2022-12-10,0.54,2022,12,0.32
MALABRIGO,2022 - II,2022-12-11,0.32,2022,12,0.54
MALABRIGO,2022 - II,2022-12-12,0.33,2022,12,0.32
MALABRIGO,2022 - II,2022-12-13,0.1,2022,12,0.33
MALABRIGO,2022 - II,2022-12-15,0.57,2022,12,
MALABRIGO,2022 - II,2022-12-16,0.32,2022,12,0.57
MALABRIGO,2022 - II,2022-12-17,0.0,2022,12,0.32
MALABRIGO,2022 - II,2022-12-18,0.0,2022,12,0.0
MALABRIGO,2022 - II,2022-12-21,0.37,2022,12,
MALABRIGO,2022 - II,2022-12-22,0.0,2022,12,0.37
MALABRIGO,2022 - II,2022-12-23,0.18,2022,12,0.0
MALABRIGO,2022 - II,2022-12-25,0.56,2022,12,
MALABRIGO,2022 - II,2022-12-26,0.41,2022,12,0.56
MALABRIGO,2022 - II,2022-12-27,0.65,2022,12,0.41
MALABRIGO,2022 - II,2022-12-28,0.3,2022,12,0.65
MALABRIGO,2022 - II,2022-12-29,0.59,2022,12,0.3
MALABRIGO,2022 - II,2022-12-30,0.3,2022,12,0.59
MALABRIGO,2022 - II,2022-12-31,0.43,2022,12,0.3
MALABRIGO,2022 - II,2023-01-01,0.47,2023,1,0.43
MALABRIGO,2022 - II,2023-01-02,0.0,2023,1,0.47
MALABRIGO,2022 - II,2023-01-03,0.47,2023,1,0.0
MALABRIGO,2022 - II,2023-01-04,0.11,2023,1,0.47
MALABRIGO,2022 - II,2023-01-05,0.17,2023,1,0.11
MALABRIGO,2022 - II,2023-01-06,0.0,2023,1,0.17
MALABRIGO,2022 - II,2023-01-07,0.0,2023,1,0.0
MALABRIGO,2022 - II,2023-01-08,0.0,2023,1,0.0
MALABRIGO,2022 - II,2023-01-09,0.0,2023,1,0.0
MALABRIGO,2022 - II,2023-01-10,0.03,2023,1,0.0
MALABRIGO,2022 - II,2023-01-13,0.0,2023,1,
MALABRIGO,2022 - II,2023-01-14,0.1,2023,1,0.0
MALABRIGO,2022 - II,2023-01-15,0.0,2023,1,0.1
MALABRIGO,2022 - II,2023-01-16,0.0,2023,1,0.0
MALABRIGO,2022 - II,2023-01-19,0.0,2023,1,
MALABRIGO,2022 - II,2023-01-22,0.11,2023,1,
MALABRIGO,2022 - II,2023-01-23,0.0,2023,1,0.11
MALABRIGO,2022 - II,2023-01-24,0.0,2023,1,0.0
MALABRIGO,2022 - II,2023-01-26,0.18,2023,1,
MALABRIGO,2022 - II,2023-01-28,0.0,2023,1,
MALABRIGO,2022 - II,2023-01-29,0.27,2023,1,0.0
MALABRIGO,2022 - II,2023-01-30,0.23,2023,1,0.27
MALABRIGO,2022 - II,2023-01-31,0.08,2023,1,0.23
MALABRIGO,2022 - II,2023-02-01,0.06,2023,2,0.08
MALABRIGO,2022 - II,2023-02-02,0.53,2023,2,0.06
MALABRIGO,2022 - II,2023-02-03,0.63,2023,2,0.53
MALABRIGO,2022 - II,2023-02-04,0.0,2023,2,0.63
MALABRIGO,2023 - I,2023-06-03,0.0,2023,6,
MALABRIGO,2023 - I,2023-06-04,0.0,2023,6,0.0
MALABRIGO,2023 - I,2023-06-05,0.0,2023,6,0.0
MALABRIGO,2023 - I,2023-08-04,0.0,2023,8,
MALABRIGO,2023 - I,2023-08-05,0.55,2023,8,0.0
MALABRIGO,2023 - I,2023-08-06,0.31,2023,8,0.55
MALABRIGO,2023 - I,2023-08-07,0.33,2023,8,0.31
MALABRIGO,2023 - I,2023-08-08,0.0,2023,8,0.33
MALABRIGO,2023 - I,2023-08-09,0.0,2023,8,0.0
MALABRIGO,2023 - I,2023-08-10,0.0,2023,8,0.0
MALABRIGO,2023 - I,2023-08-11,0.32,2023,8,0.0
MALABRIGO,2023 - I,2023-08-12,0.15,2023,8,0.32
MALABRIGO,2023 - II,2023-10-21,0.19,2023,10,
MALABRIGO,2023 - II,2023-10-22,0.0,2023,10,0.19
MALABRIGO,2023 - II,2023-10-23,0.41,2023,10,0.0
MALABRIGO,2023 - II,2023-10-24,0.22,2023,10,0.41
MALABRIGO,2023 - II,2023-10-26,0.3,2023,10,
MALABRIGO,2023 - II,2023-10-27,0.0,2023,10,0.3
MALABRIGO,2023 - II,2023-11-01,0.21,2023,11,
MALABRIGO,2023 - II,2023-11-02,0.76,2023,11,0.21
MALABRIGO,2023 - II,2023-11-03,0.09,2023,11,0.76
MALABRIGO,2023 - II,2023-11-04,0.3,2023,11,0.09
MALABRIGO,2023 - II,2023-11-05,0.09,2023,11,0.3
MALABRIGO,2023 - II,2023-11-06,0.0,2023,11,0.09
MALABRIGO,2023 - II,2023-11-08,0.52,2023,11,
MALABRIGO,2023 - II,2023-11-09,0.0,2023,11,0.52
MALABRIGO,2023 - II,2023-11-10,0.34,2023,11,0.0
MALABRIGO,2023 - II,2023-11-11,0.37,2023,11,0.34
MALABRIGO,2023 - II,2023-11-12,0.79,2023,11,0.37
MALABRIGO,2023 - II,2023-11-13,0.53,2023,11,0.79
MALABRIGO,2023 - II,2023-11-14,0.0,2023,11,0.53
MALABRIGO,2023 - II,2023-11-15,0.07,2023,11,0.0
MALABRIGO,2023 - II,2023-11-16,0.0,2023,11,0.07
MALABRIGO,2023 - II,2023-11-18,0.66,2023,11,
MALABRIGO,2023 - II,2023-11-19,0.0,2023,11,0.66
MALABRIGO,2023 - II,2023-11-20,0.45,2023,11,0.0
MALABRIGO,2023 - II,2023-11-21,0.0,2023,11,0.45
MALABRIGO,2023 - II,2023-11-24,0.64,2023,11,
MALABRIGO,2023 - II,2023-11-25,0.21,2023,11,0.64
MALABRIGO,2023 - II,2023-11-26,0.0,2023,11,0.21
MALABRIGO,2023 - II,2023-11-28,0.0,2023,11,
MALABRIGO,2023 - II,2023-12-03,0.0,2023,12,
MALABRIGO,2023 - II,2023-12-04,0.55,2023,12,0.0
MALABRIGO,2024 - I,2024-04-16,0.26,2024,4,
MALABRIGO,2024 - I,2024-04-17,0.0,2024,4,0.26
MALABRIGO,2024 - I,2024-04-18,0.0,2024,4,0.0
MALABRIGO,2024 - I,2024-04-19,0.24,2024,4,0.0
MALABRIGO,2024 - I,2024-04-20,0.27,2024,4,0.24
MALABRIGO,2024 - I,2024-04-21,0.25,2024,4,0.27
MALABRIGO,2024 - I,2024-04-22,0.61,2024,4,0.25
MALABRIGO,2024 - I,2024-04-23,0.25,2024,4,0.61
MALABRIGO,2024 - I,2024-04-24,0.58,2024,4,0.25
MALABRIGO,2024 - I,2024-04-25,0.0,2024,4,0.58
MALABRIGO,2024 - I,2024-04-26,0.0,2024,4,0.0
MALABRIGO,2024 - I,2024-04-27,0.0,2024,4,0.0
MALABRIGO,2024 - I,2024-04-28,0.0,2024,4,0.0
MALABRIGO,2024 - I,2024-04-29,0.12,2024,4,0.0
MALABRIGO,2024 - I,2024-04-30,0.0,2024,4,0.12
MALABRIGO,2024 - I,2024-05-01,0.67,2024,5,0.0
MALABRIGO,2024 - I,2024-05-02,0.08,2024,5,0.67
MALABRIGO,2024 - I,2024-05-03,0.42,2024,5,0.08
MALABRIGO,2024 - I,2024-05-04,0.49,2024,5,0.42
MALABRIGO,2024 - I,2024-05-05,0.75,2024,5,0.49
MALABRIGO,2024 - I,2024-05-06,0.49,2024,5,0.75
MALABRIGO,2024 - I,2024-05-07,0.1,2024,5,0.49
MALABRIGO,2024 - I,2024-05-08,0.24,2024,5,0.1
MALABRIGO,2024 - I,2024-05-09,0.59,2024,5,0.24
MALABRIGO,2024 - I,2024-05-10,0.66,2024,5,0.59
MALABRIGO,2024 - I,2024-05-11,0.65,2024,5,0.66
MALABRIGO,2024 - I,2024-05-12,0.64,2024,5,0.65
MALABRIGO,2024 - I,2024-05-13,0.51,2024,5,0.64
MALABRIGO,2024 - I,2024-05-14,0.41,2024,5,0.51
MALABRIGO,2024 - I,2024-05-15,0.33,2024,5,0.41
MALABRIGO,2024 - I,2024-05-16,0.59,2024,5,0.33
MALABRIGO,2024 - I,2024-05-17,0.61,2024,5,0.59
MALABRIGO,2024 - I,2024-05-18,0.61,2024,5,0.61
MALABRIGO,2024 - I,2024-05-19,0.75,2024,5,0.61
MALABRIGO,2024 - I,2024-05-21,0.85,2024,5,
MALABRIGO,2024 - I,2024-05-22,0.37,2024,5,0.85
MALABRIGO,2024 - I,2024-05-23,0.0,2024,5,0.37
MALABRIGO,2024 - I,2024-05-24,0.55,2024,5,0.0
MALABRIGO,2024 - I,2024-05-25,0.09,2024,5,0.55
MALABRIGO,2024 - I,2024-05-26,0.0,2024,5,0.09
MALABRIGO,2024 - I,2024-05-27,0.63,2024,5,0.0
MALABRIGO,2024 - I,2024-05-28,0.42,2024,5,0.63
MALABRIGO,2024 - I,2024-05-29,0.4,2024,5,0.42
MALABRIGO,2024 - I,2024-05-30,0.16,2024,5,0.4
MALABRIGO,2024 - I,2024-05-31,0.0,2024,5,0.16
MALABRIGO,2024 - I,2024-06-01,0.75,2024,6,0.0
MALABRIGO,2024 - I,2024-06-02,0.95,2024,6,0.75
MALABRIGO,2024 - I,2024-06-03,0.36,2024,6,0.95
MALABRIGO,2024 - II,2024-11-01,1.0,2024,11,
MALABRIGO,2024 - II,2024-11-02,0.61,2024,11,1.0
MALABRIGO,2024 - II,2024-11-03,0.09,2024,11,0.61
MALABRIGO,2024 - II,2024-11-04,0.4,2024,11,0.09
MALABRIGO,2024 - II,2024-11-05,0.83,2024,11,0.4
MALABRIGO,2024 - II,2024-11-06,0.82,2024,11,0.83
MALABRIGO,2024 - II,2024-11-07,0.09,2024,11,0.82
MALABRIGO,2024 - II,2024-11-08,0.41,2024,11,0.09
MALABRIGO,2024 - II,2024-11-09,0.36,2024,11,0.41
MALABRIGO,2024 - II,2024-11-10,0.11,2024,11,0.36
MALABRIGO,2024 - II,2024-11-11,0.96,2024,11,0.11
MALABRIGO,2024 - II,2024-11-12,0.64,2024,11,0.96
MALABRIGO,2024 - II,2024-11-13,0.17,2024,11,0.64
MALABRIGO,2024 - II,2024-11-14,0.53,2024,11,0.17
MALABRIGO,2024 - II,2024-11-15,0.0,2024,11,0.53
MALABRIGO,2024 - II,2024-11-19,0.0,2024,11,
MALABRIGO,2024 - II,2024-11-20,0.0,2024,11,0.0
MALABRIGO,2024 - II,2024-11-21,0.17,2024,11,0.0
MALABRIGO,2024 - II,2024-11-22,0.12,2024,11,0.17
MALABRIGO,2024 - II,2024-11-23,0.8,2024,11,0.12
MALABRIGO,2024 - II,2024-11-24,0.8,2024,11,0.8
MALABRIGO,2024 - II,2024-11-25,0.0,2024,11,0.8
MALABRIGO,2024 - II,2024-11-27,0.94,2024,11,
MALABRIGO,2024 - II,2024-11-28,0.94,2024,11,0.94
MALABRIGO,2024 - II,2024-11-29,0.16,2024,11,0.94
MALABRIGO,2024 - II,2024-11-30,0.45,2024,11,0.16
MALABRIGO,2024 - II,2024-12-01,0.1,2024,12,0.45
MALABRIGO,2024 - II,2024-12-02,0.05,2024,12,0.1
MALABRIGO,2024 - II,2024-12-03,0.12,2024,12,0.05
MALABRIGO,2024 - II,2024-12-04,0.0,2024,12,0.12
MALABRIGO,2024 - II,2024-12-05,0.0,2024,12,0.0
MALABRIGO,2024 - II,2024-12-06,0.0,2024,12,0.0
MALABRIGO,2024 - II,2024-12-07,0.0,2024,12,0.0
MALABRIGO,2024 - II,2024-12-08,0.0,2024,12,0.0
MALABRIGO,2024 - II,2024-12-09,0.0,2024,12,0.0
MALABRIGO,2024 - II,2024-12-10,0.0,2024,12,0.0
MALABRIGO,2024 - II,2024-12-11,0.04,2024,12,0.0
MALABRIGO,2024 - II,2024-12-12,0.07,2024,12,0.04
MALABRIGO,2024 - II,2024-12-13,0.0,2024,12,0.07
MALABRIGO,2024 - II,2024-12-14,0.0,2024,12,0.0
MALABRIGO,2024 - II,2024-12-15,0.39,2024,12,0.0
MALABRIGO,2024 - II,2024-12-16,0.5,2024,12,0.39
MALABRIGO,2024 - II,2024-12-17,0.09,2024,12,0.5
MALABRIGO,2024 - II,2024-12-18,0.47,2024,12,0.09
MALABRIGO,2024 - II,2024-12-19,0.17,2024,12,0.47
MALABRIGO,2024 - II,2024-12-20,0.08,2024,12,0.17
MALABRIGO,2024 - II,2024-12-30,0.0,2024,12,
MALABRIGO,2024 - II,2024-12-31,0.52,2024,12,0.0
MALABRIGO,2024 - II,2025-01-01,0.49,2025,1,0.52
MALABRIGO,2024 - II,2025-01-02,0.28,2025,1,0.49
MALABRIGO,2024 - II,2025-01-03,0.0,2025,1,0.28
MALABRIGO,2024 - II,2025-01-04,0.0,2025,1,0.0
MALABRIGO,2024 - II,2025-01-09,0.18,2025,1,
MALABRIGO,2024 - II,2025-01-10,0.0,2025,1,0.18
MALABRIGO,2024 - II,2025-01-11,0.4,2025,1,0.0
MALABRIGO,2024 - II,2025-01-12,0.23,2025,1,0.4
MALABRIGO,2024 - II,2025-01-13,0.0,2025,1,0.23
MALABRIGO,2024 - II,2025-01-14,0.0,2025,1,0.0
MALABRIGO,2024 - II,2025-01-15,0.57,2025,1,0.0
MALABRIGO,2024 - II,2025-01-16,0.41,2025,1,0.57
MALABRIGO,2024 - II,2025-01-17,0.02,2025,1,0.41
MALABRIGO,2024 - II,2025-01-18,0.0,2025,1,0.02
MALABRIGO,2025 - I,2025-04-23,0.0,2025,4,
MALABRIGO,2025 - I,2025-04-24,0.0,2025,4,0.0
MALABRIGO,2025 - I,2025-04-25,0.07,2025,4,0.0
MALABRIGO,2025 - I,2025-04-26,0.0,2025,4,0.07
MALABRIGO,2025 - I,2025-04-28,0.0,2025,4,
MALABRIGO,2025 - I,2025-04-29,0.47,2025,4,0.0
MALABRIGO,2025 - I,2025-04-30,0.44,2025,4,0.47
MALABRIGO,2025 - I,2025-05-01,0.22,2025,5,0.44
MALABRIGO,2025 - I,2025-05-02,0.0,2025,5,0.22
MALABRIGO,2025 - I,2025-05-03,0.0,2025,5,0.0
MALABRIGO,2025 - I,2025-05-04,0.0,2025,5,0.0
MALABRIGO,2025 - I,2025-05-05,0.0,2025,5,0.0
MALABRIGO,2025 - I,2025-05-06,0.55,2025,5,0.0
MALABRIGO,2025 - I,2025-05-07,0.51,2025,5,0.55
MALABRIGO,2025 - I,2025-05-09,0.27,2025,5,
MALABRIGO,2025 - I,2025-05-11,0.6,2025,5,
MALABRIGO,2025 - I,2025-05-12,0.21,2025,5,0.6
MALABRIGO,2025 - I,2025-05-17,0.0,2025,5,
MALABRIGO,2025 - I,2025-05-18,0.11,2025,5,0.0
MALABRIGO,2025 - I,2025-07-04,0.0,2025,7,
MALABRIGO,2025 - I,2025-07-05,0.0,2025,7,0.0
MALABRIGO,2025 - I,2025-07-06,0.05,2025,7,0.0
MALABRIGO,2025 - I,2025-07-07,0.0,2025,7,0.05
MALABRIGO,2025 - I,2025-07-08,0.18,2025,7,0.0
MALABRIGO,2025 - I,2025-07-09,0.37,2025,7,0.18
MALABRIGO,2025 - I,2025-07-10,0.0,2025,7,0.37
MALABRIGO,2025 - I,2025-07-11,0.32,2025,7,0.0
MALABRIGO,2025 - I,2025-07-12,0.0,2025,7,0.32
MALABRIGO,2025 - I,2025-07-13,0.18,2025,7,0.0
MALABRIGO,2025 - I,2025-07-14,0.18,2025,7,0.18
MALABRIGO,2025 - I,2025-07-15,0.14,2025,7,0.18
MALABRIGO,2025 - I,2025-07-16,0.0,2025,7,0.14
MALABRIGO,2025 - I,2025-07-17,0.0,2025,7,0.0
MALABRIGO,2025 - I,2025-07-18,0.55,2025,7,0.0
MALABRIGO,2025 - I,2025-07-19,0.47,2025,7,0.55
MALABRIGO,2025 - I,2025-07-20,0.06,2025,7,0.47
MALABRIGO,2025 - I,2025-07-21,0.0,2025,7,0.06
MALABRIGO,2025 - I,2025-07-22,0.0,2025,7,0.0
MALABRIGO,2025 - I,2025-07-23,0.05,2025,7,0.0
MALABRIGO,2025 - II,2025-11-07,0.23,2025,11,
MALABRIGO,2025 - II,2025-11-08,0.1,2025,11,0.23
MALABRIGO,2025 - II,2025-11-10,0.07,2025,11,
MALABRIGO,2025 - II,2025-11-11,0.0,2025,11,0.07
MALABRIGO,2025 - II,2025-11-13,0.69,2025,11,
MALABRIGO,2025 - II,2025-11-14,0.56,2025,11,0.69
MALABRIGO,2025 - II,2025-11-15,0.61,2025,11,0.56
MALABRIGO,2025 - II,2025-11-16,0.17,2025,11,0.61
MALABRIGO,2025 - II,2025-11-17,0.33,2025,11,0.17
MALABRIGO,2025 - II,2025-11-18,0.15,2025,11,0.33
MALABRIGO,2025 - II,2025-11-19,0.33,2025,11,0.15
MALABRIGO,2025 - II,2025-11-20,0.56,2025,11,0.33
MALABRIGO,2025 - II,2025-11-21,0.07,2025,11,0.56
MALABRIGO,2025 - II,2025-11-22,0.0,2025,11,0.07
MALABRIGO,2025 - II,2025-11-23,0.3,2025,11,0.0
MALABRIGO,2025 - II,2025-11-24,0.07,2025,11,0.3
MALABRIGO,2025 - II,2025-11-25,0.0,2025,11,0.07
MALABRIGO,2025 - II,2025-11-26,0.17,2025,11,0.0
MALABRIGO,2025 - II,2025-11-27,0.0,2025,11,0.17
MALABRIGO,2025 - II,2025-11-28,0.0,2025,11,0.0
MALABRIGO,2025 - II,2025-11-29,0.0,2025,11,0.0
MALABRIGO,2025 - II,2025-11-30,0.05,2025,11,0.0
MALABRIGO,2025 - II,2025-12-01,0.0,2025,12,0.05
MALABRIGO,2025 - II,2025-12-02,0.0,2025,12,0.0
MALABRIGO,2025 - II,2025-12-04,0.27,2025,12,
MALABRIGO,2025 - II,2025-12-05,0.5,2025,12,0.27
MALABRIGO,2025 - II,2025-12-10,0.48,2025,12,
MALABRIGO,2025 - II,2025-12-11,0.56,2025,12,0.48
MALABRIGO,2025 - II,2025-12-12,0.32,2025,12,0.56
MALABRIGO,2025 - II,2025-12-13,0.67,2025,12,0.32
MALABRIGO,2025 - II,2025-12-14,0.0,2025,12,0.67
MALABRIGO,2025 - II,2025-12-15,0.0,2025,12,0.0
MALABRIGO,2025 - II,2025-12-27,0.59,2025,12,
MALABRIGO,2025 - II,2025-12-28,0.93,2025,12,0.59
MALABRIGO,2025 - II,2025-12-29,0.95,2025,12,0.93
MALABRIGO,2025 - II,2025-12-30,0.76,2025,12,0.95
MALABRIGO,2025 - II,2025-12-31,0.15,2025,12,0.76
MALABRIGO,2025 - II,2026-01-01,0.0,2026,1,0.15
MALABRIGO,2025 - II,2026-01-02,0.02,2026,1,0.0
MALABRIGO,2025 - II,2026-01-03,0.03,2026,1,0.02
MALABRIGO,2025 - II,2026-01-04,0.03,2026,1,0.03
MALABRIGO,2025 - II,2026-01-05,0.43,2026,1,0.03
MALABRIGO,2025 - II,2026-01-06,0.0,2026,1,0.43
MALABRIGO,2025 - II,2026-01-07,0.0,2026,1,0.0
MALABRIGO,2026 - I,2026-04-09,0.0,2026,4,
MALABRIGO,2026 - I,2026-04-10,0.67,2026,4,0.0
MALABRIGO,2026 - I,2026-04-11,0.1,2026,4,0.67
MALABRIGO,2026 - I,2026-04-12,0.17,2026,4,0.1
MALABRIGO,2026 - I,2026-04-13,0.3,2026,4,0.17
MALABRIGO,2026 - I,2026-04-14,0.09,2026,4,0.3
MALABRIGO,2026 - I,2026-04-17,0.03,2026,4,
MALABRIGO,2026 - I,2026-04-18,0.02,2026,4,0.03
MALABRIGO,2026 - I,2026-04-19,0.26,2026,4,0.02
MALABRIGO,2026 - I,2026-04-20,0.07,2026,4,0.26
MALABRIGO,2026 - I,2026-04-21,0.03,2026,4,0.07
MALABRIGO,2026 - I,2026-04-22,0.0,2026,4,0.03
MALABRIGO,2026 - I,2026-04-24,0.0,2026,4,
MALABRIGO,2026 - I,2026-05-07,0.0,2026,5,
MALABRIGO,2026 - I,2026-05-08,0.0,2026,5,0.0
MALABRIGO,2026 - I,2026-05-09,0.0,2026,5,0.0
PISCO SUR,2021 - I,2021-04-26,0.74,2021,4,
PISCO SUR,2021 - I,2021-04-27,0.34,2021,4,0.74
PISCO SUR,2021 - I,2021-04-28,0.39,2021,4,0.34
PISCO SUR,2021 - I,2021-04-29,0.12,2021,4,0.39
PISCO SUR,2021 - I,2021-04-30,0.06,2021,4,0.12
PISCO SUR,2021 - I,2021-05-01,0.0,2021,5,0.06
PISCO SUR,2021 - I,2021-05-02,0.0,2021,5,0.0
PISCO SUR,2021 - I,2021-05-03,0.0,2021,5,0.0
PISCO SUR,2021 - I,2021-05-05,0.0,2021,5,
PISCO SUR,2021 - I,2021-05-06,0.25,2021,5,0.0
PISCO SUR,2021 - I,2021-05-07,0.07,2021,5,0.25
PISCO SUR,2021 - I,2021-05-09,0.32,2021,5,
PISCO SUR,2021 - I,2021-05-10,0.69,2021,5,0.32
PISCO SUR,2021 - I,2021-05-12,0.65,2021,5,
PISCO SUR,2021 - I,2021-05-13,0.72,2021,5,0.65
PISCO SUR,2021 - I,2021-05-14,0.49,2021,5,0.72
PISCO SUR,2021 - I,2021-05-16,0.38,2021,5,
PISCO SUR,2021 - I,2021-05-27,1.0,2021,5,
PISCO SUR,2021 - I,2021-06-05,0.96,2021,6,
PISCO SUR,2021 - I,2021-06-06,0.5,2021,6,0.96
PISCO SUR,2021 - I,2021-06-07,0.53,2021,6,0.5
PISCO SUR,2021 - I,2021-06-08,0.36,2021,6,0.53
PISCO SUR,2021 - I,2021-06-09,0.61,2021,6,0.36
PISCO SUR,2021 - I,2021-06-14,0.93,2021,6,
PISCO SUR,2021 - II,2021-11-15,0.38,2021,11,
PISCO SUR,2021 - II,2021-11-16,0.56,2021,11,0.38
PISCO SUR,2021 - II,2021-11-17,0.46,2021,11,0.56
PISCO SUR,2021 - II,2021-11-18,0.43,2021,11,0.46
PISCO SUR,2021 - II,2021-11-19,0.72,2021,11,0.43
PISCO SUR,2021 - II,2021-11-20,0.18,2021,11,0.72
PISCO SUR,2021 - II,2021-11-21,0.17,2021,11,0.18
PISCO SUR,2021 - II,2021-11-29,0.53,2021,11,
PISCO SUR,2021 - II,2021-11-30,0.63,2021,11,0.53
PISCO SUR,2021 - II,2021-12-06,0.69,2021,12,
PISCO SUR,2021 - II,2021-12-07,0.95,2021,12,0.69
PISCO SUR,2021 - II,2021-12-08,0.29,2021,12,0.95
PISCO SUR,2021 - II,2021-12-09,0.09,2021,12,0.29
PISCO SUR,2021 - II,2021-12-10,0.78,2021,12,0.09
PISCO SUR,2021 - II,2021-12-11,0.11,2021,12,0.78
PISCO SUR,2021 - II,2021-12-12,0.05,2021,12,0.11
PISCO SUR,2021 - II,2021-12-13,0.71,2021,12,0.05
PISCO SUR,2021 - II,2021-12-14,0.96,2021,12,0.71
PISCO SUR,2021 - II,2021-12-15,0.92,2021,12,0.96
PISCO SUR,2021 - II,2021-12-16,0.44,2021,12,0.92
PISCO SUR,2021 - II,2021-12-17,0.77,2021,12,0.44
PISCO SUR,2021 - II,2021-12-18,0.48,2021,12,0.77
PISCO SUR,2021 - II,2021-12-19,0.52,2021,12,0.48
PISCO SUR,2021 - II,2021-12-20,0.13,2021,12,0.52
PISCO SUR,2021 - II,2021-12-21,0.51,2021,12,0.13
PISCO SUR,2021 - II,2021-12-22,0.75,2021,12,0.51
PISCO SUR,2021 - II,2021-12-23,0.32,2021,12,0.75
PISCO SUR,2021 - II,2021-12-25,0.33,2021,12,
PISCO SUR,2021 - II,2021-12-26,0.0,2021,12,0.33
PISCO SUR,2021 - II,2021-12-27,0.08,2021,12,0.0
PISCO SUR,2022 - I,2022-05-04,1.0,2022,5,
PISCO SUR,2022 - I,2022-05-05,0.33,2022,5,1.0
PISCO SUR,2022 - I,2022-05-06,0.62,2022,5,0.33
PISCO SUR,2022 - I,2022-05-07,0.17,2022,5,0.62
PISCO SUR,2022 - I,2022-05-08,0.0,2022,5,0.17
PISCO SUR,2022 - I,2022-05-10,0.67,2022,5,
PISCO SUR,2022 - I,2022-05-11,0.04,2022,5,0.67
PISCO SUR,2022 - I,2022-05-12,0.1,2022,5,0.04
PISCO SUR,2022 - I,2022-05-13,0.23,2022,5,0.1
PISCO SUR,2022 - I,2022-05-14,0.0,2022,5,0.23
PISCO SUR,2022 - I,2022-05-15,0.0,2022,5,0.0
PISCO SUR,2022 - I,2022-05-16,0.28,2022,5,0.0
PISCO SUR,2022 - I,2022-05-17,0.06,2022,5,0.28
PISCO SUR,2022 - I,2022-05-18,0.0,2022,5,0.06
PISCO SUR,2022 - I,2022-05-19,0.0,2022,5,0.0
PISCO SUR,2022 - I,2022-05-20,0.0,2022,5,0.0
PISCO SUR,2022 - I,2022-05-21,0.0,2022,5,0.0
PISCO SUR,2022 - I,2022-05-22,0.0,2022,5,0.0
PISCO SUR,2022 - I,2022-05-23,0.1,2022,5,0.0
PISCO SUR,2022 - I,2022-05-24,0.24,2022,5,0.1
PISCO SUR,2022 - I,2022-05-25,0.02,2022,5,0.24
PISCO SUR,2022 - I,2022-05-26,0.0,2022,5,0.02
PISCO SUR,2022 - I,2022-05-27,0.0,2022,5,0.0
PISCO SUR,2022 - I,2022-05-28,0.0,2022,5,0.0
PISCO SUR,2022 - I,2022-05-29,0.0,2022,5,0.0
PISCO SUR,2022 - I,2022-05-30,0.0,2022,5,0.0
PISCO SUR,2022 - I,2022-05-31,0.0,2022,5,0.0
PISCO SUR,2022 - I,2022-06-01,0.09,2022,6,0.0
PISCO SUR,2022 - I,2022-06-02,0.0,2022,6,0.09
PISCO SUR,2022 - I,2022-06-07,0.12,2022,6,
PISCO SUR,2022 - I,2022-06-08,0.33,2022,6,0.12
PISCO SUR,2022 - II,2022-11-23,0.78,2022,11,
PISCO SUR,2022 - II,2022-11-25,0.54,2022,11,
PISCO SUR,2022 - II,2022-11-26,0.41,2022,11,0.54
PISCO SUR,2022 - II,2022-11-27,0.43,2022,11,0.41
PISCO SUR,2022 - II,2022-11-30,0.21,2022,11,
PISCO SUR,2022 - II,2022-12-07,0.5,2022,12,
PISCO SUR,2022 - II,2022-12-08,0.51,2022,12,0.5
PISCO SUR,2022 - II,2022-12-09,0.0,2022,12,0.51
PISCO SUR,2022 - II,2022-12-12,0.74,2022,12,
PISCO SUR,2022 - II,2022-12-15,0.0,2022,12,
PISCO SUR,2022 - II,2022-12-16,0.23,2022,12,0.0
PISCO SUR,2022 - II,2022-12-17,0.7,2022,12,0.23
PISCO SUR,2022 - II,2022-12-18,0.43,2022,12,0.7
PISCO SUR,2022 - II,2022-12-19,1.0,2022,12,0.43
PISCO SUR,2022 - II,2022-12-20,0.69,2022,12,1.0
PISCO SUR,2022 - II,2023-01-02,0.81,2023,1,
PISCO SUR,2022 - II,2023-01-04,1.0,2023,1,
PISCO SUR,2022 - II,2023-01-05,1.0,2023,1,1.0
PISCO SUR,2022 - II,2023-01-06,0.29,2023,1,1.0
PISCO SUR,2022 - II,2023-01-07,0.06,2023,1,0.29
PISCO SUR,2022 - II,2023-01-08,0.0,2023,1,0.06
PISCO SUR,2022 - II,2023-01-09,0.0,2023,1,0.0
PISCO SUR,2022 - II,2023-01-11,0.29,2023,1,
PISCO SUR,2022 - II,2023-01-12,0.54,2023,1,0.29
PISCO SUR,2022 - II,2023-01-13,0.17,2023,1,0.54
PISCO SUR,2022 - II,2023-01-14,0.0,2023,1,0.17
PISCO SUR,2022 - II,2023-01-15,0.0,2023,1,0.0
PISCO SUR,2022 - II,2023-01-16,0.31,2023,1,0.0
PISCO SUR,2023 - II,2023-11-02,0.25,2023,11,
PISCO SUR,2023 - II,2023-11-04,0.51,2023,11,
PISCO SUR,2023 - II,2023-11-09,0.1,2023,11,
PISCO SUR,2023 - II,2023-11-16,0.0,2023,11,
PISCO SUR,2023 - II,2023-11-22,0.21,2023,11,
PISCO SUR,2023 - II,2023-11-28,0.04,2023,11,
PISCO SUR,2023 - II,2023-11-29,0.0,2023,11,0.04
PISCO SUR,2023 - II,2023-11-30,0.0,2023,11,0.0
PISCO SUR,2023 - II,2023-12-05,0.4,2023,12,
PISCO SUR,2023 - II,2023-12-11,0.12,2023,12,
PISCO SUR,2023 - II,2023-12-12,0.24,2023,12,0.12
PISCO SUR,2023 - II,2023-12-16,0.54,2023,12,
PISCO SUR,2023 - II,2023-12-17,0.28,2023,12,0.54
PISCO SUR,2023 - II,2023-12-18,0.0,2023,12,0.28
PISCO SUR,2023 - II,2023-12-29,0.37,2023,12,
PISCO SUR,2023 - II,2023-12-30,0.67,2023,12,0.37
PISCO SUR,2023 - II,2023-12-31,0.65,2023,12,0.67
PISCO SUR,2023 - II,2024-01-04,0.27,2024,1,
PISCO SUR,2023 - II,2024-01-09,0.0,2024,1,
PISCO SUR,2023 - II,2024-01-10,0.54,2024,1,0.0
PISCO SUR,2023 - II,2024-01-11,0.66,2024,1,0.54
PISCO SUR,2024 - I,2024-04-18,0.39,2024,4,
PISCO SUR,2024 - I,2024-04-19,0.0,2024,4,0.39
PISCO SUR,2024 - I,2024-04-20,0.0,2024,4,0.0
PISCO SUR,2024 - I,2024-04-21,0.29,2024,4,0.0
PISCO SUR,2024 - I,2024-04-22,0.0,2024,4,0.29
PISCO SUR,2024 - I,2024-04-26,0.11,2024,4,
PISCO SUR,2024 - I,2024-04-27,0.0,2024,4,0.11
PISCO SUR,2024 - I,2024-04-28,0.27,2024,4,0.0
PISCO SUR,2024 - I,2024-04-29,0.0,2024,4,0.27
PISCO SUR,2024 - I,2024-04-30,0.0,2024,4,0.0
PISCO SUR,2024 - I,2024-05-01,0.08,2024,5,0.0
PISCO SUR,2024 - I,2024-05-02,0.14,2024,5,0.08
PISCO SUR,2024 - I,2024-05-03,0.0,2024,5,0.14
PISCO SUR,2024 - I,2024-05-04,0.0,2024,5,0.0
PISCO SUR,2024 - I,2024-05-07,0.0,2024,5,
PISCO SUR,2024 - I,2024-05-08,0.0,2024,5,0.0
PISCO SUR,2024 - I,2024-05-09,0.0,2024,5,0.0
PISCO SUR,2024 - I,2024-05-10,0.16,2024,5,0.0
PISCO SUR,2024 - I,2024-05-11,0.0,2024,5,0.16
PISCO SUR,2024 - I,2024-05-16,0.0,2024,5,
PISCO SUR,2024 - I,2024-05-17,0.0,2024,5,0.0
PISCO SUR,2024 - II,2024-11-01,1.0,2024,11,
PISCO SUR,2024 - II,2024-11-02,0.89,2024,11,1.0
PISCO SUR,2024 - II,2024-11-03,0.83,2024,11,0.89
PISCO SUR,2024 - II,2024-11-04,0.61,2024,11,0.83
PISCO SUR,2024 - II,2024-11-12,0.74,2024,11,
PISCO SUR,2024 - II,2024-11-13,0.99,2024,11,0.74
PISCO SUR,2024 - II,2024-11-17,0.4,2024,11,
PISCO SUR,2024 - II,2024-11-20,0.14,2024,11,
PISCO SUR,2024 - II,2024-11-21,0.21,2024,11,0.14
PISCO SUR,2024 - II,2024-11-22,0.86,2024,11,0.21
PISCO SUR,2024 - II,2024-11-23,0.74,2024,11,0.86
PISCO SUR,2024 - II,2024-11-24,0.38,2024,11,0.74
PISCO SUR,2024 - II,2024-11-25,0.96,2024,11,0.38
PISCO SUR,2024 - II,2024-11-27,0.61,2024,11,
PISCO SUR,2024 - II,2024-11-28,0.51,2024,11,0.61
PISCO SUR,2024 - II,2024-11-29,0.68,2024,11,0.51
PISCO SUR,2024 - II,2024-11-30,0.63,2024,11,0.68
PISCO SUR,2024 - II,2024-12-01,0.32,2024,12,0.63
PISCO SUR,2024 - II,2024-12-02,0.24,2024,12,0.32
PISCO SUR,2024 - II,2024-12-03,0.05,2024,12,0.24
PISCO SUR,2024 - II,2024-12-04,0.51,2024,12,0.05
PISCO SUR,2024 - II,2024-12-05,0.53,2024,12,0.51
PISCO SUR,2024 - II,2024-12-06,0.08,2024,12,0.53
PISCO SUR,2024 - II,2024-12-13,0.0,2024,12,
PISCO SUR,2024 - II,2025-01-02,0.67,2025,1,
PISCO SUR,2024 - II,2025-01-03,0.89,2025,1,0.67
PISCO SUR,2024 - II,2025-01-04,0.65,2025,1,0.89
PISCO SUR,2024 - II,2025-01-19,0.06,2025,1,
PISCO SUR,2024 - II,2025-01-20,0.0,2025,1,0.06
PISCO SUR,2024 - II,2025-01-21,0.21,2025,1,0.0
PISCO SUR,2024 - II,2025-01-22,0.0,2025,1,0.21
PISCO SUR,2025 - I,2025-04-22,0.38,2025,4,
PISCO SUR,2025 - I,2025-04-23,0.49,2025,4,0.38
PISCO SUR,2025 - I,2025-04-24,0.69,2025,4,0.49
PISCO SUR,2025 - I,2025-04-25,1.0,2025,4,0.69
PISCO SUR,2025 - I,2025-04-26,0.34,2025,4,1.0
PISCO SUR,2025 - I,2025-04-27,0.13,2025,4,0.34
PISCO SUR,2025 - I,2025-04-28,0.47,2025,4,0.13
PISCO SUR,2025 - I,2025-04-29,0.32,2025,4,0.47
PISCO SUR,2025 - I,2025-04-30,0.19,2025,4,0.32
PISCO SUR,2025 - I,2025-05-01,0.2,2025,5,0.19
PISCO SUR,2025 - I,2025-05-02,0.04,2025,5,0.2
PISCO SUR,2025 - I,2025-05-03,0.0,2025,5,0.04
PISCO SUR,2025 - I,2025-05-04,0.0,2025,5,0.0
PISCO SUR,2025 - I,2025-05-05,0.25,2025,5,0.0
PISCO SUR,2025 - I,2025-05-06,0.12,2025,5,0.25
PISCO SUR,2025 - I,2025-05-07,0.0,2025,5,0.12
PISCO SUR,2025 - I,2025-05-08,0.26,2025,5,0.0
PISCO SUR,2025 - I,2025-05-09,0.16,2025,5,0.26
PISCO SUR,2025 - I,2025-05-10,0.57,2025,5,0.16
PISCO SUR,2025 - I,2025-05-11,0.15,2025,5,0.57
PISCO SUR,2025 - I,2025-05-12,0.1,2025,5,0.15
PISCO SUR,2025 - I,2025-05-13,0.39,2025,5,0.1
PISCO SUR,2025 - I,2025-05-14,0.2,2025,5,0.39
PISCO SUR,2025 - I,2025-05-15,0.0,2025,5,0.2
PISCO SUR,2025 - I,2025-05-16,0.0,2025,5,0.0
PISCO SUR,2025 - I,2025-05-17,0.44,2025,5,0.0
PISCO SUR,2025 - I,2025-05-18,0.0,2025,5,0.44
PISCO SUR,2025 - I,2025-05-19,0.18,2025,5,0.0
PISCO SUR,2025 - I,2025-05-20,0.7,2025,5,0.18
PISCO SUR,2025 - I,2025-05-21,0.04,2025,5,0.7
PISCO SUR,2025 - I,2025-05-22,0.11,2025,5,0.04
PISCO SUR,2025 - I,2025-05-23,0.69,2025,5,0.11
PISCO SUR,2025 - I,2025-05-24,0.09,2025,5,0.69
PISCO SUR,2025 - I,2025-05-25,0.04,2025,5,0.09
PISCO SUR,2025 - I,2025-05-26,0.71,2025,5,0.04
PISCO SUR,2025 - I,2025-05-27,1.0,2025,5,0.71
PISCO SUR,2025 - I,2025-05-28,1.0,2025,5,1.0
PISCO SUR,2025 - I,2025-05-30,0.89,2025,5,
PISCO SUR,2025 - I,2025-05-31,0.79,2025,5,0.89
PISCO SUR,2025 - I,2025-06-01,0.86,2025,6,0.79
PISCO SUR,2025 - I,2025-06-02,0.57,2025,6,0.86
PISCO SUR,2025 - I,2025-06-03,0.98,2025,6,0.57
PISCO SUR,2025 - I,2025-06-04,0.67,2025,6,0.98
PISCO SUR,2025 - I,2025-06-05,0.16,2025,6,0.67
PISCO SUR,2025 - I,2025-06-06,0.53,2025,6,0.16
PISCO SUR,2025 - I,2025-06-07,0.52,2025,6,0.53
PISCO SUR,2025 - I,2025-06-08,0.5,2025,6,0.52
PISCO SUR,2025 - I,2025-06-09,0.28,2025,6,0.5
PISCO SUR,2025 - I,2025-06-10,0.75,2025,6,0.28
PISCO SUR,2025 - I,2025-06-11,0.12,2025,6,0.75
PISCO SUR,2025 - I,2025-06-12,0.18,2025,6,0.12
PISCO SUR,2025 - I,2025-06-13,0.0,2025,6,0.18
PISCO SUR,2025 - I,2025-06-14,0.34,2025,6,0.0
PISCO SUR,2025 - I,2025-06-16,0.0,2025,6,
PISCO SUR,2025 - I,2025-06-17,0.78,2025,6,0.0
PISCO SUR,2025 - I,2025-06-18,0.57,2025,6,0.78
PISCO SUR,2025 - I,2025-06-19,0.71,2025,6,0.57
PISCO SUR,2025 - I,2025-06-20,0.24,2025,6,0.71
PISCO SUR,2025 - I,2025-06-21,0.0,2025,6,0.24
PISCO SUR,2025 - I,2025-06-22,0.59,2025,6,0.0
PISCO SUR,2025 - I,2025-06-23,0.49,2025,6,0.59
PISCO SUR,2025 - I,2025-06-24,0.54,2025,6,0.49
PISCO SUR,2025 - I,2025-06-25,0.03,2025,6,0.54
PISCO SUR,2025 - I,2025-06-26,0.0,2025,6,0.03
PISCO SUR,2025 - I,2025-07-01,0.18,2025,7,
PISCO SUR,2025 - I,2025-07-02,0.0,2025,7,0.18
PISCO SUR,2025 - I,2025-07-03,0.1,2025,7,0.0
PISCO SUR,2025 - I,2025-07-04,0.56,2025,7,0.1
PISCO SUR,2025 - I,2025-07-05,0.47,2025,7,0.56
PISCO SUR,2025 - I,2025-07-06,0.67,2025,7,0.47
PISCO SUR,2025 - I,2025-07-07,0.57,2025,7,0.67
PISCO SUR,2025 - I,2025-07-08,0.81,2025,7,0.57
PISCO SUR,2025 - I,2025-07-09,0.0,2025,7,0.81
PISCO SUR,2025 - I,2025-07-10,0.0,2025,7,0.0
PISCO SUR,2025 - I,2025-07-11,0.0,2025,7,0.0
PISCO SUR,2025 - II,2025-11-07,0.7,2025,11,
PISCO SUR,2025 - II,2025-11-08,0.0,2025,11,0.7
PISCO SUR,2025 - II,2025-11-09,0.08,2025,11,0.0
PISCO SUR,2025 - II,2025-11-10,0.0,2025,11,0.08
PISCO SUR,2025 - II,2025-11-11,0.0,2025,11,0.0
PISCO SUR,2025 - II,2025-11-12,0.0,2025,11,0.0
PISCO SUR,2025 - II,2025-11-13,0.0,2025,11,0.0
PISCO SUR,2025 - II,2025-11-14,0.0,2025,11,0.0
PISCO SUR,2025 - II,2025-12-03,0.0,2025,12,
PISCO SUR,2025 - II,2025-12-04,0.0,2025,12,0.0
PISCO SUR,2025 - II,2025-12-07,0.0,2025,12,
PISCO SUR,2025 - II,2025-12-13,0.0,2025,12,
PISCO SUR,2025 - II,2025-12-14,0.0,2025,12,0.0
PISCO SUR,2025 - II,2025-12-15,0.37,2025,12,0.0
PISCO SUR,2025 - II,2025-12-16,0.63,2025,12,0.37
PISCO SUR,2025 - II,2025-12-17,0.14,2025,12,0.63
PISCO SUR,2025 - II,2025-12-18,0.0,2025,12,0.14
PISCO SUR,2025 - II,2025-12-19,0.0,2025,12,0.0
PISCO SUR,2025 - II,2025-12-20,0.0,2025,12,0.0
PISCO SUR,2025 - II,2025-12-21,0.0,2025,12,0.0
PISCO SUR,2025 - II,2025-12-22,0.0,2025,12,0.0
PISCO SUR,2025 - II,2025-12-27,0.0,2025,12,
PISCO SUR,2025 - II,2025-12-28,0.0,2025,12,0.0
PISCO SUR,2025 - II,2025-12-29,0.0,2025,12,0.0
PISCO SUR,2025 - II,2025-12-30,0.0,2025,12,0.0
PISCO SUR,2026 - I,2026-04-09,0.08,2026,4,
PISCO SUR,2026 - I,2026-04-10,0.0,2026,4,0.08
PISCO SUR,2026 - I,2026-04-11,0.0,2026,4,0.0
PISCO SUR,2026 - I,2026-04-12,0.0,2026,4,0.0
PISCO SUR,2026 - I,2026-04-13,0.0,2026,4,0.0
PISCO SUR,2026 - I,2026-04-14,0.0,2026,4,0.0
PISCO SUR,2026 - I,2026-04-15,0.0,2026,4,0.0
PISCO SUR,2026 - I,2026-04-16,0.0,2026,4,0.0
PISCO SUR,2026 - I,2026-04-17,0.0,2026,4,0.0
PISCO SUR,2026 - I,2026-04-18,0.0,2026,4,0.0
PISCO SUR,2026 - I,2026-04-19,0.2,2026,4,0.0
PISCO SUR,2026 - I,2026-04-22,0.54,2026,4,
PISCO SUR,2026 - I,2026-04-23,0.0,2026,4,0.54
PISCO SUR,2026 - I,2026-04-24,0.6,2026,4,0.0
SAMANCO,2021 - I,2021-04-26,1.0,2021,4,
SAMANCO,2021 - I,2021-04-27,0.69,2021,4,1.0
SAMANCO,2021 - I,2021-04-28,0.65,2021,4,0.69
SAMANCO,2021 - I,2021-04-29,0.13,2021,4,0.65
SAMANCO,2021 - I,2021-05-01,0.65,2021,5,
SAMANCO,2021 - I,2021-05-02,0.09,2021,5,0.65
SAMANCO,2021 - I,2021-05-03,0.6,2021,5,0.09
SAMANCO,2021 - I,2021-05-04,0.43,2021,5,0.6
SAMANCO,2021 - I,2021-05-05,0.6,2021,5,0.43
SAMANCO,2021 - I,2021-05-06,0.11,2021,5,0.6
SAMANCO,2021 - I,2021-05-07,0.29,2021,5,0.11
SAMANCO,2021 - I,2021-05-08,1.0,2021,5,0.29
SAMANCO,2021 - I,2021-05-09,0.54,2021,5,1.0
SAMANCO,2021 - I,2021-05-10,0.21,2021,5,0.54
SAMANCO,2021 - I,2021-05-11,0.01,2021,5,0.21
SAMANCO,2021 - I,2021-05-13,0.83,2021,5,
SAMANCO,2021 - I,2021-05-14,0.06,2021,5,0.83
SAMANCO,2021 - I,2021-05-17,0.41,2021,5,
SAMANCO,2021 - I,2021-05-19,0.02,2021,5,
SAMANCO,2021 - I,2021-05-20,0.58,2021,5,0.02
SAMANCO,2021 - I,2021-05-23,0.16,2021,5,
SAMANCO,2021 - I,2021-05-24,0.0,2021,5,0.16
SAMANCO,2021 - I,2021-05-25,0.74,2021,5,0.0
SAMANCO,2021 - I,2021-05-26,0.39,2021,5,0.74
SAMANCO,2021 - I,2021-05-27,0.5,2021,5,0.39
SAMANCO,2021 - I,2021-05-28,0.66,2021,5,0.5
SAMANCO,2021 - I,2021-05-29,0.54,2021,5,0.66
SAMANCO,2021 - I,2021-05-30,0.51,2021,5,0.54
SAMANCO,2021 - I,2021-06-09,1.0,2021,6,
SAMANCO,2021 - I,2021-06-11,0.78,2021,6,
SAMANCO,2021 - I,2021-06-15,0.28,2021,6,
SAMANCO,2021 - I,2021-06-17,0.56,2021,6,
SAMANCO,2021 - I,2021-06-18,0.41,2021,6,0.56
SAMANCO,2021 - I,2021-06-23,0.17,2021,6,
SAMANCO,2021 - I,2021-06-25,0.14,2021,6,
SAMANCO,2021 - I,2021-06-27,0.33,2021,6,
SAMANCO,2021 - I,2021-06-28,0.41,2021,6,0.33
SAMANCO,2021 - I,2021-06-29,0.45,2021,6,0.41
SAMANCO,2021 - I,2021-06-30,0.61,2021,6,0.45
SAMANCO,2021 - I,2021-07-01,0.43,2021,7,0.61
SAMANCO,2021 - I,2021-07-02,0.67,2021,7,0.43
SAMANCO,2021 - I,2021-07-03,0.52,2021,7,0.67
SAMANCO,2021 - I,2021-07-05,0.89,2021,7,
SAMANCO,2021 - I,2021-07-09,0.0,2021,7,
SAMANCO,2021 - I,2021-07-10,0.91,2021,7,0.0
SAMANCO,2021 - I,2021-07-12,0.0,2021,7,
SAMANCO,2021 - II,2021-11-15,0.67,2021,11,
SAMANCO,2021 - II,2021-11-16,0.0,2021,11,0.67
SAMANCO,2021 - II,2021-11-17,0.21,2021,11,0.0
SAMANCO,2021 - II,2021-11-18,0.24,2021,11,0.21
SAMANCO,2021 - II,2021-11-19,0.19,2021,11,0.24
SAMANCO,2021 - II,2021-11-20,0.19,2021,11,0.19
SAMANCO,2021 - II,2021-11-21,0.47,2021,11,0.19
SAMANCO,2021 - II,2021-11-22,0.22,2021,11,0.47
SAMANCO,2021 - II,2021-11-23,0.0,2021,11,0.22
SAMANCO,2021 - II,2021-11-24,0.12,2021,11,0.0
SAMANCO,2021 - II,2021-11-25,1.0,2021,11,0.12
SAMANCO,2021 - II,2021-11-26,0.27,2021,11,1.0
SAMANCO,2021 - II,2021-11-29,0.14,2021,11,
SAMANCO,2021 - II,2021-11-30,0.0,2021,11,0.14
SAMANCO,2021 - II,2021-12-01,0.26,2021,12,0.0
SAMANCO,2021 - II,2021-12-02,0.16,2021,12,0.26
SAMANCO,2021 - II,2021-12-03,0.0,2021,12,0.16
SAMANCO,2021 - II,2021-12-04,0.61,2021,12,0.0
SAMANCO,2021 - II,2021-12-05,0.31,2021,12,0.61
SAMANCO,2021 - II,2021-12-06,0.94,2021,12,0.31
SAMANCO,2022 - I,2022-05-06,0.28,2022,5,
SAMANCO,2022 - I,2022-05-07,0.42,2022,5,0.28
SAMANCO,2022 - I,2022-05-12,0.0,2022,5,
SAMANCO,2022 - I,2022-05-13,0.06,2022,5,0.0
SAMANCO,2022 - I,2022-05-14,0.28,2022,5,0.06
SAMANCO,2022 - I,2022-05-15,0.0,2022,5,0.28
SAMANCO,2022 - I,2022-05-16,0.08,2022,5,0.0
SAMANCO,2022 - I,2022-05-19,0.2,2022,5,
SAMANCO,2022 - I,2022-05-20,0.41,2022,5,0.2
SAMANCO,2022 - I,2022-05-23,0.0,2022,5,
SAMANCO,2022 - I,2022-05-24,0.14,2022,5,0.0
SAMANCO,2022 - I,2022-05-26,0.17,2022,5,
SAMANCO,2022 - I,2022-05-27,0.54,2022,5,0.17
SAMANCO,2022 - I,2022-05-28,0.39,2022,5,0.54
SAMANCO,2022 - I,2022-05-29,0.48,2022,5,0.39
SAMANCO,2022 - I,2022-05-30,0.48,2022,5,0.48
SAMANCO,2022 - I,2022-05-31,0.0,2022,5,0.48
SAMANCO,2022 - I,2022-06-01,0.23,2022,6,0.0
SAMANCO,2022 - I,2022-06-02,0.21,2022,6,0.23
SAMANCO,2022 - I,2022-06-03,0.78,2022,6,0.21
SAMANCO,2022 - I,2022-06-04,0.91,2022,6,0.78
SAMANCO,2022 - I,2022-06-05,0.64,2022,6,0.91
SAMANCO,2022 - I,2022-06-06,0.55,2022,6,0.64
SAMANCO,2022 - I,2022-06-08,0.86,2022,6,
SAMANCO,2022 - I,2022-06-09,0.94,2022,6,0.86
SAMANCO,2022 - I,2022-06-10,1.0,2022,6,0.94
SAMANCO,2022 - I,2022-06-11,0.87,2022,6,1.0
SAMANCO,2022 - I,2022-06-12,0.82,2022,6,0.87
SAMANCO,2022 - I,2022-06-13,0.93,2022,6,0.82
SAMANCO,2022 - I,2022-06-14,0.11,2022,6,0.93
SAMANCO,2022 - I,2022-06-15,0.1,2022,6,0.11
SAMANCO,2022 - I,2022-06-16,1.0,2022,6,0.1
SAMANCO,2022 - I,2022-06-17,0.39,2022,6,1.0
SAMANCO,2022 - I,2022-06-18,0.06,2022,6,0.39
SAMANCO,2022 - I,2022-06-19,0.35,2022,6,0.06
SAMANCO,2022 - I,2022-06-20,0.91,2022,6,0.35
SAMANCO,2022 - I,2022-06-21,0.36,2022,6,0.91
SAMANCO,2022 - I,2022-06-25,1.0,2022,6,
SAMANCO,2022 - I,2022-07-02,0.22,2022,7,
SAMANCO,2022 - I,2022-07-05,0.76,2022,7,
SAMANCO,2022 - I,2022-07-06,0.95,2022,7,0.76
SAMANCO,2022 - I,2022-07-07,0.93,2022,7,0.95
SAMANCO,2022 - I,2022-07-08,0.82,2022,7,0.93
SAMANCO,2022 - I,2022-07-09,0.6,2022,7,0.82
SAMANCO,2022 - I,2022-07-10,0.7,2022,7,0.6
SAMANCO,2022 - I,2022-07-11,0.92,2022,7,0.7
SAMANCO,2022 - I,2022-07-15,0.0,2022,7,
SAMANCO,2022 - II,2022-11-23,0.96,2022,11,
SAMANCO,2022 - II,2022-11-24,0.78,2022,11,0.96
SAMANCO,2022 - II,2022-11-25,1.0,2022,11,0.78
SAMANCO,2022 - II,2022-11-26,0.82,2022,11,1.0
SAMANCO,2022 - II,2022-11-27,0.62,2022,11,0.82
SAMANCO,2022 - II,2022-11-28,0.09,2022,11,0.62
SAMANCO,2022 - II,2022-11-29,0.65,2022,11,0.09
SAMANCO,2022 - II,2022-11-30,0.8,2022,11,0.65
SAMANCO,2022 - II,2022-12-01,0.43,2022,12,0.8
SAMANCO,2022 - II,2022-12-02,0.0,2022,12,0.43
SAMANCO,2022 - II,2022-12-04,0.87,2022,12,
SAMANCO,2022 - II,2022-12-06,0.11,2022,12,
SAMANCO,2022 - II,2022-12-08,0.59,2022,12,
SAMANCO,2022 - II,2022-12-09,0.75,2022,12,0.59
SAMANCO,2022 - II,2022-12-10,0.98,2022,12,0.75
SAMANCO,2022 - II,2022-12-11,0.64,2022,12,0.98
SAMANCO,2022 - II,2022-12-12,0.24,2022,12,0.64
SAMANCO,2022 - II,2022-12-13,0.85,2022,12,0.24
SAMANCO,2022 - II,2022-12-14,0.42,2022,12,0.85
SAMANCO,2022 - II,2022-12-15,0.43,2022,12,0.42
SAMANCO,2022 - II,2022-12-17,0.33,2022,12,
SAMANCO,2022 - II,2022-12-18,0.32,2022,12,0.33
SAMANCO,2022 - II,2022-12-19,0.43,2022,12,0.32
SAMANCO,2022 - II,2022-12-20,0.44,2022,12,0.43
SAMANCO,2022 - II,2022-12-21,0.0,2022,12,0.44
SAMANCO,2022 - II,2022-12-27,1.0,2022,12,
SAMANCO,2022 - II,2023-01-01,1.0,2023,1,
SAMANCO,2022 - II,2023-01-07,0.0,2023,1,
SAMANCO,2022 - II,2023-01-13,0.37,2023,1,
SAMANCO,2023 - II,2023-10-25,0.34,2023,10,
SAMANCO,2023 - II,2023-10-28,0.69,2023,10,
SAMANCO,2023 - II,2023-10-29,0.02,2023,10,0.69
SAMANCO,2023 - II,2023-10-31,0.46,2023,10,
SAMANCO,2023 - II,2023-11-01,0.84,2023,11,0.46
SAMANCO,2023 - II,2023-11-03,0.53,2023,11,
SAMANCO,2023 - II,2023-11-06,0.23,2023,11,
SAMANCO,2023 - II,2023-11-11,0.0,2023,11,
SAMANCO,2023 - II,2023-11-13,0.61,2023,11,
SAMANCO,2023 - II,2023-11-14,0.23,2023,11,0.61
SAMANCO,2023 - II,2023-11-16,0.0,2023,11,
SAMANCO,2024 - I,2024-04-16,0.0,2024,4,
SAMANCO,2024 - I,2024-04-17,0.0,2024,4,0.0
SAMANCO,2024 - I,2024-04-18,0.0,2024,4,0.0
SAMANCO,2024 - I,2024-04-19,0.16,2024,4,0.0
SAMANCO,2024 - I,2024-04-21,0.1,2024,4,
SAMANCO,2024 - I,2024-04-22,0.41,2024,4,0.1
SAMANCO,2024 - I,2024-04-23,0.22,2024,4,0.41
SAMANCO,2024 - I,2024-04-24,0.0,2024,4,0.22
SAMANCO,2024 - I,2024-04-25,0.0,2024,4,0.0
SAMANCO,2024 - I,2024-04-26,0.0,2024,4,0.0
SAMANCO,2024 - I,2024-04-28,0.05,2024,4,
SAMANCO,2024 - I,2024-04-29,0.06,2024,4,0.05
SAMANCO,2024 - I,2024-05-01,0.34,2024,5,
SAMANCO,2024 - I,2024-05-02,0.24,2024,5,0.34
SAMANCO,2024 - I,2024-05-03,0.0,2024,5,0.24
SAMANCO,2024 - I,2024-05-04,0.35,2024,5,0.0
SAMANCO,2024 - I,2024-05-07,0.2,2024,5,
SAMANCO,2024 - I,2024-05-08,0.17,2024,5,0.2
SAMANCO,2024 - I,2024-05-10,0.28,2024,5,
SAMANCO,2024 - I,2024-05-11,0.5,2024,5,0.28
SAMANCO,2024 - I,2024-05-12,1.0,2024,5,0.5
SAMANCO,2024 - I,2024-05-14,0.55,2024,5,
SAMANCO,2024 - I,2024-05-15,0.92,2024,5,0.55
SAMANCO,2024 - I,2024-05-16,0.5,2024,5,0.92
SAMANCO,2024 - I,2024-05-17,0.0,2024,5,0.5
SAMANCO,2024 - I,2024-05-19,0.75,2024,5,
SAMANCO,2024 - I,2024-05-20,0.11,2024,5,0.75
SAMANCO,2024 - I,2024-05-22,0.31,2024,5,
SAMANCO,2024 - I,2024-05-23,0.54,2024,5,0.31
SAMANCO,2024 - I,2024-05-24,0.25,2024,5,0.54
SAMANCO,2024 - I,2024-05-26,0.41,2024,5,
SAMANCO,2024 - I,2024-05-27,0.14,2024,5,0.41
SAMANCO,2024 - I,2024-05-28,0.73,2024,5,0.14
SAMANCO,2024 - I,2024-05-29,0.32,2024,5,0.73
SAMANCO,2024 - I,2024-05-30,0.07,2024,5,0.32
SAMANCO,2024 - I,2024-05-31,0.09,2024,5,0.07
SAMANCO,2024 - I,2024-06-01,0.54,2024,6,0.09
SAMANCO,2024 - I,2024-06-02,0.51,2024,6,0.54
SAMANCO,2024 - I,2024-06-03,0.43,2024,6,0.51
SAMANCO,2024 - I,2024-06-04,0.56,2024,6,0.43
SAMANCO,2024 - I,2024-06-05,0.34,2024,6,0.56
SAMANCO,2024 - I,2024-06-06,0.5,2024,6,0.34
SAMANCO,2024 - II,2024-11-05,0.26,2024,11,
SAMANCO,2024 - II,2024-11-06,0.0,2024,11,0.26
SAMANCO,2024 - II,2024-11-07,1.0,2024,11,0.0
SAMANCO,2024 - II,2024-11-08,0.62,2024,11,1.0
SAMANCO,2024 - II,2024-11-09,0.21,2024,11,0.62
SAMANCO,2024 - II,2024-11-10,0.49,2024,11,0.21
SAMANCO,2024 - II,2024-11-11,0.46,2024,11,0.49
SAMANCO,2024 - II,2024-11-12,0.87,2024,11,0.46
SAMANCO,2024 - II,2024-11-13,0.31,2024,11,0.87
SAMANCO,2024 - II,2024-11-14,0.52,2024,11,0.31
SAMANCO,2024 - II,2024-11-15,0.44,2024,11,0.52
SAMANCO,2024 - II,2024-11-16,0.48,2024,11,0.44
SAMANCO,2024 - II,2024-11-17,0.41,2024,11,0.48
SAMANCO,2024 - II,2024-11-18,0.47,2024,11,0.41
SAMANCO,2024 - II,2024-11-19,0.4,2024,11,0.47
SAMANCO,2024 - II,2024-11-20,0.34,2024,11,0.4
SAMANCO,2024 - II,2024-11-21,0.67,2024,11,0.34
SAMANCO,2024 - II,2024-11-22,0.07,2024,11,0.67
SAMANCO,2024 - II,2024-11-23,0.36,2024,11,0.07
SAMANCO,2024 - II,2024-11-24,0.0,2024,11,0.36
SAMANCO,2024 - II,2024-11-25,0.9,2024,11,0.0
SAMANCO,2024 - II,2024-11-26,0.6,2024,11,0.9
SAMANCO,2024 - II,2024-11-27,0.24,2024,11,0.6
SAMANCO,2024 - II,2024-12-03,0.08,2024,12,
SAMANCO,2024 - II,2024-12-04,0.0,2024,12,0.08
SAMANCO,2024 - II,2024-12-07,1.0,2024,12,
SAMANCO,2024 - II,2024-12-08,0.32,2024,12,1.0
SAMANCO,2024 - II,2024-12-09,0.79,2024,12,0.32
SAMANCO,2024 - II,2024-12-12,0.1,2024,12,
SAMANCO,2024 - II,2024-12-13,0.07,2024,12,0.1
SAMANCO,2024 - II,2024-12-14,0.16,2024,12,0.07
SAMANCO,2024 - II,2024-12-16,0.25,2024,12,
SAMANCO,2024 - II,2024-12-17,0.56,2024,12,0.25
SAMANCO,2024 - II,2024-12-19,0.0,2024,12,
SAMANCO,2024 - II,2024-12-20,0.04,2024,12,0.0
SAMANCO,2024 - II,2024-12-21,0.37,2024,12,0.04
SAMANCO,2024 - II,2024-12-22,0.1,2024,12,0.37
SAMANCO,2024 - II,2024-12-23,0.33,2024,12,0.1
SAMANCO,2024 - II,2024-12-26,0.45,2024,12,
SAMANCO,2024 - II,2024-12-27,0.31,2024,12,0.45
SAMANCO,2024 - II,2024-12-30,0.45,2024,12,
SAMANCO,2024 - II,2025-01-01,0.0,2025,1,
SAMANCO,2024 - II,2025-01-02,0.0,2025,1,0.0
SAMANCO,2024 - II,2025-01-03,0.0,2025,1,0.0
SAMANCO,2024 - II,2025-01-05,0.0,2025,1,
SAMANCO,2024 - II,2025-01-06,0.27,2025,1,0.0
SAMANCO,2024 - II,2025-01-07,0.04,2025,1,0.27
SAMANCO,2024 - II,2025-01-08,0.0,2025,1,0.04
SAMANCO,2024 - II,2025-01-09,0.09,2025,1,0.0
SAMANCO,2024 - II,2025-01-11,0.16,2025,1,
SAMANCO,2024 - II,2025-01-12,0.28,2025,1,0.16
SAMANCO,2024 - II,2025-01-13,0.39,2025,1,0.28
SAMANCO,2025 - I,2025-04-23,0.42,2025,4,
SAMANCO,2025 - I,2025-04-24,0.01,2025,4,0.42
SAMANCO,2025 - I,2025-04-25,0.0,2025,4,0.01
SAMANCO,2025 - I,2025-04-27,0.73,2025,4,
SAMANCO,2025 - I,2025-04-28,0.0,2025,4,0.73
SAMANCO,2025 - I,2025-04-29,0.28,2025,4,0.0
SAMANCO,2025 - I,2025-04-30,0.0,2025,4,0.28
SAMANCO,2025 - I,2025-05-01,0.4,2025,5,0.0
SAMANCO,2025 - I,2025-05-02,0.41,2025,5,0.4
SAMANCO,2025 - I,2025-05-03,0.33,2025,5,0.41
SAMANCO,2025 - I,2025-05-04,0.0,2025,5,0.33
SAMANCO,2025 - I,2025-05-05,0.04,2025,5,0.0
SAMANCO,2025 - I,2025-05-06,0.0,2025,5,0.04
SAMANCO,2025 - I,2025-05-07,0.0,2025,5,0.0
SAMANCO,2025 - I,2025-05-09,0.28,2025,5,
SAMANCO,2025 - I,2025-05-10,0.17,2025,5,0.28
SAMANCO,2025 - I,2025-05-11,0.58,2025,5,0.17
SAMANCO,2025 - I,2025-05-12,0.16,2025,5,0.58
SAMANCO,2025 - I,2025-05-13,0.0,2025,5,0.16
SAMANCO,2025 - I,2025-05-14,0.3,2025,5,0.0
SAMANCO,2025 - I,2025-05-15,0.0,2025,5,0.3
SAMANCO,2025 - I,2025-05-17,0.31,2025,5,
SAMANCO,2025 - I,2025-05-18,0.0,2025,5,0.31
SAMANCO,2025 - I,2025-05-19,0.28,2025,5,0.0
SAMANCO,2025 - I,2025-05-20,0.59,2025,5,0.28
SAMANCO,2025 - I,2025-05-24,0.48,2025,5,
SAMANCO,2025 - I,2025-05-27,0.29,2025,5,
SAMANCO,2025 - I,2025-05-30,0.21,2025,5,
SAMANCO,2025 - I,2025-05-31,0.0,2025,5,0.21
SAMANCO,2025 - I,2025-06-01,0.0,2025,6,0.0
SAMANCO,2025 - I,2025-06-02,0.0,2025,6,0.0
SAMANCO,2025 - I,2025-06-03,0.0,2025,6,0.0
SAMANCO,2025 - I,2025-06-24,0.0,2025,6,
SAMANCO,2025 - I,2025-06-25,0.0,2025,6,0.0
SUPE,2021 - I,2021-04-30,0.45,2021,4,
SUPE,2021 - I,2021-05-01,0.6,2021,5,0.45
SUPE,2021 - I,2021-05-03,0.73,2021,5,
SUPE,2021 - I,2021-05-04,0.12,2021,5,0.73
SUPE,2021 - I,2021-05-05,0.23,2021,5,0.12
SUPE,2021 - I,2021-05-06,0.34,2021,5,0.23
SUPE,2021 - I,2021-05-07,0.36,2021,5,0.34
SUPE,2021 - I,2021-05-08,0.68,2021,5,0.36
SUPE,2021 - I,2021-05-09,0.23,2021,5,0.68
SUPE,2021 - I,2021-05-10,0.42,2021,5,0.23
SUPE,2021 - I,2021-05-11,0.33,2021,5,0.42
SUPE,2021 - I,2021-05-14,0.8,2021,5,
SUPE,2021 - I,2021-05-23,1.0,2021,5,
SUPE,2021 - I,2021-05-24,0.87,2021,5,1.0
SUPE,2021 - I,2021-05-25,1.0,2021,5,0.87
SUPE,2021 - I,2021-05-30,0.68,2021,5,
SUPE,2021 - I,2021-06-03,1.0,2021,6,
SUPE,2021 - I,2021-06-04,1.0,2021,6,1.0
SUPE,2021 - II,2021-11-15,0.88,2021,11,
SUPE,2021 - II,2021-11-16,0.79,2021,11,0.88
SUPE,2021 - II,2021-11-17,1.0,2021,11,0.79
SUPE,2021 - II,2021-11-18,0.83,2021,11,1.0
SUPE,2021 - II,2021-11-19,0.61,2021,11,0.83
SUPE,2021 - II,2021-11-20,0.93,2021,11,0.61
SUPE,2021 - II,2021-11-21,1.0,2021,11,0.93
SUPE,2021 - II,2021-11-22,0.93,2021,11,1.0
SUPE,2021 - II,2021-11-23,0.65,2021,11,0.93
SUPE,2021 - II,2021-11-24,0.84,2021,11,0.65
SUPE,2021 - II,2021-11-25,0.89,2021,11,0.84
SUPE,2021 - II,2021-11-26,0.35,2021,11,0.89
SUPE,2021 - II,2021-11-27,0.63,2021,11,0.35
SUPE,2021 - II,2021-11-28,0.69,2021,11,0.63
SUPE,2021 - II,2021-11-29,0.96,2021,11,0.69
SUPE,2021 - II,2021-12-01,0.48,2021,12,
SUPE,2021 - II,2021-12-02,0.75,2021,12,0.48
SUPE,2021 - II,2021-12-03,0.9,2021,12,0.75
SUPE,2021 - II,2021-12-04,0.67,2021,12,0.9
SUPE,2021 - II,2021-12-05,1.0,2021,12,0.67
SUPE,2021 - II,2021-12-06,0.67,2021,12,1.0
SUPE,2021 - II,2021-12-07,0.65,2021,12,0.67
SUPE,2021 - II,2021-12-08,1.0,2021,12,0.65
SUPE,2021 - II,2021-12-09,1.0,2021,12,1.0
SUPE,2021 - II,2021-12-10,1.0,2021,12,1.0
SUPE,2021 - II,2021-12-11,1.0,2021,12,1.0
SUPE,2021 - II,2021-12-12,1.0,2021,12,1.0
SUPE,2021 - II,2021-12-13,1.0,2021,12,1.0
SUPE,2021 - II,2021-12-15,1.0,2021,12,
SUPE,2021 - II,2021-12-16,0.27,2021,12,1.0
SUPE,2021 - II,2021-12-17,0.36,2021,12,0.27
SUPE,2022 - I,2022-05-05,0.38,2022,5,
SUPE,2022 - I,2022-05-06,0.57,2022,5,0.38
SUPE,2022 - I,2022-05-07,0.63,2022,5,0.57
SUPE,2022 - I,2022-05-08,0.58,2022,5,0.63
SUPE,2022 - I,2022-05-11,0.66,2022,5,
SUPE,2022 - I,2022-05-12,0.57,2022,5,0.66
SUPE,2022 - I,2022-05-13,0.14,2022,5,0.57
SUPE,2022 - I,2022-05-14,0.24,2022,5,0.14
SUPE,2022 - I,2022-05-16,0.3,2022,5,
SUPE,2022 - I,2022-05-17,0.0,2022,5,0.3
SUPE,2022 - I,2022-05-19,0.09,2022,5,
SUPE,2022 - I,2022-05-21,0.21,2022,5,
SUPE,2022 - I,2022-05-22,0.0,2022,5,0.21
SUPE,2022 - I,2022-05-23,0.0,2022,5,0.0
SUPE,2022 - I,2022-05-24,0.0,2022,5,0.0
SUPE,2022 - I,2022-05-26,0.14,2022,5,
SUPE,2022 - I,2022-05-27,0.86,2022,5,0.14
SUPE,2022 - I,2022-05-28,0.26,2022,5,0.86
SUPE,2022 - I,2022-05-29,1.0,2022,5,0.26
SUPE,2022 - I,2022-05-30,0.57,2022,5,1.0
SUPE,2022 - I,2022-05-31,0.2,2022,5,0.57
SUPE,2022 - I,2022-06-01,0.93,2022,6,0.2
SUPE,2022 - I,2022-06-02,0.66,2022,6,0.93
SUPE,2022 - I,2022-06-03,0.35,2022,6,0.66
SUPE,2022 - I,2022-06-09,0.47,2022,6,
SUPE,2022 - I,2022-06-10,1.0,2022,6,0.47
SUPE,2022 - I,2022-06-11,1.0,2022,6,1.0
SUPE,2022 - I,2022-06-12,0.67,2022,6,1.0
SUPE,2022 - I,2022-06-13,0.98,2022,6,0.67
SUPE,2022 - I,2022-06-15,0.67,2022,6,
SUPE,2022 - I,2022-06-16,0.96,2022,6,0.67
SUPE,2022 - I,2022-06-17,0.25,2022,6,0.96
SUPE,2022 - I,2022-06-18,0.72,2022,6,0.25
SUPE,2022 - I,2022-06-19,0.45,2022,6,0.72
SUPE,2022 - I,2022-06-20,0.5,2022,6,0.45
SUPE,2022 - I,2022-06-21,0.75,2022,6,0.5
SUPE,2022 - I,2022-06-22,0.79,2022,6,0.75
SUPE,2022 - I,2022-07-02,0.78,2022,7,
SUPE,2022 - I,2022-07-03,0.94,2022,7,0.78
SUPE,2022 - I,2022-07-05,1.0,2022,7,
SUPE,2022 - I,2022-07-06,1.0,2022,7,1.0
SUPE,2022 - I,2022-07-07,0.69,2022,7,1.0
SUPE,2022 - I,2022-07-09,1.0,2022,7,
SUPE,2022 - I,2022-07-11,0.78,2022,7,
SUPE,2022 - II,2022-11-23,0.64,2022,11,
SUPE,2022 - II,2022-11-26,1.0,2022,11,
SUPE,2022 - II,2022-11-28,1.0,2022,11,
SUPE,2022 - II,2022-11-30,0.45,2022,11,
SUPE,2022 - II,2022-12-04,0.22,2022,12,
SUPE,2022 - II,2022-12-05,0.94,2022,12,0.22
SUPE,2022 - II,2022-12-06,0.78,2022,12,0.94
SUPE,2022 - II,2022-12-08,0.69,2022,12,
SUPE,2022 - II,2022-12-09,1.0,2022,12,0.69
SUPE,2022 - II,2022-12-10,1.0,2022,12,1.0
SUPE,2022 - II,2022-12-12,0.48,2022,12,
SUPE,2022 - II,2022-12-14,0.39,2022,12,
SUPE,2022 - II,2022-12-15,0.1,2022,12,0.39
SUPE,2022 - II,2022-12-16,0.05,2022,12,0.1
SUPE,2022 - II,2022-12-17,0.28,2022,12,0.05
SUPE,2022 - II,2022-12-18,0.24,2022,12,0.28
SUPE,2022 - II,2022-12-19,0.86,2022,12,0.24
SUPE,2022 - II,2022-12-20,0.3,2022,12,0.86
SUPE,2022 - II,2022-12-21,0.0,2022,12,0.3
SUPE,2022 - II,2022-12-22,0.0,2022,12,0.0
SUPE,2022 - II,2022-12-27,1.0,2022,12,
SUPE,2022 - II,2022-12-29,0.81,2022,12,
SUPE,2022 - II,2022-12-30,0.69,2022,12,0.81
SUPE,2022 - II,2023-01-02,0.48,2023,1,
SUPE,2022 - II,2023-01-14,0.0,2023,1,
SUPE,2023 - II,2023-10-21,0.28,2023,10,
SUPE,2023 - II,2023-10-22,0.16,2023,10,0.28
SUPE,2023 - II,2023-10-25,1.0,2023,10,
SUPE,2023 - II,2023-10-26,1.0,2023,10,1.0
SUPE,2023 - II,2023-10-31,0.54,2023,10,
SUPE,2023 - II,2023-11-01,0.8,2023,11,0.54
SUPE,2023 - II,2023-11-02,0.88,2023,11,0.8
SUPE,2023 - II,2023-11-03,0.42,2023,11,0.88
SUPE,2023 - II,2023-11-05,0.17,2023,11,
SUPE,2023 - II,2023-11-06,0.42,2023,11,0.17
SUPE,2023 - II,2023-11-07,0.3,2023,11,0.42
SUPE,2023 - II,2023-11-08,0.41,2023,11,0.3
SUPE,2023 - II,2023-11-09,0.0,2023,11,0.41
SUPE,2023 - II,2023-11-11,0.3,2023,11,
SUPE,2023 - II,2023-11-12,0.0,2023,11,0.3
SUPE,2023 - II,2023-11-13,0.32,2023,11,0.0
SUPE,2023 - II,2023-11-14,0.85,2023,11,0.32
SUPE,2023 - II,2023-11-15,1.0,2023,11,0.85
SUPE,2023 - II,2023-11-21,0.85,2023,11,
SUPE,2023 - II,2023-11-22,1.0,2023,11,0.85
SUPE,2023 - II,2023-11-23,0.28,2023,11,1.0
SUPE,2023 - II,2023-11-28,1.0,2023,11,
SUPE,2023 - II,2023-11-30,1.0,2023,11,
SUPE,2023 - II,2023-12-01,0.65,2023,12,1.0
SUPE,2024 - I,2024-04-17,0.0,2024,4,
SUPE,2024 - I,2024-04-19,0.0,2024,4,
SUPE,2024 - I,2024-04-24,0.25,2024,4,
SUPE,2024 - I,2024-04-25,0.37,2024,4,0.25
SUPE,2024 - I,2024-04-27,0.59,2024,4,
SUPE,2024 - I,2024-04-28,1.0,2024,4,0.59
SUPE,2024 - I,2024-04-29,0.42,2024,4,1.0
SUPE,2024 - I,2024-04-30,1.0,2024,4,0.42
SUPE,2024 - I,2024-05-01,0.4,2024,5,1.0
SUPE,2024 - I,2024-05-02,0.37,2024,5,0.4
SUPE,2024 - I,2024-05-03,0.0,2024,5,0.37
SUPE,2024 - I,2024-05-04,0.0,2024,5,0.0
SUPE,2024 - I,2024-05-05,0.55,2024,5,0.0
SUPE,2024 - I,2024-05-06,0.0,2024,5,0.55
SUPE,2024 - I,2024-05-07,0.27,2024,5,0.0
SUPE,2024 - I,2024-05-08,0.52,2024,5,0.27
SUPE,2024 - I,2024-05-09,0.0,2024,5,0.52
SUPE,2024 - I,2024-05-10,0.39,2024,5,0.0
SUPE,2024 - I,2024-05-11,0.62,2024,5,0.39
SUPE,2024 - I,2024-05-12,0.0,2024,5,0.62
SUPE,2024 - I,2024-05-14,0.73,2024,5,
SUPE,2024 - I,2024-05-15,0.94,2024,5,0.73
SUPE,2024 - I,2024-05-19,0.99,2024,5,
SUPE,2024 - I,2024-05-20,0.59,2024,5,0.99
SUPE,2024 - I,2024-05-21,0.37,2024,5,0.59
SUPE,2024 - I,2024-05-22,0.84,2024,5,0.37
SUPE,2024 - I,2024-05-23,0.41,2024,5,0.84
SUPE,2024 - I,2024-05-24,0.96,2024,5,0.41
SUPE,2024 - I,2024-05-25,0.64,2024,5,0.96
SUPE,2024 - I,2024-05-26,0.18,2024,5,0.64
SUPE,2024 - I,2024-05-27,0.0,2024,5,0.18
SUPE,2024 - I,2024-05-28,0.81,2024,5,0.0
SUPE,2024 - I,2024-05-29,1.0,2024,5,0.81
SUPE,2024 - I,2024-05-30,0.95,2024,5,1.0
SUPE,2024 - I,2024-05-31,0.22,2024,5,0.95
SUPE,2024 - I,2024-06-04,0.73,2024,6,
SUPE,2024 - II,2024-11-01,1.0,2024,11,
SUPE,2024 - II,2024-11-02,1.0,2024,11,1.0
SUPE,2024 - II,2024-11-03,1.0,2024,11,1.0
SUPE,2024 - II,2024-11-04,1.0,2024,11,1.0
SUPE,2024 - II,2024-11-05,0.86,2024,11,1.0
SUPE,2024 - II,2024-11-08,0.98,2024,11,
SUPE,2024 - II,2024-11-10,0.63,2024,11,
SUPE,2024 - II,2024-11-11,0.71,2024,11,0.63
SUPE,2024 - II,2024-11-12,0.65,2024,11,0.71
SUPE,2024 - II,2024-11-13,0.77,2024,11,0.65
SUPE,2024 - II,2024-11-14,0.33,2024,11,0.77
SUPE,2024 - II,2024-11-15,0.48,2024,11,0.33
SUPE,2024 - II,2024-11-16,0.0,2024,11,0.48
SUPE,2024 - II,2024-11-17,0.0,2024,11,0.0
SUPE,2024 - II,2024-11-23,0.66,2024,11,
SUPE,2024 - II,2024-11-24,0.96,2024,11,0.66
SUPE,2024 - II,2024-12-09,0.32,2024,12,
SUPE,2024 - II,2024-12-13,0.44,2024,12,
SUPE,2024 - II,2024-12-15,0.64,2024,12,
SUPE,2024 - II,2024-12-17,1.0,2024,12,
SUPE,2024 - II,2024-12-18,1.0,2024,12,1.0
SUPE,2024 - II,2024-12-23,0.89,2024,12,
SUPE,2024 - II,2024-12-27,0.73,2024,12,
SUPE,2024 - II,2024-12-30,0.59,2024,12,
SUPE,2024 - II,2024-12-31,0.11,2024,12,0.59
SUPE,2024 - II,2025-01-05,1.0,2025,1,
SUPE,2024 - II,2025-01-06,0.47,2025,1,1.0
SUPE,2024 - II,2025-01-07,0.69,2025,1,0.47
SUPE,2024 - II,2025-01-08,0.8,2025,1,0.69
SUPE,2024 - II,2025-01-09,1.0,2025,1,0.8
SUPE,2024 - II,2025-01-10,0.56,2025,1,1.0
SUPE,2024 - II,2025-01-11,1.0,2025,1,0.56
SUPE,2024 - II,2025-01-12,0.7,2025,1,1.0
SUPE,2024 - II,2025-01-13,0.51,2025,1,0.7
SUPE,2024 - II,2025-01-14,0.0,2025,1,0.51
SUPE,2024 - II,2025-01-15,0.0,2025,1,0.0
SUPE,2024 - II,2025-01-16,0.55,2025,1,0.0
SUPE,2024 - II,2025-01-17,0.73,2025,1,0.55
SUPE,2025 - I,2025-04-22,0.21,2025,4,
SUPE,2025 - I,2025-04-23,0.31,2025,4,0.21
SUPE,2025 - I,2025-04-24,0.49,2025,4,0.31
SUPE,2025 - I,2025-04-25,0.0,2025,4,0.49
SUPE,2025 - I,2025-04-26,0.0,2025,4,0.0
SUPE,2025 - I,2025-04-27,0.71,2025,4,0.0
SUPE,2025 - I,2025-04-28,0.0,2025,4,0.71
SUPE,2025 - I,2025-04-29,0.12,2025,4,0.0
SUPE,2025 - I,2025-04-30,0.35,2025,4,0.12
SUPE,2025 - I,2025-05-01,0.0,2025,5,0.35
SUPE,2025 - I,2025-05-02,0.23,2025,5,0.0
SUPE,2025 - I,2025-05-03,0.0,2025,5,0.23
SUPE,2025 - I,2025-05-04,0.0,2025,5,0.0
SUPE,2025 - I,2025-05-05,0.09,2025,5,0.0
SUPE,2025 - I,2025-05-06,0.43,2025,5,0.09
SUPE,2025 - I,2025-05-07,0.32,2025,5,0.43
SUPE,2025 - I,2025-05-09,0.29,2025,5,
SUPE,2025 - I,2025-05-10,0.33,2025,5,0.29
SUPE,2025 - I,2025-05-11,0.62,2025,5,0.33
SUPE,2025 - I,2025-05-12,0.48,2025,5,0.62
SUPE,2025 - I,2025-05-13,0.37,2025,5,0.48
SUPE,2025 - I,2025-05-14,0.38,2025,5,0.37
SUPE,2025 - I,2025-05-15,0.01,2025,5,0.38
SUPE,2025 - I,2025-05-16,0.7,2025,5,0.01
SUPE,2025 - I,2025-05-17,0.47,2025,5,0.7
SUPE,2025 - I,2025-05-18,0.47,2025,5,0.47
SUPE,2025 - I,2025-05-19,0.27,2025,5,0.47
SUPE,2025 - I,2025-05-20,0.0,2025,5,0.27
SUPE,2025 - I,2025-05-21,0.16,2025,5,0.0
SUPE,2025 - I,2025-05-22,0.93,2025,5,0.16
SUPE,2025 - I,2025-05-23,0.15,2025,5,0.93
SUPE,2025 - I,2025-05-27,0.0,2025,5,
SUPE,2025 - I,2025-05-28,0.0,2025,5,0.0
SUPE,2025 - I,2025-06-03,0.0,2025,6,
SUPE,2025 - I,2025-06-04,0.0,2025,6,0.0
SUPE,2025 - I,2025-06-05,0.13,2025,6,0.0
SUPE,2025 - I,2025-06-09,0.0,2025,6,
SUPE,2025 - I,2025-06-10,0.0,2025,6,0.0
SUPE,2025 - I,2025-06-16,0.0,2025,6,
SUPE,2025 - I,2025-06-17,0.92,2025,6,0.0
SUPE,2025 - I,2025-06-18,0.89,2025,6,0.92
SUPE,2025 - I,2025-06-19,0.69,2025,6,0.89
SUPE,2025 - I,2025-07-10,0.0,2025,7,
SUPE,2025 - II,2025-11-14,1.0,2025,11,
SUPE,2026 - I,2026-04-10,1.0,2026,4,
SUPE,2026 - I,2026-04-11,1.0,2026,4,1.0
SUPE,2026 - I,2026-04-12,0.29,2026,4,1.0
SUPE,2026 - I,2026-04-13,0.0,2026,4,0.29
SUPE,2026 - I,2026-04-21,0.02,2026,4,
SUPE,2026 - I,2026-04-22,0.37,2026,4,0.02
SUPE,2026 - I,2026-04-23,0.08,2026,4,0.37
SUPE,2026 - I,2026-04-24,0.0,2026,4,0.08
VEGUETA,2021 - I,2021-04-30,0.57,2021,4,
VEGUETA,2021 - I,2021-05-01,0.71,2021,5,0.57
VEGUETA,2021 - I,2021-05-02,0.64,2021,5,0.71
VEGUETA,2021 - I,2021-05-03,0.82,2021,5,0.64
VEGUETA,2021 - I,2021-05-04,0.55,2021,5,0.82
VEGUETA,2021 - I,2021-05-05,0.53,2021,5,0.55
VEGUETA,2021 - I,2021-05-06,0.74,2021,5,0.53
VEGUETA,2021 - I,2021-05-07,0.63,2021,5,0.74
VEGUETA,2021 - I,2021-05-08,0.54,2021,5,0.63
VEGUETA,2021 - I,2021-05-09,0.36,2021,5,0.54
VEGUETA,2021 - I,2021-05-10,0.34,2021,5,0.36
VEGUETA,2021 - I,2021-05-11,0.68,2021,5,0.34
VEGUETA,2021 - I,2021-05-12,0.66,2021,5,0.68
VEGUETA,2021 - I,2021-05-13,0.86,2021,5,0.66
VEGUETA,2021 - I,2021-05-14,0.69,2021,5,0.86
VEGUETA,2021 - I,2021-05-15,0.92,2021,5,0.69
VEGUETA,2021 - I,2021-05-16,0.78,2021,5,0.92
VEGUETA,2021 - I,2021-05-18,0.57,2021,5,
VEGUETA,2021 - I,2021-05-22,1.0,2021,5,
VEGUETA,2021 - I,2021-05-23,0.9,2021,5,1.0
VEGUETA,2021 - I,2021-05-24,0.66,2021,5,0.9
VEGUETA,2021 - I,2021-05-28,0.99,2021,5,
VEGUETA,2021 - I,2021-05-29,1.0,2021,5,0.99
VEGUETA,2021 - I,2021-05-30,0.83,2021,5,1.0
VEGUETA,2021 - I,2021-06-03,0.39,2021,6,
VEGUETA,2021 - I,2021-06-04,0.6,2021,6,0.39
VEGUETA,2021 - I,2021-06-05,1.0,2021,6,0.6
VEGUETA,2021 - I,2021-06-06,0.68,2021,6,1.0
VEGUETA,2021 - I,2021-06-07,1.0,2021,6,0.68
VEGUETA,2021 - I,2021-06-09,1.0,2021,6,
VEGUETA,2021 - I,2021-06-10,1.0,2021,6,1.0
VEGUETA,2021 - I,2021-06-16,1.0,2021,6,
VEGUETA,2021 - I,2021-06-17,0.91,2021,6,1.0
VEGUETA,2021 - I,2021-06-18,0.31,2021,6,0.91
VEGUETA,2021 - I,2021-06-23,0.45,2021,6,
VEGUETA,2021 - I,2021-07-03,0.35,2021,7,
VEGUETA,2021 - I,2021-07-05,0.87,2021,7,
VEGUETA,2021 - II,2021-11-15,0.0,2021,11,
VEGUETA,2021 - II,2021-11-17,0.76,2021,11,
VEGUETA,2021 - II,2021-11-18,1.0,2021,11,0.76
VEGUETA,2021 - II,2021-11-19,0.51,2021,11,1.0
VEGUETA,2021 - II,2021-11-20,0.71,2021,11,0.51
VEGUETA,2021 - II,2021-11-21,0.97,2021,11,0.71
VEGUETA,2021 - II,2021-11-22,0.83,2021,11,0.97
VEGUETA,2021 - II,2021-11-23,0.38,2021,11,0.83
VEGUETA,2021 - II,2021-11-24,0.78,2021,11,0.38
VEGUETA,2021 - II,2021-11-25,0.84,2021,11,0.78
VEGUETA,2021 - II,2021-11-26,0.2,2021,11,0.84
VEGUETA,2021 - II,2021-11-27,0.6,2021,11,0.2
VEGUETA,2021 - II,2021-11-28,0.52,2021,11,0.6
VEGUETA,2021 - II,2021-11-29,0.42,2021,11,0.52
VEGUETA,2021 - II,2021-11-30,0.0,2021,11,0.42
VEGUETA,2021 - II,2021-12-01,0.23,2021,12,0.0
VEGUETA,2021 - II,2021-12-02,0.28,2021,12,0.23
VEGUETA,2021 - II,2021-12-03,0.22,2021,12,0.28
VEGUETA,2021 - II,2021-12-04,0.79,2021,12,0.22
VEGUETA,2021 - II,2021-12-05,1.0,2021,12,0.79
VEGUETA,2021 - II,2021-12-06,0.7,2021,12,1.0
VEGUETA,2021 - II,2021-12-07,0.84,2021,12,0.7
VEGUETA,2021 - II,2021-12-08,0.91,2021,12,0.84
VEGUETA,2021 - II,2021-12-09,1.0,2021,12,0.91
VEGUETA,2021 - II,2021-12-10,0.8,2021,12,1.0
VEGUETA,2021 - II,2021-12-11,1.0,2021,12,0.8
VEGUETA,2021 - II,2021-12-12,1.0,2021,12,1.0
VEGUETA,2021 - II,2021-12-13,1.0,2021,12,1.0
VEGUETA,2021 - II,2021-12-14,0.82,2021,12,1.0
VEGUETA,2021 - II,2021-12-15,0.83,2021,12,0.82
VEGUETA,2021 - II,2021-12-16,0.33,2021,12,0.83
VEGUETA,2021 - II,2021-12-17,0.72,2021,12,0.33
VEGUETA,2021 - II,2021-12-18,0.53,2021,12,0.72
VEGUETA,2021 - II,2021-12-19,0.71,2021,12,0.53
VEGUETA,2021 - II,2021-12-20,0.72,2021,12,0.71
VEGUETA,2022 - I,2022-05-04,0.06,2022,5,
VEGUETA,2022 - I,2022-05-05,0.18,2022,5,0.06
VEGUETA,2022 - I,2022-05-06,0.0,2022,5,0.18
VEGUETA,2022 - I,2022-05-07,0.0,2022,5,0.0
VEGUETA,2022 - I,2022-05-08,0.24,2022,5,0.0
VEGUETA,2022 - I,2022-05-10,0.91,2022,5,
VEGUETA,2022 - I,2022-05-11,0.52,2022,5,0.91
VEGUETA,2022 - I,2022-05-12,0.0,2022,5,0.52
VEGUETA,2022 - I,2022-05-13,0.12,2022,5,0.0
VEGUETA,2022 - I,2022-05-14,0.0,2022,5,0.12
VEGUETA,2022 - I,2022-05-16,0.46,2022,5,
VEGUETA,2022 - I,2022-05-18,0.21,2022,5,
VEGUETA,2022 - I,2022-05-19,0.17,2022,5,0.21
VEGUETA,2022 - I,2022-05-21,0.08,2022,5,
VEGUETA,2022 - I,2022-05-22,0.2,2022,5,0.08
VEGUETA,2022 - I,2022-05-23,0.0,2022,5,0.2
VEGUETA,2022 - I,2022-05-24,0.87,2022,5,0.0
VEGUETA,2022 - I,2022-05-26,0.5,2022,5,
VEGUETA,2022 - I,2022-05-28,0.6,2022,5,
VEGUETA,2022 - I,2022-05-29,0.63,2022,5,0.6
VEGUETA,2022 - I,2022-05-30,0.94,2022,5,0.63
VEGUETA,2022 - I,2022-05-31,0.58,2022,5,0.94
VEGUETA,2022 - I,2022-06-01,0.69,2022,6,0.58
VEGUETA,2022 - I,2022-06-02,0.67,2022,6,0.69
VEGUETA,2022 - I,2022-06-03,0.65,2022,6,0.67
VEGUETA,2022 - I,2022-06-10,1.0,2022,6,
VEGUETA,2022 - I,2022-06-11,0.85,2022,6,1.0
VEGUETA,2022 - I,2022-06-12,0.78,2022,6,0.85
VEGUETA,2022 - I,2022-06-13,0.87,2022,6,0.78
VEGUETA,2022 - I,2022-06-15,0.93,2022,6,
VEGUETA,2022 - I,2022-06-16,0.47,2022,6,0.93
VEGUETA,2022 - I,2022-06-18,0.73,2022,6,
VEGUETA,2022 - I,2022-06-19,0.15,2022,6,0.73
VEGUETA,2022 - I,2022-06-20,0.74,2022,6,0.15
VEGUETA,2022 - I,2022-06-21,0.37,2022,6,0.74
VEGUETA,2022 - I,2022-06-22,0.76,2022,6,0.37
VEGUETA,2022 - I,2022-07-02,0.6,2022,7,
VEGUETA,2022 - I,2022-07-03,0.94,2022,7,0.6
VEGUETA,2022 - I,2022-07-05,0.77,2022,7,
VEGUETA,2022 - I,2022-07-06,0.93,2022,7,0.77
VEGUETA,2022 - I,2022-07-07,0.43,2022,7,0.93
VEGUETA,2022 - I,2022-07-11,0.25,2022,7,
VEGUETA,2022 - I,2022-07-12,0.0,2022,7,0.25
VEGUETA,2022 - I,2022-07-13,0.19,2022,7,0.0
VEGUETA,2022 - I,2022-07-14,0.68,2022,7,0.19
VEGUETA,2022 - I,2022-07-23,0.24,2022,7,
VEGUETA,2022 - II,2022-11-23,1.0,2022,11,
VEGUETA,2022 - II,2022-11-24,1.0,2022,11,1.0
VEGUETA,2022 - II,2022-11-27,0.43,2022,11,
VEGUETA,2022 - II,2022-11-28,0.85,2022,11,0.43
VEGUETA,2022 - II,2022-11-30,0.98,2022,11,
VEGUETA,2022 - II,2022-12-01,0.88,2022,12,0.98
VEGUETA,2022 - II,2022-12-02,0.73,2022,12,0.88
VEGUETA,2022 - II,2022-12-04,0.48,2022,12,
VEGUETA,2022 - II,2022-12-07,0.38,2022,12,
VEGUETA,2022 - II,2022-12-08,0.0,2022,12,0.38
VEGUETA,2022 - II,2022-12-09,0.42,2022,12,0.0
VEGUETA,2022 - II,2022-12-10,1.0,2022,12,0.42
VEGUETA,2022 - II,2022-12-11,0.88,2022,12,1.0
VEGUETA,2022 - II,2022-12-12,0.5,2022,12,0.88
VEGUETA,2022 - II,2022-12-13,1.0,2022,12,0.5
VEGUETA,2022 - II,2022-12-14,0.42,2022,12,1.0
VEGUETA,2022 - II,2022-12-15,0.21,2022,12,0.42
VEGUETA,2022 - II,2022-12-16,0.0,2022,12,0.21
VEGUETA,2022 - II,2022-12-18,0.27,2022,12,
VEGUETA,2022 - II,2022-12-19,0.0,2022,12,0.27
VEGUETA,2022 - II,2022-12-20,0.39,2022,12,0.0
VEGUETA,2022 - II,2022-12-21,0.4,2022,12,0.39
VEGUETA,2022 - II,2022-12-29,0.83,2022,12,
VEGUETA,2022 - II,2022-12-30,0.73,2022,12,0.83
VEGUETA,2022 - II,2023-01-03,0.95,2023,1,
VEGUETA,2022 - II,2023-01-04,0.0,2023,1,0.95
VEGUETA,2022 - II,2023-01-07,0.59,2023,1,
VEGUETA,2022 - II,2023-01-10,0.0,2023,1,
VEGUETA,2022 - II,2023-01-14,0.56,2023,1,
VEGUETA,2023 - I,2023-08-07,0.4,2023,8,
VEGUETA,2023 - I,2023-08-08,0.35,2023,8,0.4
VEGUETA,2023 - I,2023-08-09,0.0,2023,8,0.35
VEGUETA,2023 - I,2023-08-10,0.16,2023,8,0.0
VEGUETA,2023 - II,2023-10-21,0.32,2023,10,
VEGUETA,2023 - II,2023-10-22,0.0,2023,10,0.32
VEGUETA,2023 - II,2023-10-23,0.16,2023,10,0.0
VEGUETA,2023 - II,2023-10-24,0.72,2023,10,0.16
VEGUETA,2023 - II,2023-10-25,0.59,2023,10,0.72
VEGUETA,2023 - II,2023-10-26,0.55,2023,10,0.59
VEGUETA,2023 - II,2023-10-27,0.0,2023,10,0.55
VEGUETA,2023 - II,2023-10-28,0.8,2023,10,0.0
VEGUETA,2023 - II,2023-10-31,0.55,2023,10,
VEGUETA,2023 - II,2023-11-01,0.05,2023,11,0.55
VEGUETA,2023 - II,2023-11-02,0.08,2023,11,0.05
VEGUETA,2023 - II,2023-11-03,0.0,2023,11,0.08
VEGUETA,2023 - II,2023-11-04,0.0,2023,11,0.0
VEGUETA,2023 - II,2023-11-05,0.15,2023,11,0.0
VEGUETA,2023 - II,2023-11-06,0.14,2023,11,0.15
VEGUETA,2023 - II,2023-11-07,0.17,2023,11,0.14
VEGUETA,2023 - II,2023-11-08,0.12,2023,11,0.17
VEGUETA,2023 - II,2023-11-09,0.0,2023,11,0.12
VEGUETA,2023 - II,2023-11-10,0.11,2023,11,0.0
VEGUETA,2023 - II,2023-11-12,0.41,2023,11,
VEGUETA,2023 - II,2023-11-13,0.05,2023,11,0.41
VEGUETA,2023 - II,2023-11-19,1.0,2023,11,
VEGUETA,2023 - II,2023-11-20,1.0,2023,11,1.0
VEGUETA,2023 - II,2023-11-21,0.64,2023,11,1.0
VEGUETA,2023 - II,2023-11-22,0.55,2023,11,0.64
VEGUETA,2023 - II,2023-11-23,0.85,2023,11,0.55
VEGUETA,2023 - II,2023-11-26,0.8,2023,11,
VEGUETA,2023 - II,2023-12-03,1.0,2023,12,
VEGUETA,2023 - II,2023-12-07,1.0,2023,12,
VEGUETA,2023 - II,2023-12-08,0.97,2023,12,1.0
VEGUETA,2023 - II,2023-12-09,1.0,2023,12,0.97
VEGUETA,2023 - II,2023-12-10,1.0,2023,12,1.0
VEGUETA,2023 - II,2023-12-11,0.92,2023,12,1.0
VEGUETA,2024 - I,2024-04-16,0.48,2024,4,
VEGUETA,2024 - I,2024-04-17,0.11,2024,4,0.48
VEGUETA,2024 - I,2024-04-18,0.12,2024,4,0.11
VEGUETA,2024 - I,2024-04-19,0.35,2024,4,0.12
VEGUETA,2024 - I,2024-04-20,0.0,2024,4,0.35
VEGUETA,2024 - I,2024-04-21,0.06,2024,4,0.0
VEGUETA,2024 - I,2024-04-22,0.1,2024,4,0.06
VEGUETA,2024 - I,2024-04-25,0.82,2024,4,
VEGUETA,2024 - I,2024-04-26,0.42,2024,4,0.82
VEGUETA,2024 - I,2024-04-27,0.33,2024,4,0.42
VEGUETA,2024 - I,2024-04-28,0.95,2024,4,0.33
VEGUETA,2024 - I,2024-04-29,0.74,2024,4,0.95
VEGUETA,2024 - I,2024-04-30,0.54,2024,4,0.74
VEGUETA,2024 - I,2024-05-01,0.17,2024,5,0.54
VEGUETA,2024 - I,2024-05-02,0.5,2024,5,0.17
VEGUETA,2024 - I,2024-05-03,0.0,2024,5,0.5
VEGUETA,2024 - I,2024-05-04,0.0,2024,5,0.0
VEGUETA,2024 - I,2024-05-05,0.07,2024,5,0.0
VEGUETA,2024 - I,2024-05-06,0.0,2024,5,0.07
VEGUETA,2024 - I,2024-05-07,0.47,2024,5,0.0
VEGUETA,2024 - I,2024-05-08,0.17,2024,5,0.47
VEGUETA,2024 - I,2024-05-09,0.19,2024,5,0.17
VEGUETA,2024 - I,2024-05-10,0.25,2024,5,0.19
VEGUETA,2024 - I,2024-05-11,0.0,2024,5,0.25
VEGUETA,2024 - I,2024-05-12,0.3,2024,5,0.0
VEGUETA,2024 - I,2024-05-13,0.64,2024,5,0.3
VEGUETA,2024 - I,2024-05-14,0.42,2024,5,0.64
VEGUETA,2024 - I,2024-05-15,0.78,2024,5,0.42
VEGUETA,2024 - I,2024-05-16,0.57,2024,5,0.78
VEGUETA,2024 - I,2024-05-17,0.59,2024,5,0.57
VEGUETA,2024 - I,2024-05-18,1.0,2024,5,0.59
VEGUETA,2024 - I,2024-05-19,0.94,2024,5,1.0
VEGUETA,2024 - I,2024-05-20,1.0,2024,5,0.94
VEGUETA,2024 - I,2024-05-21,0.91,2024,5,1.0
VEGUETA,2024 - I,2024-05-22,0.9,2024,5,0.91
VEGUETA,2024 - I,2024-05-23,0.71,2024,5,0.9
VEGUETA,2024 - I,2024-05-24,0.84,2024,5,0.71
VEGUETA,2024 - I,2024-05-25,0.79,2024,5,0.84
VEGUETA,2024 - I,2024-05-26,0.11,2024,5,0.79
VEGUETA,2024 - I,2024-05-27,0.34,2024,5,0.11
VEGUETA,2024 - I,2024-05-28,0.93,2024,5,0.34
VEGUETA,2024 - II,2024-11-01,0.58,2024,11,
VEGUETA,2024 - II,2024-11-02,0.63,2024,11,0.58
VEGUETA,2024 - II,2024-11-03,0.81,2024,11,0.63
VEGUETA,2024 - II,2024-11-04,0.56,2024,11,0.81
VEGUETA,2024 - II,2024-11-05,0.89,2024,11,0.56
VEGUETA,2024 - II,2024-11-08,0.77,2024,11,
VEGUETA,2024 - II,2024-11-09,1.0,2024,11,0.77
VEGUETA,2024 - II,2024-11-11,0.71,2024,11,
VEGUETA,2024 - II,2024-11-12,0.81,2024,11,0.71
VEGUETA,2024 - II,2024-11-13,0.83,2024,11,0.81
VEGUETA,2024 - II,2024-11-14,0.7,2024,11,0.83
VEGUETA,2024 - II,2024-11-15,0.05,2024,11,0.7
VEGUETA,2024 - II,2024-11-16,0.0,2024,11,0.05
VEGUETA,2024 - II,2024-11-17,0.91,2024,11,0.0
VEGUETA,2024 - II,2024-11-18,0.44,2024,11,0.91
VEGUETA,2024 - II,2024-11-19,0.65,2024,11,0.44
VEGUETA,2024 - II,2024-11-20,0.73,2024,11,0.65
VEGUETA,2024 - II,2024-11-21,0.19,2024,11,0.73
VEGUETA,2024 - II,2024-11-22,0.22,2024,11,0.19
VEGUETA,2024 - II,2024-11-23,0.76,2024,11,0.22
VEGUETA,2024 - II,2024-11-24,0.67,2024,11,0.76
VEGUETA,2024 - II,2024-11-25,0.0,2024,11,0.67
VEGUETA,2024 - II,2024-11-28,0.0,2024,11,
VEGUETA,2024 - II,2024-11-29,0.27,2024,11,0.0
VEGUETA,2024 - II,2024-12-03,0.52,2024,12,
VEGUETA,2024 - II,2024-12-04,0.61,2024,12,0.52
VEGUETA,2024 - II,2024-12-13,0.16,2024,12,
VEGUETA,2024 - II,2024-12-14,0.0,2024,12,0.16
VEGUETA,2024 - II,2024-12-15,0.18,2024,12,0.0
VEGUETA,2025 - I,2025-04-22,0.02,2025,4,
VEGUETA,2025 - I,2025-04-23,0.0,2025,4,0.02
VEGUETA,2025 - I,2025-04-24,0.0,2025,4,0.0
VEGUETA,2025 - I,2025-04-25,0.21,2025,4,0.0
VEGUETA,2025 - I,2025-04-27,0.13,2025,4,
VEGUETA,2025 - I,2025-04-28,0.0,2025,4,0.13
VEGUETA,2025 - I,2025-04-29,0.13,2025,4,0.0
VEGUETA,2025 - I,2025-04-30,0.23,2025,4,0.13
VEGUETA,2025 - I,2025-05-01,0.0,2025,5,0.23
VEGUETA,2025 - I,2025-05-02,0.53,2025,5,0.0
VEGUETA,2025 - I,2025-05-03,0.06,2025,5,0.53
VEGUETA,2025 - I,2025-05-04,0.0,2025,5,0.06
VEGUETA,2025 - I,2025-05-05,0.0,2025,5,0.0
VEGUETA,2025 - I,2025-05-06,0.16,2025,5,0.0
VEGUETA,2025 - I,2025-05-07,0.0,2025,5,0.16
VEGUETA,2025 - I,2025-05-08,0.0,2025,5,0.0
VEGUETA,2025 - I,2025-05-09,0.05,2025,5,0.0
VEGUETA,2025 - I,2025-05-10,0.59,2025,5,0.05
VEGUETA,2025 - I,2025-05-11,0.41,2025,5,0.59
VEGUETA,2025 - I,2025-05-12,0.37,2025,5,0.41
VEGUETA,2025 - I,2025-05-13,0.0,2025,5,0.37
VEGUETA,2025 - I,2025-05-14,0.36,2025,5,0.0
VEGUETA,2025 - I,2025-05-16,0.58,2025,5,
VEGUETA,2025 - I,2025-05-17,0.09,2025,5,0.58
VEGUETA,2025 - I,2025-05-18,0.1,2025,5,0.09
VEGUETA,2025 - I,2025-05-19,0.34,2025,5,0.1
VEGUETA,2025 - I,2025-05-20,0.32,2025,5,0.34
VEGUETA,2025 - I,2025-05-21,0.53,2025,5,0.32
VEGUETA,2025 - I,2025-05-30,0.1,2025,5,
VEGUETA,2025 - I,2025-05-31,0.0,2025,5,0.1
VEGUETA,2025 - I,2025-06-02,0.37,2025,6,
VEGUETA,2025 - I,2025-06-03,0.46,2025,6,0.37
VEGUETA,2025 - I,2025-06-04,0.32,2025,6,0.46
VEGUETA,2025 - I,2025-06-05,0.11,2025,6,0.32
VEGUETA,2025 - I,2025-06-11,0.0,2025,6,
VEGUETA,2025 - I,2025-06-12,0.0,2025,6,0.0
VEGUETA,2025 - I,2025-06-20,0.0,2025,6,
VEGUETA,2025 - I,2025-06-21,0.0,2025,6,0.0
VEGUETA,2025 - I,2025-06-22,0.0,2025,6,0.0
VEGUETA,2025 - I,2025-06-23,0.0,2025,6,0.0
VEGUETA,2025 - I,2025-06-24,0.0,2025,6,0.0
VEGUETA,2025 - I,2025-06-25,0.0,2025,6,0.0
VEGUETA,2025 - I,2025-06-26,0.0,2025,6,0.0
VEGUETA,2025 - I,2025-07-02,0.0,2025,7,
VEGUETA,2025 - II,2025-11-11,0.0,2025,11,
VEGUETA,2025 - II,2025-11-14,0.0,2025,11,
VEGUETA,2025 - II,2025-11-19,0.0,2025,11,
VEGUETA,2025 - II,2025-11-20,0.02,2025,11,0.0
VEGUETA,2025 - II,2025-11-23,0.91,2025,11,
VEGUETA,2025 - II,2025-11-24,0.22,2025,11,0.91
VEGUETA,2025 - II,2025-11-25,0.14,2025,11,0.22
VEGUETA,2025 - II,2025-11-26,0.39,2025,11,0.14
VEGUETA,2025 - II,2025-11-27,0.0,2025,11,0.39
VEGUETA,2025 - II,2025-11-28,0.17,2025,11,0.0
VEGUETA,2025 - II,2025-11-29,0.26,2025,11,0.17
VEGUETA,2025 - II,2025-11-30,0.1,2025,11,0.26
VEGUETA,2025 - II,2025-12-01,0.37,2025,12,0.1
VEGUETA,2025 - II,2025-12-02,1.0,2025,12,0.37
VEGUETA,2025 - II,2025-12-04,0.54,2025,12,
VEGUETA,2025 - II,2025-12-05,0.28,2025,12,0.54
VEGUETA,2025 - II,2025-12-06,0.16,2025,12,0.28
VEGUETA,2025 - II,2025-12-07,0.42,2025,12,0.16
VEGUETA,2025 - II,2025-12-08,0.44,2025,12,0.42
VEGUETA,2025 - II,2025-12-09,0.0,2025,12,0.44
VEGUETA,2025 - II,2025-12-10,0.87,2025,12,0.0
VEGUETA,2025 - II,2025-12-11,0.31,2025,12,0.87
VEGUETA,2025 - II,2025-12-16,1.0,2025,12,
VEGUETA,2025 - II,2025-12-19,0.3,2025,12,
VEGUETA,2025 - II,2025-12-20,0.7,2025,12,0.3
VEGUETA,2025 - II,2025-12-21,1.0,2025,12,0.7
VEGUETA,2025 - II,2025-12-27,1.0,2025,12,
VEGUETA,2025 - II,2025-12-28,0.81,2025,12,1.0
VEGUETA,2025 - II,2026-01-10,0.56,2026,1,
VEGUETA,2026 - I,2026-04-09,0.03,2026,4,
VEGUETA,2026 - I,2026-04-10,0.3,2026,4,0.03
VEGUETA,2026 - I,2026-04-11,0.38,2026,4,0.3
VEGUETA,2026 - I,2026-04-12,0.83,2026,4,0.38
VEGUETA,2026 - I,2026-04-13,0.0,2026,4,0.83
VEGUETA,2026 - I,2026-04-14,0.24,2026,4,0.0
VEGUETA,2026 - I,2026-04-17,0.0,2026,4,
VEGUETA,2026 - I,2026-04-18,0.0,2026,4,0.0
VEGUETA,2026 - I,2026-04-19,0.0,2026,4,0.0
VEGUETA,2026 - I,2026-04-20,0.2,2026,4,0.0
VEGUETA,2026 - I,2026-04-21,0.15,2026,4,0.2
VEGUETA,2026 - I,2026-04-22,0.32,2026,4,0.15
VEGUETA,2026 - I,2026-04-23,0.0,2026,4,0.32
VEGUETA,2026 - I,2026-04-24,0.19,2026,4,0.0
VEGUETA,2026 - I,2026-05-07,0.0,2026,5,
